method_name,method_class,c/r,#q<0.1,#q<0.5,100bias,100log-l,75RMS,Edyrs15,Edyrs20,EdyrsA,Fdyrs15,Fdyrs20,Mdyrs15,Mdyrs20,RMSyrsA,avg_unc.(1se),bias,bias50,e100bias,e100log-l,e75RMS,eEdyrs15,eEdyrs20,eEdyrsA,eFdyrs15,eFdyrs20,eMdyrs15,eMdyrs20,eRMSyrsA,ebias50,el15,el20,l15,l20,log-likeli,ncEdyrs,nceEdyrs,q_min,q_small5,smooth_r,tlog-l,RMS,100RMS,e100RMS
GWI_anthro_AR6,43/3_Human_Induced,c,0.3,11.1,-1.640506135128568e-05,144.1432150210719,0.04626279369908204,1.9983333334836153,-1.0,2.0771230160111624,1.9983333334836153,-1.0,1.9983333334836153,-1.0,4.587567118288721,0.04772975774090696,0.0030185800891254122,0.023029860753200553,-1.6405061351305942e-05,138.61705419262003,0.04429845522853424,2.50833333348306,-1.0,1.9518055556944054,2.50833333348306,-1.0,2.50833333348306,-1.0,3.486250000039876,0.023029860753200522,6.451314959025987,0.0,6.374510497365461,0.0,1.6144938134865874,5.82,5.92,0.6074678905152584,0.6473692489440759,1.1519,227.6436277016088,0.04741664646349321,0.047964379441998606,0.05033738933163735
GWI_tot_AR6,43/3_Human_Induced,c,3.96,17.56,-3.007110915141994e-06,150.36573369265852,0.043126645939075184,1.9283333334836608,-1.0,1.3725833334729944,1.9283333334836608,-1.0,1.9283333334836608,-1.0,3.842969368404969,0.04604512209357203,0.001652543606001394,0.021486171154486446,-3.0071109151601217e-06,131.18394314685594,0.04646444063130326,2.438333333483106,-1.0,1.4051388890282306,2.438333333483106,-1.0,2.438333333483106,-1.0,3.622916666694952,0.021486171154486425,6.332114816296764,0.0,6.843523606842638,0.0,1.426472587598948,5.86,5.92,0.23321467808337362,0.35672022659684655,1.2498399999999998,201.13263485145166,0.050583192652299026,0.04417979875425345,0.05365984686559562
GWI_anthro_SR15,43/3_Human_Induced,c,2.04,13.94,1.6383165336973786e-05,146.66983381692364,0.04069594160921707,2.068333333483506,-1.0,1.8492777779094274,2.068333333483506,-1.0,2.068333333483506,-1.0,7.16020861360009,0.0544367800116543,0.0042763693304440605,-0.012238887772835523,1.6383165336955748e-05,142.08328797712124,0.03796225153035588,2.5783333334829512,-1.0,1.898333333464615,2.5783333334829512,-1.0,2.5783333334829512,-1.0,4.2677777777930705,-0.012238887772835544,6.363365151740681,0.0,6.4953327134826235,0.0,1.5094339116613011,5.6,5.66,0.5121982650073429,0.5776849909518276,1.4594,212.83018154424346,0.05254822869277646,0.046180106331372796,0.04968077424184838
GWI_anthro,43/3_Human_Induced,c,1.78,15.74,-9.649354844101787e-06,146.12022430022387,0.040575637373406276,2.466666666816509,-1.0,1.9235555556871387,2.466666666816509,-1.0,2.466666666816509,-1.0,7.165760077896839,0.05521176886382023,0.006815913690478063,-0.012220956228413581,-9.64935484411053e-06,142.23855975457712,0.03752586041631479,2.9766666668159543,-1.0,1.9661111112423322,2.9766666668159543,-1.0,2.9766666668159543,-1.0,4.337777777793014,-0.01222095622841361,6.3050485121553335,0.0,6.36453929818585,0.0,1.4742790067121105,5.58,5.66,0.4730439668888994,0.5647077680907832,1.53844,207.87333994640758,0.05459397403796593,0.04672028348287318,0.050076921857329405
GWI_anthro_CGWL,43/3_Human_Induced,c,2.02,18.96,-9.677676801123497e-06,143.9841835625837,0.04115859196537849,2.9200000001494253,-1.0,2.095615079497466,2.871666666816136,-1.0,2.9683333334827147,-1.0,7.328707364813117,0.056685792638325495,0.009676148723477796,-0.015379231977529653,-9.677676801126411e-06,140.47663806905518,0.03805857794686475,3.4516666668129345,-1.0,2.2262500001291166,3.2033333334796454,-1.0,3.300000000146224,-1.0,4.42069444446444,-0.015379231977529682,6.125205832453482,0.0,6.196973134407926,0.0,1.4210763812536775,5.728,5.667999999999999,0.46720285984750276,0.5518641964939286,1.6811,200.37176975676851,0.058629479628587985,0.048370803493902235,0.051622200286237103
GWI_tot,43/3_Human_Induced,c,3.2,15.44,-2.076428234856105e-06,145.70011528323036,0.03923281288559091,3.2391666668158314,-1.0,1.8266746033062125,3.0616666668159906,-1.0,3.3050000001491027,-1.0,7.1910055364930585,0.05447993433302103,0.0003378757962004241,-0.017578383872058016,-2.076428234880339e-06,127.86122772461238,0.042782404360422924,3.7116666668127256,-1.0,1.9056944445743245,3.39166666681283,-1.0,3.553333333479354,-1.0,4.444861111137298,-0.017578383872058033,5.855216269463827,0.0,6.331715364048044,0.0,1.3714772490951659,5.896,5.892,0.05888349078620515,0.39433781219666697,2.56286,193.37829212241843,0.06046949462053789,0.04790538345279571,0.057548544364023416
GWI_tot_SR15,43/3_Human_Induced,c,2.46,13.74,-1.6696453963776539e-06,146.85083088650958,0.03907491824797374,3.1702777779270175,-1.0,1.7769960318767728,2.9766666668160813,-1.0,3.303333333482451,-1.0,7.665390706545476,0.05315354004371292,-0.0030400898715051057,-0.0183151226926722,-1.6696453963961806e-06,127.94591877211343,0.04281946481728083,3.587500000146183,-1.0,1.8505555556845557,3.3050000001462605,-1.0,3.470000000146106,-1.0,4.74166666669163,-0.018315122692672218,6.048045289635039,0.0,6.500833299386218,0.0,1.4401623262165826,5.837999999999999,5.792000000000001,0.36210787064115324,0.453241181154622,1.65822,203.06288799653817,0.053696793317621706,0.047131719095767376,0.05704457294571451
GWI_tot_CGWL,43/3_Human_Induced,c,0.42,8.84,-2.4054707586641104e-06,146.8207749095469,0.03886442025078422,3.2425000001491115,-1.0,1.7010992064828896,3.1400000001492026,-1.0,3.275000000149084,-1.0,7.211931757437492,0.055331642402295295,0.00503096212308475,-0.017852556922988382,-2.405470758674172e-06,129.34268311409306,0.042378003640562004,3.7525000001485567,-1.0,1.7933333334632762,3.6500000001486477,-1.0,3.855000000148466,-1.0,4.592500000025996,-0.0178525569229884,6.024494073086886,0.0,6.44007223570251,0.0,1.5447841562304483,5.972,5.892,0.6687368730904908,0.7087179728580842,1.72474,217.8145660284932,0.05132027481933877,0.04687597441785662,0.05669696646441935
EBMKF_ta4,43/2_Kalman,c,0.0,0.0,0.016897242059552932,144.4216028252342,0.03918706576568036,-1.2888333331800907,-1.0,-0.742766666522909,-2.8916666665119557,-1.0,-0.7566666665139019,-1.0,2.460949123095223,0.08000883769014439,-0.004350624572626646,0.020233321234365338,0.016897242059552935,126.62728984293764,0.0558402985365607,-1.0891666665136956,-1.0,-0.5118472220782858,-2.38166666651251,-1.0,-1.2883333331801714,-1.0,2.591439814800986,0.020233321234365338,4.73450235396766,0.0,5.135980896958656,0.0,1.5502759341983585,8.328,8.682,0.9963144767162747,0.9963144767162747,3.53354,358.1137407998208,0.0414068474640401,0.03913933953797777,0.05790929141848568
CGWL10y_sfUKCP,44/44_EarthModel_CGWL,c,0.0,0.02,0.026092081503434564,140.86471726100496,0.04415682159045825,-0.6620833331806396,-1.0,-0.9911712961522683,-3.4349999998447673,-1.0,-0.7666666665138655,-1.0,2.978886204479253,0.05244613903066647,0.008723208305845088,0.02945222352680402,0.02609208150343458,111.40755393298748,0.06290159245382769,-0.4073611109587402,-1.0,-0.8533148146710442,-2.924999999845322,-1.0,-0.05166666651461128,-1.0,3.129287037005024,0.029452223526804024,4.24842825077393,0.0,5.396028341532102,0.0,1.6332613047897397,10.244000000000002,10.357999999999999,0.96116282704762,0.9724147847327006,5.81416,359.31748705374275,0.04380053770533863,0.04519187976807324,0.06630169408817162
CGWL10y_sUKCP,44/44_EarthModel_CGWL,c,0.0,0.0,0.02840868674895975,141.1530193453618,0.04308781916931781,-0.4812499998475089,-1.0,-1.086090608321541,-1.8966666665128742,-1.0,-0.5866666665140747,-1.0,3.166347767892193,0.05381916669908568,0.009225353852121886,0.032671797777477016,0.028408686748959768,112.2194298788022,0.06181584167659996,-0.09874999984794837,-1.0,-1.102222222078237,-1.3866666665134288,-1.0,0.5333333334848066,-1.0,3.3702314814492524,0.032671797777477016,3.994073331843834,0.0,5.283837139963439,0.0,1.6122607370757192,8.162,8.22,0.9664438414704746,0.9670037332725429,3.1871199999999997,354.6973621566582,0.04429422578152454,0.04413523341395265,0.06604029057248045
GAM_AR1,42/4_GAM_AR1,c,11.16,39.28,0.023087833507056833,127.51229899017336,0.057188117633802694,-2.271666666512495,-1.0,-1.1681600527658431,-3.4666666665114008,-1.0,-2.094999999845977,-1.0,2.782482099147466,0.05357145171674281,-0.006129023788854592,0.046461406988488864,0.02308783350705685,97.40930554143053,0.07046899679277446,-2.1183333331793923,-1.0,-1.1064652776332935,-2.9566666665119556,-1.0,-2.0349999998461317,-1.0,2.8658541666353754,0.04646140698848886,4.3532322163310635,0.0,5.117436336479336,0.0,1.085608121283313,8.972000000000001,9.288,0.05812302770728964,0.10425524011666042,6.182659999999999,230.14892171206236,0.06599362091916072,0.05783943711342688,0.07575573051893533
etrend30y,42/3_ST_Fits,c,5.26,37.82,0.02200776163121698,140.37192641624995,0.04886491576296775,-1.9202777776239586,-1.0,-1.4278161374217464,-2.6799999998454767,-1.0,-2.1683333331792802,-1.0,3.0552171632726597,0.04431770709351759,0.0015644460818685154,0.03217375228366543,0.022007761631216996,83.87571257019745,0.06630404491947926,-1.6569444442909558,-1.0,-1.3482129628187371,-2.1699999998460315,-1.0,-1.3583333331801168,-1.0,3.120481481437987,0.03217375228366543,4.39012759988162,0.0,6.31237063992883,0.0,1.3952579707170225,7.416,7.612,0.13991995515925468,0.17627084878337318,2.9706,295.7946897920088,0.05515758990040491,0.04895513171232499,0.06942749455888479
Kal_flexLin,42/5_Kalman,c,0.8,9.54,0.01727423167841578,149.29655649515044,0.04616260568006104,-0.8793888887360204,-1.0,-0.5215160051474174,-3.213333333178343,-1.0,-0.383333333180908,-1.0,2.5684829588600815,0.0519255825811747,0.0006767563821598977,0.021606018080336308,0.017274231678415807,101.26526620365958,0.06629947279505899,-0.5877777776252651,-1.0,-0.3693379628196349,-2.703333333178898,-1.0,0.09666666681854622,-1.0,2.9099953703557704,0.02160601808033631,4.829229013061916,0.0,6.025780688217751,0.0,1.5208793087336163,9.124,9.34,0.3622714957504478,0.5398564480638166,4.63122,351.32312031746545,0.052573535425531254,0.04586312527819151,0.06834378255086834
Kalman_RW,42/5_Kalman,c,1.2,10.3,-0.014118325071592273,136.06320720372037,0.04861309576648038,2.7800000001495624,-1.0,2.6526593916750913,-0.7033333331805898,-1.0,5.491666666813762,-1.0,3.4722253089420083,0.0539348036943787,-0.017270521507027264,0.009278911280737821,-0.01411832507159232,100.16364194364579,0.06594139010961063,3.0002777779270495,-1.0,2.834282407548298,-0.1933333331811445,-1.0,4.615000000147793,-1.0,3.3212731482197273,0.009278911280737837,5.030466721203033,0.0,5.449836862136987,0.0,1.4271980053563746,10.796,11.05,0.28622237555113333,0.48250617979481275,6.10096,329.68273923732255,0.057629343590388245,0.05335388681725222,0.0713007183027188
FaIR_all_unB,43/1_ERF_FaIR,c,0.04,4.2,0.005866821451710295,118.11335614839636,0.05089554576984923,0.06805555570756656,-1.0,0.4924689154807959,-0.40499999984755947,-1.0,0.1500000001519404,-1.0,5.988381862023905,0.08346742443949268,-0.025395793694907423,-0.013448914290104731,0.0058668214517102945,118.49543087029551,0.04708090518813099,0.3938888890353398,-1.0,0.7370138890241639,-0.39166666651986815,-1.0,-0.0733333331868198,-1.0,2.9886805555682723,-0.013448914290104752,3.373840015605073,0.0,3.6437276173856556,0.0,0.9853011112899253,6.71,6.986000000000001,0.5872923321001435,0.7076437097747956,3.59694,158.63347891767796,0.08052246002818748,0.04971868268045953,0.04994056235744216
FaIR_comb_unB,43/1_ERF_FaIR,c,0.0,4.94,0.005901554413964179,120.27565664411843,0.052988301825229664,-1.0452777776247475,-1.0,0.016894180031051215,-1.2733333331800896,-1.0,-1.1033333331802442,-1.0,6.08293904110001,0.08147172580303026,-0.032625936637492386,-0.01779353829244595,0.005901554413964173,120.9531389436034,0.04911256494400883,-0.7027777776303159,-1.0,0.2896851853203984,-1.2666666665190496,-1.0,-1.1799999998524617,-1.0,2.930222222211558,-0.017793538292445975,3.488108391400109,0.0,3.7622846941684713,0.0,1.0914236936308648,6.55,6.822,0.7493703023985577,0.75495600597403,2.6338600000000003,175.71921467456923,0.0761955247824418,0.05116004970667783,0.050977837757511336
FaIR_nonat_unB,43/1_ERF_FaIR,c,0.0,9.32,0.00591759018023737,120.78706167210883,0.0544251897173003,-1.4541666665132638,-1.0,-0.18195171944016514,-1.72999999984635,-1.0,-1.586666666513147,-1.0,6.284139995263188,0.08106469042370985,-0.036245617507277166,-0.01997441786065873,0.005917590180237354,121.73004398556309,0.050539697672357796,-1.138611110963252,-1.0,0.0656759260608656,-1.7533333331852827,-1.0,-1.6599999998520343,-1.0,2.899472222206316,-0.019974417860658747,3.5351068814755395,0.0,3.8054345743408975,0.0,1.069320057644201,6.416,6.65,0.7083824351179742,0.7083824351179742,2.35334,172.16052928071636,0.07893309394865883,0.05230402615618581,0.051928921678426936
FaIR_anthro_unB,43/1_ERF_FaIR,c,0.0,30.3,0.009775801968074368,113.07754257180468,0.05760733317069909,-1.7397222220685322,-1.0,-0.3391884919277324,-1.894999999846159,-1.0,-1.8166666665129014,-1.0,6.5516347676501665,0.08467698627021898,-0.04171036509623207,-0.017469692740904597,0.009775801968074357,115.80896745310311,0.05120173937419517,-1.262499999849421,-1.0,-0.1615046294945255,-1.5783333331826406,-1.0,-1.5066666665160438,-1.0,2.6566435184980097,-0.017469692740904617,3.3307291716790117,0.0,3.3587674720475293,0.0,0.8358067282058959,6.127999999999999,6.282,0.472990101065164,0.4752357555695341,1.9978399999999998,134.56488324114923,0.08895792896450613,0.055489932474679,0.0524238929097205
GAM_AR0,42/4_GAM_AR1,c,8.94,44.82,0.021611202879574506,143.4470999045957,0.048876941259344324,-1.4727777776243578,-1.0,-1.2349629628188261,-2.6116666665122104,-1.0,-0.8783333331804534,-1.0,3.207812563562491,0.05008561783769558,0.002212671724394222,0.030530893438032513,0.021611202879574517,89.3968261504969,0.06721406062631916,-1.0811111109581377,-1.0,-1.1145277776337605,-2.101666666512765,-1.0,-0.4899999998475596,-1.0,3.035564814782881,0.030530893438032523,4.58399299107553,0.0,6.023940583655381,0.0,1.1628035425040257,7.772,7.99,0.03930896195909965,0.10851439291261639,5.39452,246.51435101085343,0.06897348098360398,0.04839834116605962,0.07008957372128857
cubic_spline,42/4_GAM_AR1,c,1.8,8.36,0.003917312905257969,117.39498696174425,0.05756773711639191,1.7409166668171594,-1.0,1.3119736773904855,-1.2649999998467774,-1.0,3.3366666668157086,-1.0,3.8253818332148,0.08637526395041659,-0.001733410915128456,0.01939333616916044,0.0039173129052579685,95.26720867516534,0.07836205151780373,2.090138889038972,-1.0,1.4953055556971893,-0.7549999998473322,-1.0,3.425000000148866,-1.0,3.131185185204829,0.019393336169160436,3.713728874198079,0.0,4.163463899534291,0.0,0.9934521571995971,9.86,10.236,0.19099543116839945,0.48878708311951496,8.49682,209.618405169115,0.0916507077013829,0.06268919369531026,0.08334176660734717
butterworth,42/2_LT_Fits,c,0.88,1.56,-0.011389947194330723,94.03710949847817,0.05113302654501158,2.3696111112610527,-1.0,1.6466349207765552,-2.6133333331788524,-1.0,5.758333333480196,-1.0,3.1699473372854374,0.13135761726068243,-0.018319566230965235,-0.002780505220569092,-0.01138994719433078,74.3576186805844,0.0709015701187959,2.2741944445943836,-1.0,1.7139537038451473,-2.1033333331794073,-1.0,4.60666666681449,-1.0,2.9267314815299903,-0.0027805052205691037,2.8813949070569196,0.0,3.176884475602445,0.0,0.9717775874605045,12.745999999999999,13.075999999999999,0.3703275898159998,0.923584719993302,8.82324,137.99241741939164,0.06206084835890379,0.05507558369043857,0.07481280888707884
removeGreensfx,42/6_Remove_IV,c,2.82,30.48,-0.009694638186030868,115.01496293195872,0.06415918531654768,3.76377777792645,-1.0,2.6228140874423236,-2.3483333331791165,-1.0,8.813333333477422,-1.0,3.788159286648492,0.06,-0.013302645058036354,0.005516389250755278,-0.00969463818603092,86.50030443509175,0.07899387426321898,4.110722222370491,-1.0,2.7444024472309287,-1.8383333331796712,-1.0,9.230000000143619,-1.0,3.4404778439983033,0.005516389250755289,4.346353398856499,0.0,4.216232660033608,0.0,1.1536662258598513,15.735999999999999,16.21,0.09692873657931045,0.22266265556427803,14.268320000000001,266.49689817362565,0.07303288913501699,0.06662584098562593,0.08197667574860101
lowess1dg20wnc,42/3_ST_Fits,c,1.06,4.24,0.021618949055671643,85.90626217112259,0.046294722382072245,-1.5204999998465,-1.0,-1.195842724723542,-2.558333333178898,-1.0,-1.3633333331799804,-1.0,2.9606430615079136,0.09950132962759399,0.00045427163150857716,0.03249027627706523,0.021618949055671664,78.52524839761877,0.06459125861872975,-1.185777777624674,-1.0,-1.0905115739300784,-2.048333333179453,-1.0,-0.7416666665139655,-1.0,3.2833541666230217,0.03249027627706524,2.585885324430234,0.0,2.6970244207175824,0.0,1.2561075194316451,7.587999999999999,7.806,0.5318523919357347,0.6843875472556783,3.2848,290.16083698871,0.051293283230738985,0.044633438975251204,0.06677378901101118
FaIR_anthro,43/1_ERF_FaIR,c,0.0,38.98,0.014718454318728917,94.39577956960603,0.061950719987627016,-1.065555555402484,-1.0,-0.06813888874585211,-1.2066666665134653,-1.0,-1.1099999998468866,-1.0,4.31653022605168,0.08467460700794086,-0.039480301924599774,0.04907286881367757,0.014718454318728914,97.64338241751238,0.057158685447313055,-0.5555555554030388,-1.0,-0.20509259244893355,-0.6966666665140201,-1.0,-0.4666666665142384,-1.0,1.9696296296048845,0.04907286881367754,3.3282916393500614,0.0,3.2973075480934004,0.0,0.7181145075682772,6.417999999999999,6.438,0.42243974145952506,0.42353367725025043,1.8029400000000002,115.61643571849262,0.09388392178039454,0.06804086594597993,0.0633024078565284
FaIR_nonat,43/1_ERF_FaIR,c,0.0,2.0,0.0075550208934693185,88.1697239549537,0.06101839395245242,-0.2924999998476627,-1.0,0.6214755292429279,-0.4299999998475323,-1.0,-0.31166666651431113,-1.0,4.314726568720185,0.1011844765567321,-0.040432451009601085,0.05124424693917855,0.007555020893469294,90.1173079353834,0.058435114409745914,0.21750000015178259,-1.0,0.4447453705134298,0.08000000015191298,-1.0,0.1150000001518857,-1.0,2.1007175925791977,0.051244246939178534,2.874809145354763,0.0,3.0583587334084172,0.0,0.8523627113496901,6.646,6.586,0.7802299703944408,0.7802299703944408,2.14932,137.23039652730012,0.0910866217851104,0.07113295585321798,0.06920613882646837
removeMEI_volc_cons,42/6_Remove_IV,c,7.44,32.26,-0.033167008578490906,90.0835566989188,0.091303051819393,8.14245899485368,-1.0,2.81270305191683,-2.0433333331794072,-1.0,18.535000000135234,-1.0,5.879056569324999,0.07960415122251946,0.008043232143254267,-0.0697142327751477,-0.03316700857849095,74.06953821980711,0.10038226378151444,8.508314814959075,-1.0,3.060973965987751,-1.5333333331799621,-1.0,18.696666666801676,-1.0,3.7654043010095055,-0.06971423277514771,3.1900259217036493,0.0,3.305797824530188,0.0,0.6668263655564155,23.855999999999998,24.124000000000002,0.01966918673061414,0.10753088256709736,25.23556,80.01916386676984,0.11554613865865758,0.08866905125527125,0.10026968298768997
Kal_flexLin_ocn,42/5_Kalman,c,8.74,78.32,0.0545517867615223,83.30992484717412,0.0759578651736631,-4.491666666510493,-1.0,-3.591513888742568,-5.46499999984294,-1.0,-5.02166666651001,-1.0,4.833384702479217,0.0478395230021269,0.01916614646581647,0.06675419399626549,0.0545517867615223,30.64778546976713,0.08695529891731918,-3.981666666511048,-1.0,-3.361777777631249,-4.954999999843494,-1.0,-4.218333333177506,-1.0,4.065759259152264,0.06675419399626548,3.374980862671852,0.0,4.183732136659926,0.0,1.2090161647504702,8.326,8.666,0.05211006418978255,0.10468122044331814,4.87174,279.28273405735865,0.06268031057472875,0.07118784259664598,0.0861466505003353
lag10y,42/1_Run_Means,c,25.98,97.58,-0.034010050561692935,71.4170154492316,0.04647626921859707,5.528194444591493,-1.0,4.704140211779076,3.936666666815172,-1.0,7.136666666812244,-1.0,5.267404654930507,0.038675018421119325,-0.029860932869651344,0.005639568328857386,-0.034010050561692956,-28.10100834454599,0.06330695068575627,5.750694444588614,-1.0,4.902430555693192,4.25000000014536,-1.0,6.563333333476581,-1.0,4.954467592718703,0.005639568328857397,5.247878079016508,0.0,4.9003634520214066,0.0,1.031116171226584,7.568,7.58,0.00865163222435239,0.017768616661005904,2.89858,238.18783555334088,0.05896873530378056,0.06013073688586079,0.07704784484589093
etrend15y,42/3_ST_Fits,c,5.46,31.34,0.012146369240018984,123.8176336777673,0.054213208896503697,1.3920833334841558,-1.0,0.05909986786790359,-3.6566666665112733,-1.0,3.916666666815191,-1.0,3.098707039727799,0.05880163322464943,0.00031823378592659053,0.009686030375957498,0.012146369240019012,80.90851368483943,0.07536757670169573,1.3323611112618952,-1.0,0.28420833347654406,-3.146666666511828,-1.0,2.6750000001495575,-1.0,2.9270231481569606,0.009686030375957501,4.222929863231397,0.0,5.225169451720461,0.0,1.16711676357056,10.588,10.857999999999999,0.13390210588544377,0.2158028705302708,5.694260000000001,264.9355053305171,0.06700627571507678,0.05813808150977218,0.07941507283627094
raw1y,42/1_Run_Means,c,0.04,0.68,0.006371157182587465,64.8218469662625,0.11610983978795099,3.324314814963879,-1.0,1.0225472475597006,-9.723333333172377,-1.0,12.135000000141053,-1.0,3.3697366235765496,0.1280378713259078,-0.00026166940324030466,0.0027164812088012504,0.006371157182587505,57.537473534574616,0.1258008693394577,3.7799351853337435,-1.0,1.0340868608127283,-9.213333333172931,-1.0,14.170000000139106,-1.0,2.511024911860201,0.0027164812088012443,2.3580099028999535,0.0,2.2811302719689857,0.0,0.6974176235003001,28.572,29.608,0.6492481436211057,0.8656575477032064,28.95268,161.10347102856934,0.11944902180379459,0.11810037112434799,0.12754143408796217
CGWL10y_pUKCP,44/44_EarthModel_CGWL,c,0.0,1.68,0.056037901125170916,53.578798526572456,0.09743767750591698,-3.600833333177943,-1.0,-2.402734126839016,-3.6349999998445766,-1.0,-3.6349999998445766,-1.0,4.077312860367492,0.1282112407457569,0.011669053967009213,0.10875879331638934,0.05603790112517091,53.50673766319915,0.09778272441271263,-3.090833333178498,-1.0,-2.5148611109653576,-3.1249999998451314,-1.0,-3.1249999998451314,-1.0,2.676527777660576,0.10875879331638932,1.7563441315422859,0.0,1.7739886012849817,0.0,1.0471070871613957,6.004,6.144,0.8580483740361557,0.8679971518139336,1.4762,239.7875229599596,0.06492027523502619,0.08535402078880787,0.08558625398912707
lowess1dt20wAR,42/3_ST_Fits,c,13.38,36.88,0.011064582573042927,64.8036944551839,0.05974954626060467,1.3393333334842026,-1.0,0.2687886244814742,-4.359999999843958,-1.0,3.3883333334823242,-1.0,3.182976013198966,0.11144207507315496,8.552525433239012e-06,0.007780407130718192,0.01106458257304296,59.69601664986644,0.07802523930973373,1.3825555557062972,-1.0,0.5562777779207507,-3.849999999844513,-1.0,3.5766666668153904,-1.0,2.6111759259407683,0.007780407130718202,2.1181117701390604,0.0,2.1589430988485847,0.0,0.7360911904242446,11.52,11.95,0.08326140486745183,0.1144353920580678,6.45818,170.03706498800054,0.07186963322384961,0.06416304933875643,0.08235046850381816
lowess1dt30wnc,42/3_ST_Fits,c,1.34,5.36,0.014239120576116726,56.548178609913904,0.04706499502333899,0.40097222237395735,-1.0,-0.15872288345464491,-3.0533333331784616,-1.0,1.8150000001504578,-1.0,3.130291100980786,0.13287035238654948,0.00015838494112606908,0.01412879431247706,0.01423912057611675,52.45759234000977,0.06912664981405216,0.6384722223736496,-1.0,0.06015277792072485,-2.5433333331790164,-1.0,2.0533333334834785,-1.0,2.858874999991187,0.014128794312477082,1.8743248238119186,0.0,1.9026233378452957,0.0,1.0126217279561804,9.202,9.538,0.49135148200379425,0.6447841043416348,4.532,233.9156191578777,0.05860840348152655,0.04889638750601689,0.07206765717671768
lowess1dt20wARMA,42/3_ST_Fits,c,7.48,21.08,0.011064582573042927,56.96536171171084,0.05974954626060467,1.3401666668175374,-1.0,0.26873306892592014,-4.359999999843958,-1.0,3.390000000148994,-1.0,3.182951825583696,0.13107582836745033,0.0007006834418999048,0.007780407130718192,0.01106458257304296,52.9364783476092,0.07802523930973373,1.3833888890396322,-1.0,0.5561157408837153,-3.849999999844513,-1.0,3.57833333348206,-1.0,2.61092129631114,0.007780407130718202,1.92145265386044,0.0,1.9471847797245647,0.0,0.7766843110881787,11.52,11.95,0.15740578769119482,0.20717350395334258,6.441660000000001,167.65191796853688,0.07240242970727945,0.06416304933875643,0.08235046850381816
etrend30y_3CS,42/3_ST_Fits,c,13.64,62.38,-0.001093064283811918,96.10483156588894,0.04886491576296775,-1.9202777776239586,-1.0,-0.42996164006817167,-2.6799999998454767,-1.0,-2.1683333331792802,-1.0,3.086307254198075,0.04431770709351759,-0.008418196785314918,0.03217375228366543,-0.0010930642838119379,61.04760136487081,0.06630404491947926,-1.6569444442909558,-1.0,-0.352009259115954,-2.1699999998460315,-1.0,-1.3583333331801168,-1.0,2.4432592592335993,0.03217375228366543,4.39012759988162,0.0,6.31237063992883,0.0,1.1794416640341496,7.436,7.632000000000001,0.05410847799996277,0.0785400784944726,3.15648,250.04163277523975,0.06393774583588255,0.06921376346428083,0.07765518498215751
Kalman_RW_ocn,42/5_Kalman,c,24.56,91.14,0.06826730296257727,24.713386322500927,0.10666142994957763,-4.487777777621595,-1.0,-3.1271111109651293,-5.999999999842448,-1.0,-5.394999999842994,-1.0,4.934509433920595,0.0510851387758082,0.015052613244912395,0.11089323446326095,0.06826730296257726,-14.598039384987858,0.11335994930995617,-3.97777777762215,-1.0,-3.301074073927597,-5.489999999843003,-1.0,-4.469999999843931,-1.0,4.004296296195096,0.11089323446326092,3.2671320658593066,0.0,3.6440678066710324,0.0,0.8946134571530254,9.267999999999999,9.588,0.009765886729398546,0.022174912514749213,6.806839999999999,206.65570860234885,0.07694274317523003,0.09502001481779905,0.10591857812616828
lowess1dt20wnc,42/3_ST_Fits,c,0.88,5.16,0.011064582573042927,30.859019183363916,0.05974954626060467,1.3397500001508678,-1.0,0.2689969578148083,-4.359999999843958,-1.0,3.3883333334823242,-1.0,3.1826080700537007,0.17072139615621112,8.552525433239012e-06,0.007780407130718192,0.01106458257304296,28.782496716336833,0.07802523930973373,1.3829722223729624,-1.0,0.5564166668096406,-3.849999999844513,-1.0,3.5766666668153904,-1.0,2.610574074088918,0.007780407130718202,1.4099493440919983,0.0,1.415365464673208,0.0,0.7893553765460972,11.52,11.95,0.4624260013157771,0.6164622455173523,6.45818,182.34109198214844,0.07186963322384961,0.06416304933875643,0.08235046850381816
lowess2dt20wnc,42/3_ST_Fits,c,1.52,5.44,0.007318710075484338,4.942879766728435,0.09074133918924034,2.1283888890390537,-1.0,0.4036151456453463,-7.3799999998412025,-1.0,6.856666666812526,-1.0,3.728964245312689,0.22480001999702495,-0.00029220447634049684,0.0030348187088966192,0.007318710075484362,4.031778336168694,0.10188469464760976,2.7056388890384393,-1.0,0.6439209657513548,-6.869999999841757,-1.0,8.566666666810898,-1.0,2.5657238756705167,0.0030348187088966145,1.0713981141315279,0.0,1.0606549264954446,0.0,0.4816351993536957,16.934,17.59,0.2958873000148564,0.5662874247156557,12.054839999999999,111.25773105070371,0.10197458891613581,0.09628696328263195,0.10684287471853161
lowess1dt10wnc,42/3_ST_Fits,c,0.68,4.42,0.007344393796390906,-2.545398064811033,0.09136226226795849,2.582875000149743,-1.0,0.7907226191899872,-7.388333333174524,-1.0,8.833333333477377,-1.0,3.4653566435481333,0.24146721945609895,-0.00020780401079029706,0.003880401134490938,0.007344393796390945,-3.3376547895696653,0.10328981980502418,3.331111111260083,-1.0,1.0185674604600095,-6.878333333175078,-1.0,11.588333333474784,-1.0,2.2920383598264498,0.003880401134490952,0.9661610315657179,0.0,0.9595308308721853,0.0,0.4627090012467723,17.715999999999998,18.496,0.35203636413053624,0.6416146978388204,12.183800000000002,106.8857792880044,0.1003667723420114,0.0946883676675089,0.10619448061922236
cons_hArrh_CO2forc,43/0_Linear,c,39.92,49.8,0.16454261012690125,-10.839485550719928,0.213873340860225,-12.019999999839884,-1.0,-6.481523809382091,-12.219999999839883,-1.0,-12.219999999839883,-1.0,10.992185013227292,0.2095807287196262,0.09697342431087122,0.21338796198396498,0.16454261012690122,-10.221405804578696,0.21154978723386703,-12.593333333169912,-1.0,-9.288055555404117,-12.593333333169912,-1.0,-12.593333333169912,-1.0,9.288055555404117,0.21338796198396495,0.7652525084739161,0.0,0.7665798728903858,0.0,-2.174632201698608,5.62,5.98,7.020568417347773e-07,0.00019380323350720233,0.22333999999999998,-502.3400385923785,0.13469730017300818,0.18982729020436323,0.18440125079063488
Bayes_seq_CP,42/2_LT_Fits,c,74.0,122.8,0.03697842350420206,-33.73662320110444,0.08032416133235222,-2.0249999998460786,-1.0,-1.3355092591149855,-3.0399999998451586,-1.0,-1.7033333331797076,-1.0,4.089137200281505,0.03335407267326728,-0.003886949082929182,0.07847758533477778,0.03697842350420206,-133.2917746309384,0.0902569056836699,-1.7674999998464014,-1.0,-1.2939351850405447,-2.5299999998457134,-1.0,-1.224999999846896,-1.0,3.308287036982384,0.0784775853347778,4.421404021816084,0.0,5.362912452426185,0.0,-1.0426048340549512,6.544,6.76,8.66711440709852e-06,1.9159150275955095e-05,2.5197,-200.1801281385506,0.07614642782035223,0.07414885684591804,0.08884373105532985
quartic,42/2_LT_Fits,c,33.36,90.02,0.07687224149638003,3.298105632978649,0.10095832212296343,-9.229166666506194,-1.0,-7.18874470884664,-9.393333333172713,-1.0,-9.393333333172713,-1.0,8.979347630133805,0.05122218257042748,0.03363170167535029,0.05687004112630099,0.07687224149638003,-47.21358817660614,0.10805955509180702,-8.719166666506748,-1.0,-7.345092592443863,-8.883333333173269,-1.0,-8.883333333173269,-1.0,7.683981481349662,0.05687004112630097,1.6839450592308591,0.0,1.7228225052552704,0.0,0.36834861831590243,6.316,6.556,0.012165960273857836,0.031040828787241924,3.0357,51.93715518254225,0.09238119661355072,0.0989562592801393,0.11182966322069429
lag5y,42/1_Run_Means,c,24.32,75.24,-0.009714811311827708,62.047027256334424,0.05413904477733328,3.6112777779266025,-1.0,2.587408068923836,-0.9649999998470139,-1.0,6.621666666812744,-1.0,3.804675412406847,0.0477639766082982,-0.013327304598022349,0.005765071272849996,-0.00971481131182776,-31.130997424190777,0.07098434114826431,3.843777777923714,-1.0,2.8786574075473546,-0.6333333331835047,-1.0,6.125000000143668,-1.0,3.4886574074836756,0.0057650712728500066,4.988146285034689,0.0,5.924867826539926,0.0,0.8024702394099691,10.562000000000001,10.812000000000001,0.0006429848827263321,0.00513315537614533,5.661219999999999,185.37062530370284,0.06501177156914205,0.05782581370659683,0.07510544307267719
removeMEI_cons,42/6_Remove_IV,c,28.28,59.88,-0.05613198962694547,-78.54111001463035,0.09863725292581886,8.53767857157291,-1.0,5.1375726002896185,-0.6383333331806442,-1.0,16.955000000136707,-1.0,6.391977373317544,0.09281987557948139,0.000876133347085814,-0.08019716195236012,-0.05613198962694549,-136.5874925509463,0.10676432201278058,9.1451779101966,-1.0,5.366654982499066,-0.12833333318119905,-1.0,18.30666666680202,-1.0,5.544759479830444,-0.08019716195236015,2.2865082649805912,0.0,2.669440917362293,0.0,-0.15461523093160653,20.234,20.148,5.329980043271546e-10,7.616028396132371e-05,21.276419999999998,-35.71611834520111,0.09369502248821825,0.09331089572526483,0.10462410870501197
offset11y,42/3_ST_Fits,c,127.04,189.14,0.07065267450279655,-141.8094727557235,0.10094765775745035,-4.2383333331774065,-1.0,-3.1003544972097927,-4.314999999844003,-1.0,-4.314999999844003,-1.0,5.047501920015369,0.03744379619743984,0.07680421991734993,0.11512772989273067,0.07065267450279654,-216.9282589051882,0.10730118494058853,-3.7283333331779613,-1.0,-3.5484259257792212,-3.8049999998445583,-1.0,-3.734999999844622,-1.0,4.155370370251805,0.11512772989273065,4.299758986526536,0.0,5.014954272427915,0.0,-1.4505003235055876,6.528,6.667999999999999,1.3697827625005312e-06,5.806581638535944e-06,2.6264999999999996,-335.06557472979074,0.09301031939562748,0.08822976026564879,0.10003790594303079
hinge75meet,42/2_LT_Fits,c,50.34,74.96,0.15454242454715145,-375.0866471032299,0.25471477565016043,-5.349999999843049,-1.0,-3.8740634919175636,-5.349999999843049,-1.0,-5.349999999843049,-1.0,6.2833379662629385,0.06611189724518392,0.09032839488566183,0.3002798568277288,0.15454242454715142,-392.4848346724899,0.25494592581671005,-4.839999999843603,-1.0,-4.268055555408217,-4.839999999843603,-1.0,-4.839999999843603,-1.0,4.494166666553542,0.30027985682772873,2.985962249478021,0.0,2.962152424380889,0.0,-1.9111685571424974,5.88,6.0,3.811219927675031e-08,8.993392650353572e-08,1.69648,-298.1422949142296,0.17038599952951125,0.21840900531728438,0.2215115737939898
OLS_refit_CO2forc,43/0_Linear,c,114.46,174.1,0.03765074480794788,-82.04630495145882,0.07024733378298378,-7.551666666507726,-1.0,-4.745288359643165,-7.551666666507726,-1.0,-7.551666666507726,-1.0,7.244710594417543,0.024150595475887285,0.018340029582759747,0.029565180704547108,0.0376507448079479,-182.82332051898413,0.07284613144038049,-7.041666666508281,-1.0,-4.986018518372899,-7.041666666508281,-1.0,-7.041666666508281,-1.0,6.094351851729157,0.029565180704547098,1.9885646484785582,0.0,1.7799987357981542,0.0,-2.4786315110417547,5.86,5.94,4.759007222187538e-07,4.623189884070159e-06,0.9941200000000001,-572.5638790506454,0.06848700979417792,0.06857089857118409,0.07857161295330772
opt_clim_norm,42/3_ST_Fits,c,40.8,84.82,-0.011852859528909652,-3518.76721448403,0.07140459445472076,1.5870277779284296,-1.0,1.4209666668066208,-2.818333333178671,-1.0,2.6000000001497483,-1.0,4.739900759244444,0.049600979203145205,-0.014671705964961644,0.00426799744367598,-0.012016400022202169,-2368.044915658778,0.0825035893342605,2.2618888890388344,-1.0,1.2446808863842977,-2.3083333331792257,-1.0,3.1133333334825237,-1.0,3.4205552248976225,0.0036091170283158425,4.369317900916797,0.0,4.67842644569359,0.0,-1513.4373392860603,14.515999999999998,14.874,1.7911023796502242e-10,0.0002187146791845336,12.0504,-349575.6812511145,0.08383836357468506,0.08892854208878258,0.10069985222861032
OLS_hinge75,42/2_LT_Fits,c,59.94,99.7,0.11282942628817841,-989.1224595498471,0.19467106291530037,-4.013333333177588,-1.0,-2.7450714284265048,-4.013333333177588,-1.0,-4.013333333177588,-1.0,5.269591096291725,0.03805560130911211,0.0609380623689487,0.22978881943184376,0.1128294262881784,-1053.6644380849602,0.19578563598815385,-3.5033333331781433,-1.0,-3.1172222220759265,-3.5033333331781433,-1.0,-3.5033333331781433,-1.0,3.7199999998990627,0.22978881943184376,3.5069912742408853,0.0,3.727609318684551,0.0,-6.187454511804253,5.88,6.0,5.65960645125883e-17,8.593963189686946e-16,2.05546,-965.2429038414635,0.1342830079523452,0.16804090516572054,0.1721090653870853
EBMKF_ta2,43/2_Kalman,c,159.64,200.4,-0.09040497958588245,-518.0265856061934,0.10270770967427557,19.947500000089732,-1.0,9.11905158740741,15.48833333342402,-1.0,17.575000000088806,-1.0,13.155107508467388,0.03017254342966201,-0.06783163866643481,-0.11552903892025715,-0.09040497958588245,-416.3942482898211,0.09898314991863341,19.54333333342362,-1.0,9.439583333437112,15.206666666757796,-1.0,17.051666666756134,-1.0,9.439583333437112,-0.11552903892025718,0.3019337051602761,0.0,0.9367433025509044,0.0,-3.63099454812889,5.122000000000001,5.1160000000000005,0.0007129728429562714,0.0010353964656769604,1.42958,-838.7597406177737,0.09067159422210251,0.1044293359359564,0.09725883534563795
EBMKF_ta,43/2_Kalman,c,144.72,189.06,0.19527508452878503,-2124.9839128250665,0.2611640712963435,-12.599999999842248,-1.0,-6.5485238093843865,-12.999999999842249,-1.0,-12.999999999842249,-1.0,11.87486882742379,0.036926549131348886,0.0487931217701205,0.2721036072356655,0.19527508452878503,-2023.8657575477148,0.2593171344876627,-14.249999999835154,-1.0,-10.458333333180384,-14.249999999835154,-1.0,-14.249999999835154,-1.0,10.458333333180384,0.2721036072356655,6.381772204869816e-13,0.0,0.001699819494793152,0.0,-9.459153496223424,5.52,6.0,2.1313347510852914e-13,6.505148215600655e-13,0.26780000000000004,-2185.0644576276113,0.15580817528743218,0.2295074057582168,0.2245818584404911
OLS_refit,42/2_LT_Fits,c,108.74,126.72,-0.09160800269459919,-1616.4240372400618,0.17149731225701828,12.743333333473839,-1.0,12.800777777909216,12.743333333473839,-1.0,12.743333333473839,-1.0,13.346531578222033,0.029751833495789592,-0.06847153993935981,0.0689949707467345,-0.09160800269459923,-1687.1686400505748,0.1733647897687957,13.253333333473284,-1.0,12.671388889020834,13.253333333473284,-1.0,13.253333333473284,-1.0,12.671388889020834,0.06899497074673447,0.0014743574117838717,0.0,0.10978853026792028,0.0,-12.563827823855021,5.9,6.0,3.350390031248845e-16,1.2029271140191195e-14,0.7610399999999999,-1771.499723163558,0.16503284185490721,0.19371930019438752,0.1951583541023492
TheilSen_h7075,42/2_LT_Fits,c,71.62,107.2,0.14537731033116313,-2101.1868227958644,0.2751031117814138,-4.649999999843658,-1.0,-2.3432936506496045,-4.649999999843658,-1.0,-4.649999999843658,-1.0,6.447527368160707,0.038914040370314346,0.0774807198031737,0.31958925311283737,0.14537731033116313,-2167.783909917805,0.2754291915457681,-4.139999999844212,-1.0,-2.9036111109649956,-4.139999999844212,-1.0,-4.139999999844212,-1.0,3.674722222150011,0.31958925311283737,3.434255739786437,0.0,2.5638725161961333,0.0,-12.918254650483798,5.86,6.0,5.961133245997945e-33,6.40121186624665e-26,2.03348,-2015.2477254754724,0.18622937789418859,0.2394850531990587,0.24186392506821064
FaIR_all,43/1_ERF_FaIR,c,142.5,152.96,0.04467284895353787,-174739.70084936213,0.08069041399074445,-4.7391666665102825,-1.0,-2.5314219575266983,-4.966666666510073,-1.0,-4.966666666510073,-1.0,4.815437584968861,0.005588853246140498,0.00112495064344382,0.07556991686645637,0.04467284895353787,-164391.64799481936,0.07843375479993599,-4.229166666510837,-1.0,-2.741111110965148,-4.456666666510627,-1.0,-4.086666666510964,-1.0,3.4477777776713467,0.07556991686645635,4.2841588009317295,0.0,4.677253057936642,0.0,-2728.385470383083,6.336,6.356,4.548896981482842e-54,2.6750736252215085e-29,3.45392,-439270.0607316763,0.09098748762789025,0.07469438760491189,0.07338246181294648
