method_name,method_class,c/r,#q<0.1,#q<0.5,100bias,100log-l,Edyrs15,Edyrs20,EdyrsA,Fdyrs15,Fdyrs20,Mdyrs15,Mdyrs20,RMSyrsA,avg_unc.(1se),bias,bias50,e100bias,e100log-l,eEdyrs15,eEdyrs20,eEdyrsA,eFdyrs15,eFdyrs20,eMdyrs15,eMdyrs20,eRMSyrsA,ebias50,el15,el20,l15,l20,log-likeli,ncEdyrs,nceEdyrs,q_min,q_small5,smooth_r,tlog-l,RMS,100RMS,75RMS,e100RMS,e75RMS
Kal_flexLin,42/5_Kalman,c,6.66,18.78,0.007284564668003548,95.6028576959368,0.7144444445884482,-0.6577777776072253,-0.23950903247192962,-1.1666666665209549,-1.2649999998295334,1.2500000001435227,-0.9299999998298426,2.6148565479816694,0.0519371048752934,-0.0008443890864591083,0.0171728454390211,0.008729940802805446,-88.83260928739357,0.7611111112551453,-0.7977777776098174,-0.3633547006955085,-0.9449999998544172,-1.1699999998316981,2.2766666668093145,-0.5966666664988862,3.0126282050873976,0.021119755979284047,4.4126953401981295,2.7679389534597747,5.8748664294489155,5.14417630012502,1.3853499635858446,15.937999999999999,15.714,0.39578650438116314,0.44801973163577047,5.01108,318.6304916247443,0.058474357049944775,0.07052339220170242,0.072987435097755,0.12178789868863027,0.13033365423685458
GWI_tot_CGWL,43/3_Human_Induced,c,8.7,32.96,-0.0008644495600614554,129.61936934405304,-0.42583333318829775,-0.17333333316280009,-0.12421633905351087,-0.751666666521337,-0.17333333316280009,-0.546666666521528,-0.17333333316280009,3.2468655102695676,0.060503714050654134,0.017855941031155575,0.00015474094650549553,0.0005809265747404021,50.44788852416638,-0.20416666652175983,-0.12333333316886637,-0.36403846137880536,-0.5299999998547992,-0.32333333316886637,0.12166666681127936,-0.32333333316886637,2.7607051281644566,0.004101651486768408,4.469649308755355,4.116192752431872,5.259209673773767,6.448377327269737,1.0641345345417164,13.452,13.292,0.1391156987680836,0.17866190535615487,2.54002,148.97883483584027,0.07763018158799778,0.059859304648225524,0.05478174176154856,0.08261317568029482,0.08611351402021845
GAM_AR1,42/4_GAM_AR1,c,79.76,114.02,0.007383695054717915,121.35699988125602,0.21000000014445658,-0.48458333316292285,-0.09458109004378759,-0.9099999998545217,-1.1349999998295335,0.07333333347791729,-0.9066666664964032,2.745199441190193,0.051417999638226915,-0.08278500724617403,0.01386137379016055,0.008829071189519803,25.885066223565094,0.4316666668109944,-0.4424999998323695,-0.2351816237723649,-0.688333333187984,-1.0399999998318252,1.4850000001433636,-0.27333333316585595,3.2218910256001827,0.017808284330423488,4.197400669736469,2.6871664381777873,5.389763553588589,4.899092838472503,-6.150616454640243,16.66,16.4,2.3373474577726077e-27,9.521544184618669e-21,7.6255,-1297.780071929091,0.14875008780832918,0.06415737494108249,0.06540483111689589,0.11343751875081381,0.12042124065055697
EBMKF_ta4,43/2_Kalman,c,15.48,42.26,0.020511783246404153,40.259067713507356,0.013333333477990013,-1.166666666496062,-0.7117125002997091,-0.721666666521337,-1.5899999998296335,0.008333333477999076,-1.1966666664966488,2.474100573645084,0.043365992087569166,0.020621786233849727,0.01831044189825205,0.021957159381206036,-226.80569346963253,0.2350000001445278,-1.2983333331649147,-0.9709615383011875,-0.49999999985479915,-1.494999999831407,0.8950000001439276,-1.1633333331650375,2.537029914464381,0.02225735243851498,6.1978231400449,2.7564684614080814,9.80638732872417,8.275064579472552,1.2277467512184388,15.004000000000001,14.904000000000002,0.08148683026697393,0.11679536525647084,3.14856,282.3817527802409,0.04926058187844374,0.0599266371952729,0.059916480832340475,0.09238227408308285,0.09788209102649888
Kalman_RW,42/5_Kalman,c,5.04,17.06,-0.03987441522430184,81.97260619650075,3.608333333474681,1.9408333335014958,2.479373635784386,1.7083333334763984,0.8650000001685476,5.115000000139985,2.3266666668338805,3.586720190615098,0.0539387215698528,-0.02346203961949358,-0.028940968839759454,-0.038429039089499996,-53.36826412744085,3.554722222363692,1.8175000001656008,2.22492521383335,1.9300000001429363,0.960000000166383,5.163333333473347,2.530000000164955,3.0596901710020585,-0.02499405829949657,4.4082111095784455,4.342391643365372,3.6147673656806147,4.188007211505187,1.2916605341994256,16.816,16.57,0.31358080250658965,0.39906827930499617,6.6243799999999995,297.08192286586785,0.06388510638945982,0.0788505181359062,0.07862119858072214,0.12104316876495742,0.127157227466077
GWI_tot,43/3_Human_Induced,c,12.56,43.04,-0.0037731928313550415,100.67575875358808,1.143055555699178,-0.507777777607442,0.49009726400961645,-0.8116666665212642,-1.543333333163455,2.055000000142804,-0.5299999998290968,3.726797940327911,0.05713331917989099,0.014319080155839022,0.00305154806719421,-0.0023278166965531918,57.5393612453475,1.240277777921386,-0.82333333316533,0.06591880357856386,-0.5899999998547264,-1.4483333331647645,3.0066666668086692,-0.2299999998325348,2.991773504265149,0.006998458607457121,4.37044796704234,4.078959948229993,5.077976569738707,6.025682482346659,0.901838020982645,15.708,15.345999999999998,0.11458553081456456,0.1860521454995981,3.5390800000000002,126.2573229375703,0.0830868012624917,0.07824377794916547,0.07843072624689418,0.10403218395794199,0.10980346780585469
FaIR_comb_unB,43/1_ERF_FaIR,c,0.02,0.5,0.015367517933320531,108.46607463962233,-2.410833333186506,0.3750000001692403,-0.636935934272241,-3.258333333185733,-0.30166666649723084,-2.538333333186388,0.5050000001687022,3.7066085085841896,0.07875988569644116,-0.012151044561623024,-0.011307997429178408,0.01681289406812239,77.50458221755456,-2.1891666665199683,0.37805555572243066,-0.7769551280453173,-3.0366666665191953,-0.20666666649925905,-1.466666666520623,0.8700000001664375,3.230694444396351,-0.007361086888915494,2.636777706008994,3.0493857820929957,3.4410392676421635,3.954359430086745,1.2067178014747442,15.304,15.124,0.8374632142265377,0.853437300367125,3.5962799999999997,188.2479770300601,0.07067268179676792,0.06782840146401257,0.06915679064456814,0.08766538769516458,0.09423761531553289
GWI_tot_SR15,43/3_Human_Induced,c,13.62,45.6,-0.004538693716234925,95.09980574443578,0.8066666668105654,-0.8283333331631547,-0.019448005535694507,-0.8449999998545945,-1.5683333331634821,1.1266666668102834,-1.1833333331638278,3.2652589598536212,0.05474449592371714,0.01208603964997811,0.003992601368344979,-0.0030933175814330765,16.555611518340996,0.8566666668105927,-1.159166666498395,-0.30705128189136127,-0.6233333331880567,-1.4733333331647736,2.336666666809242,-0.8449999998320163,2.6817948717738926,0.007939511908607888,4.278611773591189,3.5337059110277456,5.403367383989393,5.805058092890567,0.8926941407724652,14.436,14.332,0.11549545642473985,0.163080011299818,2.25496,124.97717970814514,0.07659628874440043,0.07291893824680515,0.07199968339135723,0.10550946694407315,0.11158349544918729
removeGreensfx,42/6_Remove_IV,c,7.58,29.7,-0.028511736207737358,66.37515457017783,2.131527777920476,1.6854166668356105,1.9153473495712203,-0.40999999985498564,-0.8816666664966032,4.186666666807492,2.8516666668344985,3.4014458849359372,0.06,-0.02380262853892008,-0.02230914735794066,-0.02706636007293552,-45.30452167139678,2.133194444587213,1.4784722223881053,1.6489978634063982,-0.1883333331884478,-0.7866666664987042,2.8550000001420996,1.9733333334987764,2.7690534188590425,-0.018362236817677777,3.9088718425649365,3.3671381075446103,3.6106825698772287,3.9731776308936877,0.7842630125551625,25.96,25.576,0.11484669909362902,0.18784038723886204,18.8235,86.26893138106787,0.08940640934072591,0.09126986006335489,0.09156892487834892,0.13139467818488826,0.1373537491124898
GAM_AR0,42/4_GAM_AR1,c,95.3,146.62,0.0016178876922915758,77.26829559672662,0.07166666681124301,-0.2374999998296152,-0.01201132184879162,-1.376666666520764,-0.9283333331629092,0.2416666668110838,-0.4099999998300518,2.8990588535836537,0.0482894926696424,-0.08132662386205229,-0.0013754905416232038,0.0030632638270934446,-106.0309779903265,0.12166666681127027,-0.35999999983247105,-0.20399572633635754,-1.1549999998542262,-0.833333333165374,1.3983333334767667,-0.3149999998325166,3.0098290597947086,0.0025714199986396954,4.5212083247491055,2.9851577356214056,5.963571083699625,4.472792067990867,-1.7476841525934064,15.312000000000001,15.128,1.3740071216468715e-07,3.0403966349645795e-06,6.57294,-368.7613561972087,0.14720370894079496,0.07706509223750796,0.07994943416857997,0.12688425091596303,0.1348216082086479
CGWL10y_sfUKCP,44/44_EarthModel_CGWL,c,5.7,16.0,0.03749399797327512,94.21403199366294,-0.7838888887435193,-2.484166666494989,-1.8449299541425126,-1.6833333331871518,-3.419999999828515,-1.2549999998542034,-3.0499999998288514,3.472237791423308,0.053560529875315004,0.0007740319808595585,0.0574135344525412,0.03894753378902494,-56.89820658253053,-0.5622222220769814,-2.6719444442747573,-1.9864102562500412,-1.461666666520614,-3.323333333163055,0.11833333347795824,-2.463333333163837,3.4919230768508123,0.06144320771100485,3.9296690452353213,1.9473014058176685,5.74754617598776,4.377039359778226,0.8059420828402427,16.438,16.317999999999998,0.13974811485785638,0.25579234547109153,6.622380000000001,177.3072582248534,0.06690606779947517,0.07195699828666655,0.07657777018383988,0.11799730596723292,0.1281042646950128
FaIR_nonat_unB,43/1_ERF_FaIR,c,0.02,10.98,0.01824641135892038,93.33047371246741,-3.203333333185751,0.5975000001681352,-0.9416202545815334,-3.203333333185751,0.3566666668349626,-3.203333333185751,0.7883333335012321,4.4024050970509405,0.09010853908287368,-0.025079790382190426,-0.01067717778782774,0.019691787493722235,104.97883547960438,-2.9816666665192133,0.6925000001666074,-1.1190705126597864,-2.9816666665192133,0.4516666668334983,-2.9816666665192133,0.9583333334996951,2.286271367442635,-0.006730267247564833,2.759440767147439,3.2445542901492836,3.1342995613026146,3.4259825317308183,0.9794304480200741,13.8,13.72,0.6917086113145594,0.7108106956041399,2.8423199999999995,156.70887168321184,0.08993926195273104,0.08037858400020179,0.08401687796752379,0.06533059158307317,0.06961988286944638
FaIR_anthro_unB,43/1_ERF_FaIR,c,4.76,39.22,0.018545710651056126,89.76464199009548,-3.353333333185651,0.5866666668347897,-1.0250637555249027,-3.353333333185651,0.4700000001682292,-3.353333333185651,0.7033333335013502,4.504941514338846,0.0953944292617449,-0.04225969140570138,-0.012177004310937172,0.019991086785857985,101.28859148623737,-3.1316666665191133,0.6833333334999497,-1.2023504271895815,-3.1316666665191133,0.5666666668333892,-3.1316666665191133,0.7783333334998679,2.2948290597502634,-0.00823009377067426,2.689726514933271,3.188977485067559,2.898751896077119,3.269054325497193,0.6469972158923555,13.46,13.36,0.3759352445584328,0.3759352445584328,2.1765600000000003,103.51955454277687,0.10874691499744167,0.08290487217203382,0.08630435310162116,0.06583011627841727,0.07027294064210526
Kal_flexLin_ocn,42/5_Kalman,c,57.94,137.44,0.02121252681095373,60.02152028973893,0.06416666681125215,-1.7783333331617572,-1.195526163488936,-1.56833333318727,-2.5349999998283783,0.3500000001443231,-2.264999999828624,3.196449300563564,0.0478514996713582,0.0417105797502523,0.04077852197421887,0.02265790294575562,-181.5230697598533,0.34083333347773526,-1.917499999831019,-1.3675854699255723,-1.346666666520732,-2.439999999830543,1.9250000001429635,-1.8816666664977129,3.4095940170407273,0.044725432514481814,4.2352557108513755,1.7899119228618923,6.3885913561985515,4.6443009797697,0.19810863249671967,15.68,15.6,0.0007029024914847182,0.0014954461323506316,5.73414,45.564985474245525,0.09143216828604853,0.07815687222992007,0.08259457591996056,0.13001317089025613,0.14010851563443497
cubic_spline,42/4_GAM_AR1,c,5.3,31.72,0.006752168195244313,79.34296905216456,0.8075000001439093,-1.0627777776067477,-0.2768820760950533,-0.43833333318828865,-1.8383333331622362,0.8016666668105836,-1.5166666664958575,3.547104837607209,0.07666729407640531,-0.0002541013116700308,0.025152179666337583,0.008197544330046188,1.5098601326784313,0.8408333334772835,-1.2036111109427794,-0.5261965810370665,-0.21666666652175082,-1.74333333316451,1.756666666809788,-1.1633333331650375,2.6294444443915355,0.029099090206600505,3.41280857924383,2.5361856206220517,3.690770218042725,3.3327331091790655,0.898863095557083,16.46,16.354,0.12997007277859193,0.31388100807975267,9.3468,188.7612500669874,0.09590731603347853,0.09955528812835861,0.10071405930736965,0.14652196561616407,0.15199864269908497
FaIR_all_unB,43/1_ERF_FaIR,c,1.04,6.46,0.01026965949976708,38.630983029163474,-1.6163888887427702,0.5394444446139142,-0.19888983453884573,-4.1383333331849235,-1.7949999998298518,-0.3866666665216645,2.286666666835072,4.5571850473445705,0.09179326062815857,-0.0010107157624793422,-0.019496555390624046,0.011715035634568943,-100.58708257242569,-1.3947222220762325,0.05055555572273221,-0.46781196565388244,-3.9166666665183856,-1.6983333331645645,0.8583333334772761,1.4150000001659373,4.207188034156846,-0.015549644850361153,2.0445331371936213,2.333759657927006,2.8187433769679013,3.1554708313645983,0.6934009581844223,18.664,18.104,0.5959762798879442,0.6696938929699496,6.76532,110.94415330950757,0.10777722177723607,0.12219825750342275,0.12320601636499166,0.16401585775359115,0.17208682743124062
raw1y,42/1_Run_Means,c,0.92,2.1,0.004752992078993021,64.24087112312063,-0.17744444429963052,-0.8198611109408683,0.01747931185606688,-4.758333333184332,-6.83333333315919,0.1566666668112022,-2.7566666664962396,3.4619590678869088,0.12027365315817304,0.0001408458543860436,0.004796085357665996,0.006198368213794907,35.88644019328042,-0.08049999985520215,-1.1269722220539662,-0.37460500594497764,-4.536666666517794,-6.839999999826541,1.3400000001435273,-1.579999999831334,2.4566434676033038,0.00874299589792893,2.557369227400569,2.1797822330751315,2.614595478261021,2.6964016926949586,0.7759274855633548,39.108000000000004,38.306,0.446047657249161,0.7473200124350066,33.46304,178.4633216795716,0.11237182850610426,0.12710258687951986,0.12794521727308694,0.15992055945138406,0.16494107494475016
etrend15y,42/3_ST_Fits,c,16.9,71.94,0.007036918809678751,52.23775792709811,0.2141666668111247,-0.27611111094049345,-0.2911830760205822,-1.9133333331869335,-1.909999999829206,0.19666666681114747,-0.29166666649604855,3.073986853772521,0.05123380009022864,-0.00035294866421237955,0.009735800170898368,0.008482294944480644,-40.07022083358964,0.5566666668108884,-0.8494444442764432,-0.5985470083871726,-1.6916666665203957,-1.814999999831116,2.2250000001427086,-1.074999999831789,2.6208760683421666,0.013682710711161313,3.5992486435815247,2.9751071450386104,4.958057765341266,4.339588411413533,0.9262133303165707,17.72,17.52,0.022233115780933274,0.0771289996047322,6.2323,209.324212651545,0.07641703898035089,0.09506993793379998,0.09678485651401487,0.14251342729640887,0.149688477548468
FaIR_anthro,43/1_ERF_FaIR,c,28.04,116.74,-0.08750428934894386,61.49948692168459,2.028333333476107,8.350000000162414,5.559127192406833,2.028333333476107,8.271666666829105,2.028333333476107,8.395000000162327,7.7012186558886935,0.0953944292617449,-0.1483096914057014,-0.11822700431093727,-0.08605891321414198,67.21235677079883,2.250000000142645,8.44500000015953,5.284465812117247,2.250000000142645,8.366666666826267,2.250000000142645,8.523333333492792,5.284465812117247,-0.11428009377067434,2.814269882190567,2.106771467692105,2.8294989694529913,1.9306285228553244,-1.2145373283585323,13.14,13.02,0.08622281608077458,0.08634458752436044,2.1765600000000003,-194.32597253736515,0.1789854032277774,0.1191061505581146,0.12258212922369816,0.10648989248726594,0.10992829799094381
removeMEI_volc_refit,42/6_Remove_IV,c,2.6,8.18,0.006274017524121929,51.727767939353114,-0.48899999985489345,0.14127777794756313,-0.16223908812973098,-5.393333333183769,-5.03499999982696,0.873333333477208,1.6733333335022416,3.884510393800342,0.11516602346682098,0.0007727742729414715,-0.0009005802162113845,0.007719393658923815,14.514387174391572,-0.7966388887434293,0.01783333350054237,-0.5909706958102118,-6.149999999849679,-5.056666666494848,-0.3466666665216052,0.7716666668331892,2.811953601926226,0.003046330324051535,2.2805732531447185,2.3318429652841663,2.497805961682217,2.5407550998617356,0.5707097738825961,38.866,38.25,0.33986424113190794,0.5769511043404763,34.50096,58.21239693602481,0.142282367112669,0.1357652820758627,0.12933195726916202,0.16741742693253897,0.16658991586807007
Kalman_RW_ocn,42/5_Kalman,c,39.72,129.1,0.02461105161555334,47.28939634811338,0.5308333334775049,-2.195833333161595,-0.9729998009631027,-1.3133333331874883,-2.971666666494839,1.1650000001436047,-2.65999999982846,3.8289846223326665,0.05108920598434161,0.03771600685193117,0.06513970609536593,0.026056427750355226,-140.07666810698814,0.5725000001442064,-2.3299999998306657,-1.2263461536867453,-1.0916666665209505,-2.876666666496831,2.066666666809515,-2.259999999830725,3.352713675154419,0.06908661663562887,4.462525315922304,1.8234899333580776,5.608117033108364,4.843851798949,0.516891671483703,16.94,16.616,0.0038011244663463885,0.016987075585242126,8.05996,118.88508444125169,0.08840131147095111,0.08815412479852384,0.0938987894676777,0.13494016536127848,0.14571355851076787
FaIR_nonat,43/1_ERF_FaIR,c,0.36,100.24,-0.09535358864107951,61.23137305292513,2.5366666668090283,8.700277777939755,6.00502814330739,2.5366666668090283,8.388333333495348,2.5366666668090283,8.838333333494939,7.937344629808829,0.11250802819287892,-0.1438964862633027,-0.12427717778782765,-0.09390821250627766,64.66426993490836,2.758333333475566,8.715277777937095,5.760363248013453,2.758333333475566,8.483333333492865,2.758333333475566,8.965000000159089,5.760363248013453,-0.12033026724756474,2.615760051959739,1.9371738781523768,2.5497064821914286,1.8451786751880714,0.092594319561922,13.74,13.5,0.23039935383495927,0.2339055918641116,2.84176,14.815091129907522,0.16953185154416128,0.12336973739588965,0.12763605341199225,0.11269015963259883,0.11668893322742432
butterworth,42/2_LT_Fits,c,0.66,0.98,-0.023451535028200236,64.0950084447371,1.4643055556988687,1.0597222223911573,1.1320470272087209,-0.9066666665211822,-0.7466666664967943,2.255000000142595,1.188333333501432,2.9674693052789665,0.14999739574270263,-0.02654898139604152,-0.02056276016493179,-0.022006158893398412,48.75461755032306,1.5584722223655203,0.8200000001664679,0.8845512822102873,-0.6849999998546445,-0.6516666664988588,3.220000000141781,0.6550000001666194,2.7175854700965885,-0.01661584962466891,1.980250434154231,2.0258112489196596,1.9633340833970785,2.1191803844912913,0.8292596651716522,22.496,22.112,0.5586474752850473,0.9396603568127868,14.01118,116.92561278920294,0.0786702109660534,0.08349839378128636,0.08560861795935387,0.1303956003080911,0.13841343537686804
GWI_tot_AR6,43/3_Human_Induced,c,30.14,71.22,-0.00683073935436126,94.2207942099726,0.945000000143782,0.06083333350319663,0.3982741565608261,0.4466666668109019,-0.15333333316385506,0.8066666668105745,-0.15333333316385506,3.131927467206477,0.04634780360127991,0.02368652102160289,0.006675852041699677,-0.00538536321955941,17.912679558217803,1.1666666668103196,-0.05833333316605607,0.2200641027232566,0.6683333334774397,-0.05833333316605607,1.6650000001432,-0.05833333316605607,2.6071153846008635,0.010622762581962588,4.972017083659745,4.477043286055591,5.060120822035824,5.691962972717638,0.2218232072639679,13.552,13.512,0.0015209079550475258,0.016049750065343156,1.61368,31.055249016955504,0.0811549942425611,0.06486605364157415,0.06502834501138978,0.08986348309364833,0.09715314382165761
CGWL10y_sUKCP,44/44_EarthModel_CGWL,c,6.02,20.08,0.041848943622197134,83.22792143870194,-0.7716666665213279,-2.7044444442725517,-1.9932531124657313,-1.491666666520673,-3.4183333331618453,-1.0666666665210551,-3.0683333331621636,3.766587493879829,0.05512951574677766,0.002027984256683935,0.06537119694935252,0.043302479437946954,-100.07342593761294,-0.5499999998547901,-2.911666666496794,-2.163653845993638,-1.2699999998541351,-3.323333333163082,0.17000000014455507,-2.7283333331636275,3.6018162392376145,0.06940087020781614,3.9704871919411304,1.7684313581296218,5.5896508613717835,3.908365324639771,0.6288522220754179,14.716,14.595999999999998,0.11452030578583505,0.19858109245650174,3.5248399999999998,138.34748885659195,0.07205354953161948,0.07774792421511846,0.08353626790161216,0.12131593195863012,0.13249653082308957
removeMEI_volc_cons,42/6_Remove_IV,c,21.04,58.24,-0.010502050338594188,5.842412755911742,0.13062698427152894,1.8042539684222154,0.7653544644811363,-5.448333333183714,-4.301666666494311,0.4216666668109474,4.746666666832771,3.900439580968765,0.06907421156353705,0.003743569341396826,-0.03227519130417861,-0.009056674203792366,-61.85646295499958,0.27329365093813845,1.3498373017533118,0.4545828756175742,-5.226666666517176,-4.324999999828842,1.6650000001431908,3.2133333334976397,2.2805303724294164,-0.028328280763915734,3.4022593151736285,2.9279004285742642,2.962815933619719,2.8255208628934576,-0.02703828065481102,45.608000000000004,44.886,0.000812177049142067,0.008393906233658679,41.33036,-3.2175553979225104,0.13018950898850104,0.12798135876749298,0.1284117292485275,0.1560682790600792,0.160283934527558
GWI_anthro_CGWL,43/3_Human_Induced,c,12.78,47.02,-0.011179547856581342,55.92023295476156,0.2666666668110747,-0.7516666664977584,0.1337823289444428,0.2666666668110747,-0.7516666664977584,0.2666666668110747,-0.7516666664977584,4.115114370317543,0.08033886300310543,0.012583357000370476,0.009795664888754182,-0.009734171721779485,136.50140256735492,0.48833333347761254,-0.6566666664988224,-0.16038461522470943,0.48833333347761254,-0.6566666664988224,0.48833333347761254,-0.6566666664988224,1.3373076923004177,0.01374257542901709,5.483350048005977,6.253927142764459,4.518253300591505,5.036845047210608,0.5407747734872135,13.1,13.0,0.263116289091432,0.2909743656792091,2.65996,75.7084682882099,0.11826340167046202,0.09164692932563896,0.09064739797877101,0.05791834350611116,0.042588270072304764
GWI_anthro,43/3_Human_Induced,c,13.64,47.64,-0.012868758183411983,53.351138714134585,0.5250000001441777,-0.8399999998310613,0.20324120340328516,0.5250000001441777,-0.8399999998310613,0.5250000001441777,-0.8399999998310613,4.161345619614103,0.07674795044712317,0.011316288098138593,0.011520783564119284,-0.011423382048610127,135.40350325532611,0.7466666668107155,-0.7449999998321073,-0.12115384599400382,0.7466666668107155,-0.7449999998321073,0.7466666668107155,-0.7449999998321073,1.3337179487107047,0.015467694104382194,5.516797181599722,6.242208790457689,4.338333856205382,5.044324755943706,0.5414097061851487,13.1,13.0,0.26255884282597564,0.2920880284120292,2.41432,75.79735886592081,0.11680758993104697,0.09253887363406453,0.09079659390287449,0.05913166561798558,0.04292303369193764
GWI_anthro_SR15,43/3_Human_Induced,c,12.04,44.16,-0.008006337124124067,53.749471267080686,0.32000000014437774,-1.3033333331640007,-0.09417096775882829,0.32000000014437774,-1.3033333331640007,0.32000000014437774,-1.3033333331640007,4.129599955117414,0.07609953407034632,0.01498758082168637,0.018786772064680924,-0.006560960989322215,134.10312418408978,0.5416666668109156,-1.2083333331650283,-0.42153846137851986,0.5416666668109156,-1.2083333331650283,0.5416666668109156,-1.2083333331650283,1.3633333332942101,0.02273368260494383,5.543209868673716,6.050448537596598,4.6456625581764595,5.158676915775386,0.5677198192957856,13.1,13.0,0.28570899850527054,0.3177831046066124,2.3309800000000003,79.48077470140998,0.11564597082901708,0.09242020106982617,0.09130377197889093,0.0592414546424538,0.04466153034449705
CGWL10y_pUKCP,44/44_EarthModel_CGWL,c,0.5,23.44,0.08864940106895983,42.34475651027894,-0.5124999998548583,-4.303333333161418,-3.1716381533516476,-0.5733333331881341,-4.303333333161418,-0.5733333331881341,-4.303333333161418,5.663344130183935,0.1372373436132203,-0.003602927583731028,0.17809870045080445,0.0901029368847096,42.79435060202025,-0.2908333331883205,-4.208333333162264,-3.327756410096374,-0.3516666665215963,-4.208333333162264,-0.22999999985504477,-4.208333333162264,3.3607051280577274,0.18212837370926807,1.9370671997983475,1.3120920412295975,1.9145279069178704,1.3683653065100332,0.5114999969196375,13.224,13.144,0.2619968318394206,0.2914590461727853,1.56896,117.133499294597,0.1055648643024188,0.14075650310464008,0.16342742868936072,0.14389250278046514,0.1677873849204829
lowess2dt30wnc,42/3_ST_Fits,c,19.02,63.84,0.00647566990506377,7.916048399333289,-0.2738888887439983,-0.10805555538589635,-0.26883789805039593,-3.176666666519127,-2.326666666495712,-0.03999999985532199,-0.10666666649774012,3.14734453116496,0.06775480794727534,-0.000122130100382704,0.004795953212932398,0.007921046039865669,-122.42960682702777,-0.2716666665217038,-0.040555555388302016,-0.4984508545408594,-2.954999999852589,-2.2316666664974125,0.7516666668106974,0.18166666683371666,2.559925213647846,0.008742863753195319,3.578271935084288,3.189682330321608,4.852951638092457,4.3452760038971014,0.6906892970205705,19.23,19.026,0.006712652487047567,0.03373923990175513,8.4284,158.85853831473122,0.08968966049649227,0.11011522940519598,0.11192876081633624,0.15312925895749793,0.15968890578057984
lowess1dt30wnc,42/3_ST_Fits,c,16.16,42.9,0.007961115458131201,32.37698228481648,0.4108333334776171,-0.6616666664961122,-0.406508976971773,-1.261666666520864,-1.2433333331629364,0.7200000001439958,-0.8916666664965942,2.7733651150399767,0.052036901248352675,4.182961218811816e-05,0.016061567407985148,0.009406491592933091,-168.73619840714312,0.49583333347761255,-0.9941666664985359,-0.6297863246271453,-1.0399999998543263,-1.1483333331650647,1.9433333334762937,-0.8399999998320072,2.8769230768823557,0.020008477948248088,4.672027802020432,2.287059809185648,6.921436528716956,5.521611449152909,1.018521097144559,15.52,15.216,0.021186027961495105,0.048233883046033245,4.2964,234.2598523432486,0.0627591156589619,0.07753234506218938,0.08058544501840491,0.12830093868420187,0.13703877790812202
min_month_proj,42/3_ST_Fits,c,38.74,158.48,0.2011968872343238,-61.93143829096318,-7.397499999848633,-9.71083333315494,-9.225726900246633,-9.568333333179995,-11.301666666487309,-7.663333333181722,-11.301666666487309,10.139360655486685,0.15128814752840453,0.2035569694983392,0.18235398286868143,0.2026422633691257,-83.78543892114664,-7.425833333181868,-10.34222222204561,-9.70185897419274,-9.846666666513002,-12.103333333155115,-7.194999999848742,-11.038333333156087,9.70185897419274,0.18630089340894437,1.30339495478815,1.2967458754789387,1.2554646626483688,1.5079270752296492,-0.5971045146610872,17.9,18.024,0.004696528275362962,0.014575390628538725,12.92502,-131.96009774010025,0.2266766776915422,0.22975415208721786,0.2228899187093248,0.24450965607022326,0.2395662432203561
cons_hArrh_CO2forc,43/0_Linear,c,73.94,140.46,0.043583222535318634,-11.528917342111903,-5.631666666516881,2.0116666668333347,0.3568653569924472,-5.631666666516881,2.0116666668333347,-5.631666666516881,2.0116666668333347,13.46034656097202,0.2050066267760517,0.11045154839218402,-0.09323928023755731,0.045028598670120476,-9.660899523251867,-5.409999999850343,2.106666666832043,0.21858974371742146,-5.409999999850343,2.106666666832043,-5.409999999850343,2.106666666832043,1.956025641021315,-0.08929236969729436,1.047122001517137,0.8326397111506938,1.0396484870763592,0.8331992542201719,-10.503840775443585,10.74,10.82,0.0,4.5726135843084826e-36,1.6128399999999998,-2352.860333699363,0.1844055884443201,0.1752854075078503,0.14344300245780703,0.15378038878276412,0.11023032302736457
etrend30y,42/3_ST_Fits,c,16.36,69.64,0.007801312540252546,67.66236512928502,0.17666666681115206,-0.984999999829356,-0.4248139127769119,-0.3533333331883613,-1.6516666664966033,-0.3533333331883613,-1.448333333163455,2.974785804886013,0.040163064237606134,-0.004550892333642204,0.024392710376042178,0.009246688675054448,-83.1991240427517,0.39833333347768984,-1.1291666664983813,-0.6746688032593198,-0.1316666665218236,-1.556666666497995,0.9283333334772033,-0.9549999998318708,3.077211538414847,0.028339620916305118,5.04288788713323,2.1305163949253374,5.94168297887565,5.111611272592047,1.150811815811752,14.672,14.492,0.035230221489066384,0.05932438389132457,3.2557,242.82129313627968,0.061618045409146525,0.07514236392413734,0.08013417492372822,0.12050984352069444,0.13104079467022917
GWI_anthro_AR6,43/3_Human_Induced,c,17.76,65.22,-0.017301547247403806,30.675665997574807,1.2416666668101743,-0.3183333331647919,0.6852888779500345,1.2416666668101743,-0.3183333331647919,1.2416666668101743,-0.3183333331647919,4.2292961771500055,0.0699325222506632,0.021733498198030072,0.016334176933231172,-0.015856171112601947,134.0330478279964,1.4633333334767122,-0.22333333316588322,0.3869230770820461,1.4633333334767122,-0.22333333316588322,1.4633333334767122,-0.22333333316588322,1.1941025641145475,0.02028108747349408,5.5175653070509325,6.626309550245619,3.772066724519945,4.702443748025705,0.4030950723032036,13.1,13.0,0.16228104521427333,0.19787809168320725,2.05666,56.4333101224485,0.1226930542554341,0.09269081875877848,0.09277505331600332,0.05752027451571802,0.046031010204859654
lowess1dt26wnc,42/3_ST_Fits,c,21.48,58.48,0.007693076049860372,0.38432109334993586,0.28083333347772166,-0.6761111109406558,-0.2880261866139516,-1.648333333187188,-1.4149999998295606,0.4283333334775898,-0.9849999998299609,2.892688526414547,0.05082768641726315,0.00017191980287866162,0.013171715103486097,0.009138452184662272,-209.46717723310138,0.3558333334777262,-1.018611110942952,-0.5774358972763022,-1.4266666665206502,-1.3199999998315617,1.831666666809715,-0.9866666664985314,2.822307692273822,0.017118625643749042,4.459115787960588,2.4157453147050796,6.7091892703940355,5.651144510517921,0.8387290896436599,16.212,16.008,0.008589356179543596,0.024122877915929215,4.85286,192.90769061804178,0.0664856681550402,0.08218595266670048,0.08462723600800814,0.13275908555290225,0.1408828117105116
lowess1dt36wnc,42/3_ST_Fits,c,11.26,32.88,0.007897906760621503,59.16552577303632,0.0008333334779717916,-1.0249999998294244,-0.4750122792251171,-0.833333333187943,-1.7083333331632822,-0.4549999998549492,-1.469999999830161,2.80282941281915,0.05341867445288748,-0.00043046776968085483,0.02042620468323807,0.009343282895423419,-127.00941069287664,0.22250000014450966,-1.1749999998317024,-0.6614743588147628,-0.6116666665214052,-1.6133333331646371,0.9933333334771487,-1.0299999998318343,2.9599786324318584,0.02437311522350101,4.924878288870863,2.1259032430112303,6.690817785339504,5.4063898170345075,1.1634910509186254,14.924000000000001,14.824000000000002,0.046307262201819806,0.07666562397886417,3.6853800000000003,267.60294171128385,0.059168795280407076,0.07269222172791727,0.07651899782570051,0.12229662725889132,0.13185537280098303
lowess2dt20wnc,42/3_ST_Fits,c,49.02,115.68,0.0058211271310369935,-115.9302848038131,-0.10222222207746956,-0.9094444442741194,-0.19419662497157297,-3.4499999998522117,-3.8383333331609446,0.7850000001439413,-1.3483333331632092,3.2941865950874667,0.060649660658119206,4.401022648765076e-05,0.00453186856213907,0.007266503265838889,-259.8841516208562,0.02416666681138242,-0.7977777776098233,-0.5384829058227656,-3.228333333185674,-3.743333333162691,1.3616666668101607,-0.7533333331654012,2.575192307658571,0.008478779102401992,3.8240336609511085,3.182667616396243,4.145352378194431,3.885963213979299,-0.09863180382429731,22.874000000000002,22.432,8.31405352093092e-05,0.001617912702464897,11.601759999999999,-22.685314879588383,0.1024524518331597,0.12330524560674758,0.12466245149517277,0.1580663423095865,0.163555483190762
lag5y,42/1_Run_Means,c,41.22,110.98,-0.03032715250651038,-26.11953863198936,2.2116666668092813,1.5327777779462,2.02359355937988,0.013333333477944525,0.1800000001690296,3.375000000141567,2.1483333335005774,3.4597245883769374,0.04232394236983152,-0.018283217388650602,-0.023544130706787056,-0.028881776371708537,-169.41057831024193,2.1152777779205523,1.6319444446101912,1.76019230785088,0.23500000014448233,0.2750000001669833,3.660000000141372,2.5400000001649277,2.856645299188119,-0.019597220166524196,4.615432425919027,4.7506096871807735,4.519668709958535,3.795687068776303,0.3857060544394209,17.464000000000002,17.198,3.1081967143885746e-06,0.00034729497410733684,6.30442,88.71239252106683,0.07238793636003976,0.08738463562517364,0.08811268633860043,0.1290028280619117,0.1354191989193143
lowess1dt20wnc,42/3_ST_Fits,c,39.9,94.52,0.00705880024593786,-80.12299779344781,0.43583333347757613,-0.41916666649657747,-0.22906401452650005,-1.921666666520282,-1.9083333331625818,1.1250000001435958,-0.6066666664970944,3.010469577936035,0.04833734479945385,0.00018966453234873593,0.009521466556692315,0.008504176380739765,-306.10166186076725,0.7833333334773351,-0.5741666664989059,-0.47159188018197024,-1.699999999853744,-1.8133333331644552,2.381666666809215,-0.3383333331657832,2.750352564075124,0.013468377096955244,4.139015597903745,2.7344203751023097,6.025683912433745,5.109209875938289,0.36007029874310414,17.664,17.484,0.0007965429287618277,0.003050235843720887,6.0888,82.81616871091396,0.07460117664085952,0.09227809050958906,0.09389771679719973,0.13977205827704595,0.1468508318289614
etrend30y_3CS,42/3_ST_Fits,c,29.28,91.16,-0.011525684997714149,-0.6738993534177581,0.17666666681115206,-0.984999999829356,-0.07737836221667982,-0.3533333331883613,-1.6516666664966033,-0.3533333331883613,-1.448333333163455,3.0868026515673144,0.040163064237606134,-0.012794635359315232,0.024392710376042178,-0.010080308862912318,-110.13987173658741,0.39833333347768984,-1.1291666664983813,-0.3213995724904126,-0.1316666665218236,-1.556666666497995,0.9283333334772033,-0.9549999998318708,2.812788461498374,0.028339620916305118,5.04288788713323,2.1305163949253374,5.94168297887565,5.111611272592047,0.8269432637610279,14.852,14.672,0.020453045507220588,0.03500948993687322,3.5097000000000005,174.48502865357688,0.06911195672694101,0.08912450810427898,0.08013417492372822,0.12158919387647811,0.13104079467022917
removeMEI_cons,42/6_Remove_IV,c,38.56,68.22,-0.00523349145556249,-401.2270161320563,-0.6449999998547625,1.03836507953427,0.4691925414180838,-5.856666666516698,-5.586666666493175,-1.086666666521046,3.135000000167529,3.9689135444669206,0.06202240212991346,0.004470799723630188,-0.03682767340745871,-0.00378811532076067,-739.8691928029373,-0.4233333331882247,0.4145873017541555,0.06922792038811884,-5.6349999998501605,-5.84666666649412,0.28500000014447346,0.44000000016683777,2.552008445250256,-0.03288076286719584,3.7458632663764466,3.490384563444522,3.4289298571597353,3.104418570681107,-3.9396882344723165,49.466,48.846000000000004,1.8621518303761194e-12,9.855882858530055e-07,44.89845999999999,-433.36570579195484,0.1281234190760723,0.13010203488280803,0.1285354043482569,0.1584917790226675,0.16088412116159348
lowess1dg20wnc,42/3_ST_Fits,c,11.42,53.88,0.0002019241110737177,58.5607800145703,1.0450000001437,-0.704999999829688,-0.09986874220735481,0.5333333334774989,-1.2033333331636187,0.948333333477126,-0.976666666497158,3.0035983761004403,0.052235320898043724,-0.006931875528004204,0.03271041628800106,0.001647300245875577,-113.40664903327003,1.266666666810238,-0.8133333331653603,-0.28305555539659977,0.7550000001440367,-1.108333333165092,1.7783333334764393,-0.5183333331656286,3.1509188033786075,0.03665732682826401,5.564007141396694,2.075531885219634,6.420088585209892,6.44128984504764,1.0808440914844757,13.932,13.792,0.02819664419341174,0.050241442603933005,2.77708,248.59414104142942,0.05967088634062261,0.0688218437717268,0.07043894441926393,0.11099782007085271,0.1203853882271325
opt_clim_norm,42/3_ST_Fits,c,48.24,93.04,-0.025043455047276057,-12501.04531019918,1.0915277779214323,1.1848611112788603,1.5242060464290719,-1.5699999998539216,-1.5683333331635094,1.043333333477035,1.813333333500086,4.277463286133384,0.04586267150494969,-0.014303825390675809,-0.02097025881631295,-0.02254998854729363,-20779.88962871971,1.2031944445880702,1.009027777944093,1.2455235044298454,-1.3483333331873837,-1.4733333331647644,1.160000000143682,1.111666666832898,3.411788461546202,-0.01441686837413582,3.6523942849901037,3.901134485845407,5.770177727833784,3.4928779915852317,-68.759756234142,27.014,26.53,2.3214278875358084e-11,4.007603567212377e-08,16.02142,-15796.983568536332,0.08689420792623959,0.1101441707282556,0.11144539589361076,0.1462142203211131,0.150032253415505
hinge75meet,42/2_LT_Fits,c,10.08,46.74,-0.01748710341919133,58.801059484947736,2.700000000142204,2.0866666668344624,1.6831716895817888,2.700000000142204,2.0866666668344624,2.700000000142204,2.0866666668344624,3.96600036584858,0.06015835861136828,-0.009534761817474898,0.010775357369370943,-0.01604172728438949,35.108891124934686,2.9216666668087417,2.1816666668319247,1.553525641183211,2.9216666668087417,2.1816666668319247,2.9216666668087417,2.1816666668319247,2.9237820512928527,0.014722267909633869,4.458575271213196,4.72582106652824,3.252905205192923,4.353302217513427,1.009136190157736,13.2,13.1,0.04984687078848211,0.09868479639248004,2.1188599999999997,156.4161094744491,0.07147659026345714,0.08290999325665271,0.09116181134976317,0.09658622877941524,0.10735708514228388
quartic,42/2_LT_Fits,c,50.0,96.24,0.0721044888834218,-100.15420470734972,-3.1616666665191224,-4.962499999826062,-4.192590950551933,-3.7366666665185995,-5.846666666493056,-3.7366666665185995,-5.846666666493056,5.792011713194037,0.04987032693952789,0.0195006290171677,0.09128360027525771,0.07354986501822366,-322.32613736929716,-2.9399999998525845,-5.071666666494819,-4.2916666665053755,-3.5149999998520616,-5.751666666494202,-2.4549999998530256,-4.746666666495112,5.369358974246794,0.09523051081552064,1.6966418521008686,0.9380978009281519,3.1299218180767263,1.9157061352906868,-0.5623454358024091,14.095999999999998,13.936,8.36053062027908e-05,0.00036422975796987424,3.2958800000000004,-78.72836101233729,0.10020108098166436,0.10426211037066137,0.11462257426277052,0.1418791127626725,0.15649345571597462
lag10y,42/1_Run_Means,c,68.0,134.28,-0.07646257731119788,-156.79276701451448,4.515833333473884,4.210833333499623,4.25415545119019,3.7066666668079553,3.63666666683288,5.035000000140076,4.350000000165564,4.8023592947372995,0.03595764954662749,-0.04115918068263837,-0.06072260513305659,-0.07501720117639601,-167.3321355945036,4.587500000140563,3.9216666668303515,4.020576923233262,3.9283333334744928,3.7316666668305243,5.2466666668066315,4.111666666830178,4.189038461682004,-0.056775694592793684,2.863497787535279,5.2749261555085925,1.0517599711659888,1.7905426407278657,0.08954460560866603,14.4,14.155999999999999,1.1951200528795739e-05,0.00025273954764916433,3.0743799999999997,20.59525928999319,0.0727353392678321,0.09889614239011624,0.09759759527311263,0.1321936764691983,0.13724132862743982
Bayes_seq_CP,42/2_LT_Fits,c,104.2,144.38,-0.001757685531006106,-61.41266741983313,1.833333333476321,-0.4941666664962759,0.343375929787222,1.0800000001436774,-0.7299999998300336,2.2433333334759435,-0.7299999998300336,3.1187755654685243,0.037880784676616874,-0.08552233652016618,0.028167540750053982,-0.0003123093962042482,-291.7719575628904,2.4475000001424996,-0.6349999998322073,0.24521367537241162,1.3016666668102153,-0.6349999998322073,3.593333333474784,-0.6349999998322073,3.018803418788663,0.03211445129031692,6.501660292272199,2.6712265910434354,5.364133994621136,7.655946345961171,-12.673151975397936,14.595999999999998,14.524000000000001,2.7214112825234054e-37,1.992797008845732e-32,3.6961,-2420.5720273010056,0.15740971765493192,0.0838152518397328,0.08825119551956075,0.1312941327997187,0.14167436512674134
offset11y,42/1_Run_Means,c,121.7,178.66,0.024196307681305207,3.9462520480794026,0.07916666681127485,-1.2183333331627226,-1.0421730351361003,-0.47999999985488556,-1.763333333163264,-0.04666666652194636,-1.4266666664969034,3.0085913351486657,0.03508633770355392,0.06423563972442985,0.041424085790460675,0.025641683816107097,-200.0216064373661,0.30083333347781255,-1.5208333331647372,-1.1744871793274838,-0.25833333318834784,-1.6683333331646009,0.83166666681067,-1.3733333331648736,3.050897435838236,0.045370996330723605,4.759561004929247,2.4188636677071305,7.6897698501119445,6.8434761210124,-1.4259002145612962,14.075999999999999,14.056,2.511362737420676e-06,2.631947652764745e-05,2.80824,-327.9570493490981,0.08923200638593017,0.06679183582162686,0.07088417193762692,0.1096537060804037,0.1196763596618124
lowess1dt20wARMA,42/3_ST_Fits,c,76.72,142.86,0.00705880024593786,-408.81157758474075,0.4308333334775807,-0.4158333331632517,-0.2285868527993406,-1.9283333331869426,-1.9033333331625908,1.1200000001436048,-0.5999999998304338,3.0133522644023225,0.03219218908048916,-0.0012750422011577078,0.009521466556692315,0.008504176380739765,-892.8162353322774,0.7783333334773397,-0.5708333331655802,-0.4706944442845411,-1.7066666665204047,-1.8083333331644644,2.3783333334758847,-0.3349999998324528,2.750822649545214,0.013468377096955244,4.53615895075175,2.2811686098460635,6.569503718575143,5.336893927300818,-1.6109730410516017,17.664,17.484,1.579127530177885e-06,7.563961915729604e-06,5.969880000000001,-346.35920382609436,0.07599763928675575,0.09227809050958906,0.09389771679719973,0.13977205827704595,0.1468508318289614
lowess1dt20wAR,42/3_ST_Fits,c,87.58,149.56,0.00705880024593786,-576.7961318589657,0.4366666668109201,-0.4194444442743558,-0.22763054059303048,-1.9249999998536031,-1.9083333331625818,1.1266666668102836,-0.6049999998304247,3.0128032267604827,0.03634134491362238,0.00018966453234873593,0.009521466556692315,0.008504176380739765,-1171.3127301834527,0.784166666810679,-0.5744444442766842,-0.4701388887289854,-1.7033333331870653,-1.8133333331644552,2.381666666809224,-0.3383333331657831,2.7486858974084623,0.013468377096955244,4.658375460069661,2.1924306488373473,6.765435543335952,5.3588279036394235,-2.3113880159216147,17.664,17.484,5.230304652597948e-08,4.7056698033419914e-07,6.0888,-531.6192436619714,0.07460117664085952,0.09227809050958906,0.09389771679719973,0.13977205827704595,0.1468508318289614
lowess1dt10wnc,42/3_ST_Fits,c,110.72,169.78,0.005714949216381846,-629.4713937351788,0.0647222223668162,-0.5630555553847807,-0.082480144692463,-3.1116666665191905,-3.9649999998275054,1.0833333334770077,-1.1999999998285147,3.2420770914879973,0.0390023452719993,6.572910910075673e-05,0.0055186753703080115,0.007160325351183747,-950.6412701405598,0.40638888903324644,-0.7313888887210078,-0.4446837605237443,-2.8899999998526527,-3.8699999998292607,1.8883333334763484,-0.7849999998320802,2.7249743589404636,0.00946558591057094,3.2538912586794244,4.5500487892922035,4.158208369199885,4.430399058013747,-3.167891433236891,23.37,22.991999999999997,7.500693618111921e-18,3.240881725019384e-08,11.273140000000001,-728.6150296444849,0.09878519698484294,0.11592195932100305,0.11731113450185604,0.15227204427065802,0.15814458113461072
OLS_hinge75,42/2_LT_Fits,c,43.14,91.62,-0.004682919386576402,-153.669525649177,2.06333333347608,0.8750000001687749,0.8365633673488665,2.06333333347608,0.8750000001687749,2.06333333347608,0.8750000001687749,3.697749107952173,0.034115274380706585,-0.005719249571188982,0.03280087889957024,-0.0032375432517745446,-350.4281826430664,2.285000000142618,0.9700000001663648,0.7242948719529315,2.285000000142618,0.9700000001663648,2.285000000142618,0.9700000001663648,3.1981410256262315,0.03674778943983317,6.325942071289501,3.243514228782581,3.7920326398049973,7.031667451033711,-0.42695348239583913,13.28,13.18,0.0008916675534256935,0.002304964636084217,2.50916,-66.17778977135507,0.07362465965498045,0.08181424758398337,0.08909133667332864,0.10675609281530042,0.11639904767452876
TheilSen_h7075,42/2_LT_Fits,c,62.9,111.38,-0.03835586997778655,-407.023848137707,2.763333333475507,3.0666666668339984,2.6607484184079904,2.7266666668088737,3.0350000001672743,2.7266666668088737,3.0350000001672743,4.9763579352053995,0.03328820219211192,-0.028496166978082608,-0.00025545974974735874,-0.03691049384298469,-483.3808917950209,2.985000000142045,3.130000000164391,2.531025641182545,2.9483333334754116,3.130000000164391,3.0216666668086782,3.130000000164391,3.4861538462212915,0.0036914507905155634,3.533316134463178,4.634529579650473,3.3918073586706043,4.288544697300234,-2.045505914028311,13.184000000000001,13.064,2.192574405364843e-05,0.0001002605086491752,2.84156,-317.0534166743882,0.08948100934790183,0.10516469727520272,0.11000984277556153,0.11283560497004427,0.12066803139817887
EBMKF_ta,43/2_Kalman,c,126.96,189.16,0.12423047064292493,-675.9952934460122,-6.509999999852194,-6.09083333315908,-6.574463106172793,-6.709999999852194,-6.248333333159371,-6.709999999852194,-6.248333333159371,7.715514098167763,0.03695056128708121,0.07479680236582587,0.12251180464476556,0.1256758467777268,-734.5802192803061,-7.3399999998485965,-5.995833333160654,-6.808525640861848,-7.3399999998485965,-6.153333333160508,-7.3399999998485965,-5.838333333160799,6.845576922919513,0.12645871518502852,0.6353907379398636,1.1128194277627936,0.8316589348047109,1.8864068368719307,-3.1262978506849635,13.12,13.06,8.69558573918869e-06,2.121915540456406e-05,0.46722,-719.0485056575417,0.10624995753232629,0.1415012052284612,0.14284763415899487,0.14615062325157388,0.1512035613967809
EBMKF_ta2,43/2_Kalman,c,104.72,145.48,0.15117992393080798,-978.1777179581841,-5.284999999853312,-8.160833333157457,-7.394665265125423,-5.964999999852876,-8.606666666490874,-5.964999999852876,-8.606666666490874,8.551832132080614,0.03711092341807703,0.07189167471870465,0.18767398782910832,0.15262530006560984,-1235.2811060244783,-6.094999999849733,-8.065833333158757,-7.60884615368249,-6.574999999849297,-8.511666666491692,-6.481666666516048,-8.15333333315868,7.60884615368249,0.19162089836937127,1.1904431807462572,0.5145442529754102,0.583477515286931,0.3744223069701175,-3.324915734532072,13.82,13.8,4.799953224069016e-09,1.1655647364402614e-08,2.04706,-764.7306189423765,0.1088082494601512,0.16466659381538384,0.1786940588246318,0.18145436554859695,0.19896561600686996
OLS_refit_CO2forc,43/0_Linear,c,182.54,206.12,-0.18964253059767774,-2413.862900417528,9.783333333469068,14.4950000001448,13.234137182376974,9.783333333469068,13.895000000144801,9.783333333469068,13.895000000144801,14.624646450218561,0.023048612789611102,-0.07489399092102483,-0.20628834912416782,-0.18819715446287588,-2341.8142306129575,10.005000000135606,13.255000000134933,12.862628205243581,10.005000000135606,11.855000000134932,10.005000000135606,11.855000000134932,12.862628205243581,-0.20234143858390488,0.00021099894811220217,0.02393022303302432,0.016398261577328516,0.0012629513424142174,-20.294247640176135,10.82,10.76,0.0,3.6582562274923296e-36,2.04728,-4545.911471399454,0.14123723657194723,0.2017833412998579,0.21513447492136314,0.20117859471965627,0.21538392828470668
OLS_refit,42/2_LT_Fits,c,121.56,133.48,-0.2802741874504828,-3446.8785728857224,16.92750000012445,17.180000000155832,16.600163864059866,16.488333333457817,17.180000000155832,16.566666666791082,17.180000000155832,16.8531265793777,0.030158827727921493,-0.18315715341351535,-0.27967280922045357,-0.27882881131568094,-3444.3896180268557,17.087500000121892,16.980000000134467,16.256538461673514,16.448333333455256,15.78000000013447,16.526666666788525,15.78000000013447,16.256538461673514,-0.27572589868019065,5.975174631191796e-11,3.902350082936332e-08,0.032920086428309105,0.00039967365612300366,-25.880413314780235,12.824000000000002,12.044,4.9129715540189145e-25,2.454933091590356e-24,0.83004,-3623.2578640692327,0.24048971810962916,0.2931015211372811,0.31061348375610004,0.29212066696970834,0.3101771559714683
FaIR_all,43/1_ERF_FaIR,c,158.54,159.5,-0.17413834050023286,-1459683.9767154718,6.506388889027645,11.657777777938731,10.373920547178706,4.635000000140458,11.128333333494702,8.070000000137338,12.220000000160507,12.134234150641841,0.005577133428333508,-0.17284412510396432,-0.20390455539062402,-0.17269296436543102,-1751508.8465600917,6.943055555693986,11.729444444589463,9.928226495858445,4.856666666806996,10.111666666812425,9.226666666803021,11.780000000144247,9.928226495858445,-0.19995764485036108,7.927506238025087,2.0525238537797397e-30,0.001796243355159208,1.1879724016908e-38,-15912.29174876567,15.312000000000001,15.074000000000002,1.575451631136325e-79,3.4385721299185275e-62,6.688400000000001,-2545966.679802507,0.20748929802404645,0.212487905215348,0.21627727999128066,0.23787984251728236,0.2458837800518078
