yyyymm,temperature_volw_mean,salinity_volw_mean,temperature_uncert,salinity_uncert,temperature_obs_wt,salinity_obs_wt
190001,273.892,34.6231,0.31894,0.0645998,0.0330965,0
190002,273.89,34.6255,0.318639,0.0645998,0.0323253,0
190003,273.892,34.6273,0.318475,0.0645998,0.0320632,0
190004,273.883,34.6286,0.316824,0.0645424,0.0583074,0.0109021
190005,273.879,34.6274,0.316321,0.0644345,0.0517866,0.0414931
190006,273.87,34.6226,0.316272,0.0643216,0.0544747,0.0370532
190007,273.873,34.6203,0.313333,0.0639926,0.11565,0.109027
190008,273.871,34.6191,0.310646,0.063588,0.11514,0.115811
190009,273.863,34.6192,0.310992,0.0635022,0.083095,0.0753941
190010,273.858,34.621,0.313615,0.0638626,0.0449387,0.0351497
190011,273.858,34.6215,0.31504,0.0639665,0.0454344,0.0436562
190012,273.872,34.6217,0.315843,0.0640894,0.0419241,0.0369145
190101,273.876,34.6234,0.316997,0.0641408,0.03086,0.0437261
190102,273.881,34.626,0.315674,0.063774,0.0636055,0.0604952
190103,273.881,34.6283,0.314795,0.0637209,0.0570653,0.0535847
190104,273.879,34.6296,0.314971,0.0637624,0.0596386,0.0576457
190105,273.861,34.6279,0.31291,0.0634574,0.0903314,0.0928454
190106,273.836,34.6226,0.312364,0.0635223,0.0836776,0.0770561
190107,273.843,34.6181,0.310682,0.0633149,0.105145,0.0993188
190108,273.853,34.6169,0.311104,0.0633346,0.0966413,0.0910303
190109,273.859,34.6171,0.313968,0.0637024,0.0594169,0.0549002
190110,273.853,34.6191,0.315758,0.0639887,0.0481279,0.0164561
190111,273.852,34.62,0.317224,0.0642117,0.0144666,0.00964016
190112,273.864,34.6201,0.318123,0.0643633,0.0125045,0.000699734
190201,273.878,34.6229,0.31781,0.0643793,0.0323849,0.0273319
190202,273.881,34.6226,0.316971,0.0641825,0.0479976,0.0437246
190203,273.885,34.6246,0.318019,0.0643403,0.00843218,0
190204,273.881,34.6263,0.31851,0.0644316,0.0169743,0.00449197
190205,273.876,34.6254,0.316436,0.0640019,0.058538,0.0626767
190206,273.862,34.6221,0.315175,0.0637163,0.0715924,0.0768536
190207,273.858,34.6187,0.31555,0.0637904,0.0641776,0.0632536
190208,273.891,34.616,0.312698,0.0635053,0.111687,0.110849
190209,273.889,34.6155,0.314654,0.0638202,0.0681798,0.0598979
190210,273.878,34.6195,0.314872,0.0638357,0.0648462,0.061385
190211,273.874,34.6199,0.314298,0.0638737,0.0708938,0.0485478
190212,273.869,34.6198,0.313647,0.0639113,0.0839102,0.0570305
190301,273.873,34.6221,0.315687,0.0641031,0.0525723,0.0276489
190302,273.865,34.6234,0.312956,0.0634927,0.108253,0.100062
190303,273.866,34.6243,0.313938,0.0638262,0.0715951,0.0819509
190304,273.886,34.6275,0.314038,0.0638075,0.0600992,0.0593829
190305,273.88,34.6278,0.311826,0.0635161,0.106938,0.0933349
190306,273.875,34.6244,0.312025,0.0636693,0.0913124,0.0947663
190307,273.871,34.6196,0.314031,0.0640383,0.0740828,0.0749418
190308,273.881,34.6162,0.312258,0.0636867,0.0979015,0.098315
190309,273.884,34.6167,0.313722,0.0639734,0.078794,0.0728725
190310,273.878,34.6194,0.314585,0.0640283,0.046944,0.037794
190311,273.876,34.6203,0.314409,0.063779,0.0692222,0.0692393
190312,273.886,34.6204,0.316277,0.0640894,0.0364541,0.0270519
190401,273.889,34.6226,0.317368,0.0642132,0.0349807,0.031259
190402,273.891,34.6217,0.316391,0.0640541,0.0642611,0.075422
190403,273.891,34.6247,0.315601,0.0642663,0.0747149,0.0554326
190404,273.892,34.6262,0.315411,0.0642804,0.0759202,0.0725147
190405,273.876,34.626,0.313208,0.0639205,0.0941382,0.0958713
190406,273.881,34.6234,0.312842,0.0637896,0.0941748,0.095042
190407,273.885,34.6193,0.313222,0.0640003,0.0886029,0.0883824
190408,273.903,34.6171,0.311786,0.0636715,0.119816,0.123619
190409,273.901,34.6171,0.314669,0.0639769,0.0680679,0.0705101
190410,273.892,34.6199,0.316189,0.0641393,0.0433303,0.0415164
190411,273.891,34.6205,0.316559,0.0640906,0.0505206,0.0526226
190412,273.898,34.6206,0.317421,0.0642,0.0440653,0.0439708
190501,273.899,34.6227,0.317997,0.0642566,0.0390413,0.0415062
190502,273.899,34.6254,0.318313,0.0642816,0.0385243,0.0415737
190503,273.898,34.6268,0.317587,0.0641533,0.0483612,0.0514667
190504,273.895,34.6284,0.318058,0.0642049,0.0377814,0.0383174
190505,273.881,34.6274,0.316119,0.0640549,0.0647047,0.0621646
190506,273.876,34.6236,0.316045,0.0639921,0.0843598,0.0816576
190507,273.879,34.621,0.312754,0.0636147,0.114959,0.117038
190508,273.892,34.6189,0.312238,0.0636934,0.103349,0.108588
190509,273.896,34.6195,0.314607,0.0639166,0.0505308,0.0528793
190510,273.886,34.6218,0.316378,0.0641272,0.0265,0.0231698
190511,273.874,34.6223,0.315573,0.0638029,0.064717,0.066521
190512,273.885,34.6223,0.316621,0.0640329,0.0388471,0.034919
190601,273.888,34.6245,0.317661,0.0641832,0.0225316,0.02413
190602,273.887,34.6267,0.317413,0.0641186,0.0473678,0.0490891
190603,273.887,34.6278,0.316719,0.0639775,0.0562803,0.0585901
190604,273.888,34.6292,0.316197,0.0638963,0.0624732,0.0618422
190605,273.879,34.6269,0.315233,0.0637601,0.067823,0.0691965
190606,273.86,34.6231,0.315659,0.0638395,0.0618317,0.0625034
190607,273.849,34.6186,0.312424,0.0634849,0.118593,0.112431
190608,273.875,34.6133,0.311118,0.0633143,0.117222,0.119618
190609,273.879,34.6145,0.312816,0.0635048,0.0920964,0.102803
190610,273.871,34.6164,0.314808,0.0638065,0.0455495,0.0452457
190611,273.864,34.6173,0.315446,0.0638309,0.0561613,0.0599565
190612,273.875,34.6178,0.317011,0.0641143,0.0200897,0.0132625
190701,273.88,34.6207,0.317987,0.0642727,0.0155581,0.0142806
190702,273.881,34.623,0.31846,0.0643208,0.0177564,0.0203571
190703,273.884,34.6248,0.318893,0.064416,0.0131303,0.00939187
190704,273.882,34.6267,0.319007,0.0644255,0.0216461,0.0173912
190705,273.872,34.6231,0.318132,0.0641973,0.0572223,0.0619782
190706,273.862,34.6189,0.317772,0.0641347,0.0609184,0.0602882
190707,273.865,34.6156,0.317274,0.06406,0.0810796,0.0834036
190708,273.877,34.6124,0.316769,0.0639509,0.0890851,0.101915
190709,273.878,34.6128,0.31701,0.0640464,0.0855378,0.0870187
190710,273.872,34.6156,0.317995,0.0642526,0.0200485,0.0135526
190711,273.869,34.6169,0.318367,0.0642987,0.0258312,0.0209823
190712,273.88,34.6174,0.318833,0.0644043,0.0182168,0.0100058
190801,273.884,34.62,0.319071,0.0644461,0.0197861,0.014425
190802,273.886,34.6225,0.319195,0.0644496,0.0156635,0.0162834
190803,273.888,34.6248,0.319001,0.0643803,0.0229183,0.0227604
190804,273.884,34.6267,0.318811,0.0643986,0.0305583,0.0239503
190805,273.872,34.6241,0.316985,0.064297,0.0855497,0.0753658
190806,273.852,34.6194,0.314848,0.0640739,0.12002,0.105215
190807,273.865,34.6144,0.312494,0.0638227,0.126084,0.126567
190808,273.871,34.6111,0.313459,0.0638692,0.0999309,0.0972232
190809,273.877,34.6119,0.31415,0.0638684,0.0907746,0.0957928
190810,273.87,34.6149,0.315843,0.0641656,0.0447966,0.0384185
190811,273.867,34.6163,0.316882,0.0642808,0.0321875,0.0264709
190812,273.885,34.6181,0.317103,0.0643133,0.0442701,0.0389176
190901,273.881,34.6179,0.316797,0.0643155,0.0471062,0.0494845
190902,273.883,34.6209,0.317634,0.0643287,0.0215605,0.0236374
190903,273.885,34.6231,0.318189,0.0644021,0.0272562,0.014029
190904,273.886,34.6257,0.317687,0.0644039,0.0465997,0.0433009
190905,273.884,34.6258,0.316305,0.0641166,0.0623385,0.065697
190906,273.862,34.6192,0.315661,0.0640192,0.0936463,0.0923704
190907,273.869,34.6122,0.315452,0.0639145,0.0721024,0.0739224
190908,273.875,34.6098,0.315775,0.0640007,0.0702167,0.0541436
190909,273.882,34.6113,0.316082,0.0641296,0.0808451,0.0745117
190910,273.876,34.6144,0.317385,0.0643179,0.0264439,0.0176854
190911,273.878,34.6165,0.317349,0.0642873,0.0737974,0.0658175
190912,273.886,34.6171,0.31746,0.0643511,0.0401455,0.028308
191001,273.887,34.6191,0.316946,0.0643863,0.0503816,0.0345455
191002,273.887,34.6217,0.317953,0.0644075,0.0162027,0.0179179
191003,273.89,34.624,0.318355,0.0644039,0.0256204,0.0204995
191004,273.887,34.6251,0.318731,0.0643929,0.0223378,0.0227657
191005,273.866,34.6233,0.317245,0.0641894,0.0529118,0.0473089
191006,273.85,34.6196,0.315099,0.0639013,0.0846212,0.0858599
191007,273.857,34.6161,0.312911,0.0636507,0.113441,0.110199
191008,273.873,34.6145,0.313117,0.063613,0.0948561,0.0925316
191009,273.879,34.6137,0.313712,0.0636125,0.0970401,0.099832
191010,273.872,34.6161,0.316003,0.0639441,0.0206616,0.0190393
191011,273.869,34.6172,0.317373,0.0641896,0.0194436,0.00839415
191012,273.88,34.6177,0.318173,0.0643074,0.0190472,0.0140209
191101,273.884,34.62,0.318597,0.0643231,0.0198399,0.021079
191102,273.885,34.6227,0.318775,0.0643176,0.023453,0.025802
191103,273.888,34.6245,0.318945,0.0643427,0.0236231,0.0225777
191104,273.884,34.6262,0.318985,0.0643412,0.0282976,0.0262792
191105,273.869,34.6252,0.317497,0.064173,0.0513726,0.0466379
191106,273.86,34.6212,0.318,0.0642594,0.0412557,0.0258893
191107,273.865,34.6173,0.31822,0.0642403,0.0456441,0.0474485
191108,273.876,34.6152,0.317959,0.0641867,0.0672985,0.0592809
191109,273.878,34.6154,0.31847,0.0642719,0.0301536,0.0268133
191110,273.872,34.6178,0.318623,0.0642763,0.0329712,0.0307872
191111,273.867,34.6186,0.318814,0.0643459,0.0327092,0.0278956
191112,273.878,34.6187,0.318822,0.0644211,0.0288611,0.0264595
191201,273.883,34.6215,0.318441,0.0646102,0.0480713,0.0436864
191202,273.884,34.6244,0.318913,0.0645982,0.0199754,0.0213606
191203,273.887,34.6261,0.319082,0.0646078,0.0259886,0.0287646
191204,273.882,34.6276,0.319282,0.0646027,0.0240711,0.0108625
191205,273.863,34.6253,0.318189,0.0642547,0.0478919,0.0555793
191206,273.865,34.6216,0.31843,0.0643366,0.0508904,0.0418067
191207,273.848,34.6175,0.316486,0.0639397,0.0961573,0.0899144
191208,273.861,34.6136,0.315685,0.0638449,0.0897957,0.0964436
191209,273.868,34.615,0.315986,0.0639369,0.0646587,0.0690986
191210,273.861,34.6178,0.317271,0.0641895,0.0251366,0.0210127
191211,273.86,34.6191,0.317765,0.0642736,0.036218,0.0401108
191212,273.873,34.6194,0.31814,0.0643928,0.0340539,0.0307209
191301,273.878,34.622,0.318706,0.064465,0.0156046,0.00720698
191302,273.875,34.6226,0.318574,0.064269,0.0410574,0.0435718
191303,273.875,34.6231,0.318219,0.0641402,0.0421666,0.0442357
191304,273.875,34.6252,0.31795,0.0640671,0.0449556,0.0448729
191305,273.866,34.6231,0.317085,0.0639031,0.0626473,0.0639736
191306,273.859,34.6204,0.315749,0.0637341,0.0815173,0.0827585
191307,273.857,34.6163,0.314219,0.0637443,0.094461,0.0934037
191308,273.87,34.614,0.31561,0.0639014,0.06296,0.0647969
191309,273.874,34.6147,0.317128,0.0641843,0.0282408,0.0143195
191310,273.867,34.6174,0.318036,0.0643344,0.0182469,0.00780152
191311,273.866,34.6185,0.318559,0.0644124,0.0214918,0.0123193
191312,273.877,34.6187,0.318936,0.064475,0.0189403,0.00947357
191401,273.881,34.6211,0.319102,0.0644269,0.0136552,0.0127937
191402,273.882,34.623,0.319195,0.0644083,0.0191668,0.0234319
191403,273.886,34.6246,0.31923,0.0643912,0.0196781,0.0218234
191404,273.886,34.6269,0.318894,0.0643097,0.0318299,0.0313906
191405,273.875,34.6254,0.318118,0.0641996,0.0462013,0.0421266
191406,273.868,34.622,0.318416,0.0642428,0.0347671,0.0321165
191407,273.868,34.6181,0.318322,0.0642695,0.0489684,0.0430776
191408,273.88,34.6157,0.318721,0.0643558,0.0346718,0.030548
191409,273.882,34.6162,0.319061,0.0644298,0.0178988,0.0156036
191410,273.875,34.6188,0.319264,0.0644696,0.0146608,0.0123293
191411,273.871,34.6197,0.319346,0.0644631,0.015175,0.0110768
191412,273.882,34.6198,0.319401,0.0644671,0.0153098,0.0111176
191501,273.886,34.6222,0.319453,0.0644713,0.0142767,0.0110156
191502,273.887,34.6245,0.319484,0.0644738,0.0139747,0.0110405
191503,273.889,34.6264,0.319496,0.0644748,0.0144128,0.0110847
191504,273.886,34.6279,0.319506,0.0644761,0.0150071,0.01181
191505,273.881,34.6266,0.319494,0.064476,0.0164451,0.0125182
191506,273.872,34.6229,0.319483,0.0644745,0.0174574,0.0133912
191507,273.876,34.6188,0.319474,0.0645011,0.0235361,0.0155436
191508,273.887,34.6166,0.319457,0.0645218,0.0274476,0.0207158
191509,273.888,34.617,0.319497,0.0645286,0.0157833,0.010594
191510,273.88,34.6196,0.319525,0.0645392,0.0156058,0.0101862
191511,273.875,34.6205,0.319504,0.0645631,0.0194574,0.00115273
191512,273.886,34.6205,0.319554,0.064577,0.0146905,3.96749e-08
191601,273.889,34.623,0.319564,0.0645854,0.019409,8.80681e-05
191602,273.89,34.6254,0.319593,0.0645906,0.0142179,0.000115236
191603,273.893,34.6272,0.319611,0.0645939,0.0140269,3.30381e-08
191604,273.889,34.6285,0.31962,0.064596,0.0141642,3.25776e-08
191605,273.884,34.6273,0.319585,0.0645973,0.0154471,3.46828e-08
191606,273.875,34.6233,0.319517,0.0645982,0.0210392,4.21186e-08
191607,273.877,34.619,0.319012,0.0644884,0.0499172,0.0314427
191608,273.884,34.6167,0.318977,0.0645316,0.0584568,0.00348755
191609,273.884,34.6171,0.31933,0.0645572,0.0471163,0
191610,273.876,34.6197,0.319517,0.0645727,0.0140618,0.000574417
191611,273.873,34.6204,0.319656,0.0645456,0.0360124,0.0103188
191612,273.885,34.6204,0.319672,0.0644986,0.0139116,0.0115585
191701,273.888,34.6228,0.31966,0.0644868,0.0156299,0.0109455
191702,273.889,34.6252,0.319686,0.064508,0.0140275,0.0100767
191703,273.892,34.6271,0.319688,0.0645192,0.0140311,0.0100755
191704,273.887,34.6283,0.319631,0.0644916,0.0148381,0.0116705
191705,273.881,34.6272,0.319572,0.0644839,0.015893,0.0116557
191706,273.873,34.6232,0.319574,0.064507,0.0157656,0.0106787
191707,273.877,34.6191,0.319571,0.0645434,0.016242,0.000618252
191708,273.888,34.6168,0.319572,0.0645644,0.0161669,0.000940927
191709,273.889,34.6171,0.319571,0.0645771,0.0158012,0.000597949
191710,273.881,34.6197,0.319567,0.064585,0.0153124,0.000596537
191711,273.877,34.6205,0.319563,0.0645903,0.0155465,3.82849e-08
191712,273.887,34.6206,0.319568,0.0645935,0.0161438,0.000598232
191801,273.891,34.623,0.319637,0.0645957,0.00888353,2.64178e-08
191802,273.891,34.6254,0.319673,0.0645971,0.00889959,3.44972e-08
191803,273.894,34.6272,0.319648,0.0645981,0.0139001,0
191804,273.89,34.6286,0.319607,0.0645985,0.014581,0.000600791
191805,273.884,34.6273,0.319576,0.0645988,0.0165137,0.00110469
191806,273.875,34.6233,0.319564,0.0645989,0.0167777,0.00119308
191807,273.879,34.6192,0.319557,0.064599,0.0176891,0.00228458
191808,273.885,34.6164,0.318755,0.0644175,0.0691763,0.0657681
191809,273.886,34.6159,0.318506,0.0643412,0.0591998,0.0584854
191810,273.879,34.6182,0.318596,0.0643849,0.0403614,0.0270593
191811,273.876,34.6193,0.318679,0.0643765,0.0386071,0.0331944
191812,273.886,34.6195,0.31903,0.0644323,0.015496,0.01033
191901,273.89,34.6219,0.31924,0.0644682,0.0139954,0.010335
191902,273.891,34.6244,0.319396,0.0644934,0.0132375,0.0100767
191903,273.893,34.6263,0.319445,0.0645066,0.021158,0.010934
191904,273.888,34.6285,0.319138,0.064462,0.0376923,0.0307098
191905,273.882,34.6269,0.319219,0.0644803,0.0323264,0.0144919
191906,273.872,34.622,0.319017,0.0643484,0.0260991,0.0263975
191907,273.877,34.6174,0.319158,0.0643746,0.0225834,0.0168543
191908,273.887,34.6148,0.319156,0.064324,0.0243218,0.0276046
191909,273.89,34.6146,0.319185,0.0642742,0.0361263,0.0432686
191910,273.881,34.6172,0.319259,0.0643318,0.0232362,0.0170094
191911,273.876,34.6173,0.319215,0.0642932,0.0228068,0.0276391
191912,273.886,34.6178,0.319294,0.0643489,0.0191324,0.01648
192001,273.889,34.6201,0.319267,0.0643238,0.0232221,0.0236768
192002,273.89,34.6228,0.319326,0.0643645,0.0202516,0.0198819
192003,273.892,34.6243,0.319033,0.0643096,0.0414163,0.0468186
192004,273.888,34.6253,0.319008,0.0642677,0.0313912,0.0329343
192005,273.882,34.624,0.318984,0.0642969,0.029612,0.0300491
192006,273.877,34.6206,0.317551,0.0641056,0.0739629,0.0535619
192007,273.882,34.6165,0.316795,0.0641942,0.068159,0.0290509
192008,273.9,34.6145,0.315142,0.0638402,0.11034,0.0996918
192009,273.901,34.6149,0.316305,0.0640051,0.0714489,0.0332997
192010,273.891,34.6174,0.317449,0.0641457,0.0271956,0.0283501
192011,273.885,34.6182,0.31778,0.0641719,0.043104,0.0413543
192012,273.895,34.6184,0.318409,0.0642698,0.0210771,0.0195924
192101,273.898,34.6209,0.318795,0.0643302,0.0199665,0.0203143
192102,273.896,34.6233,0.318963,0.0643358,0.0238271,0.0266162
192103,273.896,34.625,0.318783,0.0643412,0.0398223,0.0285445
192104,273.893,34.6264,0.318043,0.0643694,0.0431291,0.0199837
192105,273.891,34.6256,0.317182,0.0640998,0.0495987,0.0557844
192106,273.882,34.6215,0.317951,0.064231,0.0317379,0.0286999
192107,273.884,34.6171,0.317567,0.0642429,0.0555922,0.0333872
192108,273.893,34.615,0.314829,0.063752,0.0945116,0.0956275
192109,273.893,34.6151,0.315552,0.0637953,0.0822042,0.0822776
192110,273.884,34.6176,0.317077,0.0640423,0.0279148,0.0259263
192111,273.879,34.6185,0.317952,0.0641947,0.023757,0.0212135
192112,273.889,34.6188,0.318499,0.0642905,0.0208051,0.0184669
192201,273.893,34.6213,0.318863,0.0643477,0.0173722,0.0185917
192202,273.893,34.6236,0.319086,0.0643815,0.0219477,0.0214572
192203,273.895,34.6255,0.319198,0.0643966,0.0210079,0.0221427
192204,273.89,34.6269,0.319259,0.0644048,0.022757,0.0227072
192205,273.884,34.6259,0.319256,0.064393,0.025541,0.0234961
192206,273.874,34.6214,0.319165,0.0643919,0.0257988,0.0203691
192207,273.881,34.6177,0.318193,0.0641043,0.0744781,0.0721298
192208,273.901,34.6159,0.315118,0.0634692,0.125338,0.120812
192209,273.894,34.615,0.31548,0.0634827,0.100398,0.101497
192210,273.885,34.617,0.316903,0.0637742,0.061601,0.0640908
192211,273.887,34.6182,0.317022,0.0640259,0.0733681,0.0577623
192212,273.901,34.6181,0.316536,0.0641833,0.0729622,0.0552714
192301,273.904,34.6205,0.317642,0.064289,0.0486114,0.0538784
192302,273.902,34.6227,0.318185,0.0642954,0.0553739,0.065372
192303,273.904,34.6243,0.316632,0.0642894,0.0938167,0.0661766
192304,273.901,34.6267,0.316336,0.0640477,0.0948057,0.0912016
192305,273.896,34.626,0.316742,0.064036,0.0928628,0.079891
192306,273.878,34.6223,0.314716,0.0636714,0.126103,0.132175
192307,273.886,34.619,0.310414,0.063082,0.14843,0.14814
192308,273.887,34.6164,0.308271,0.06279,0.176636,0.181731
192309,273.889,34.6157,0.312306,0.0633713,0.0982607,0.103645
192310,273.883,34.6184,0.31503,0.0638131,0.0569181,0.0598996
192311,273.881,34.6205,0.314954,0.0637896,0.0814716,0.0928905
192312,273.891,34.6207,0.315912,0.0639378,0.080107,0.0892519
192401,273.894,34.623,0.317229,0.0641669,0.0427982,0.0492428
192402,273.893,34.6254,0.317873,0.0642505,0.0583475,0.0601304
192403,273.895,34.6276,0.318125,0.0642641,0.0649586,0.0664517
192404,273.89,34.6284,0.318385,0.0642782,0.0586037,0.0618045
192405,273.861,34.6264,0.315158,0.0637804,0.125192,0.130842
192406,273.853,34.623,0.314673,0.0639529,0.153418,0.153944
192407,273.871,34.6193,0.30995,0.0634234,0.17424,0.174511
192408,273.891,34.6172,0.306378,0.0628963,0.225864,0.210926
192409,273.871,34.6167,0.307606,0.0630436,0.159353,0.134148
192410,273.866,34.6192,0.312353,0.0636982,0.0687498,0.0767007
192411,273.863,34.6197,0.314578,0.063973,0.0573968,0.052221
192412,273.874,34.6195,0.314671,0.0641712,0.0764381,0.0480711
192501,273.879,34.6222,0.316545,0.0642872,0.0242045,0.0225935
192502,273.88,34.6245,0.317527,0.0643579,0.0413964,0.0432195
192503,273.883,34.6263,0.317992,0.0643213,0.0339256,0.0334221
192504,273.879,34.6273,0.31742,0.0643446,0.0742237,0.054542
192505,273.877,34.6265,0.316769,0.0641139,0.073715,0.0777074
192506,273.862,34.6229,0.310931,0.0634904,0.162073,0.165036
192507,273.875,34.6191,0.308375,0.063264,0.154567,0.149795
192508,273.885,34.6191,0.307118,0.0628215,0.188582,0.199479
192509,273.887,34.6184,0.311105,0.063403,0.0987527,0.0953211
192510,273.877,34.6204,0.31379,0.0638323,0.0889182,0.0606714
192511,273.874,34.6214,0.315568,0.0640215,0.0498496,0.05131
192512,273.884,34.6214,0.31703,0.0641773,0.0284964,0.0268699
192601,273.887,34.6233,0.315413,0.0639484,0.0733218,0.0773356
192602,273.887,34.6248,0.315374,0.0640033,0.0992088,0.0988579
192603,273.892,34.6258,0.316332,0.0640567,0.0651493,0.0654189
192604,273.895,34.6278,0.316776,0.0640599,0.0590919,0.0578604
192605,273.893,34.6264,0.316365,0.0641476,0.0782099,0.0668646
192606,273.871,34.6225,0.315122,0.0639183,0.113907,0.104256
192607,273.88,34.6177,0.31076,0.063334,0.148964,0.149439
192608,273.897,34.6154,0.307414,0.0627498,0.166426,0.166069
192609,273.901,34.6169,0.308795,0.0629212,0.132402,0.126243
192610,273.892,34.6185,0.312798,0.0634335,0.0777939,0.0820371
192611,273.88,34.6191,0.314963,0.0638176,0.0463017,0.0343915
192612,273.897,34.6199,0.314629,0.0637785,0.0787716,0.0650253
192701,273.897,34.622,0.316223,0.0640262,0.0637197,0.0644502
192702,273.887,34.623,0.315415,0.063994,0.0816959,0.0819999
192703,273.884,34.6234,0.313684,0.063713,0.0914536,0.0924215
192704,273.884,34.6246,0.31353,0.0638055,0.077839,0.0792878
192705,273.872,34.6229,0.312636,0.0635662,0.12454,0.105195
192706,273.843,34.6184,0.311616,0.0633647,0.100589,0.0989516
192707,273.87,34.6162,0.310711,0.0633569,0.120037,0.12073
192708,273.881,34.615,0.308534,0.0631207,0.172079,0.168252
192709,273.877,34.6151,0.309335,0.0630745,0.122886,0.120771
192710,273.871,34.6183,0.312591,0.0636178,0.0717636,0.0748897
192711,273.868,34.6192,0.315222,0.0639521,0.0387003,0.0310266
192712,273.878,34.6191,0.316454,0.0640947,0.0446578,0.0420657
192801,273.882,34.6217,0.315802,0.0642174,0.0800399,0.0764852
192802,273.883,34.6241,0.316578,0.0642573,0.0615471,0.0588446
192803,273.885,34.6245,0.314116,0.0636442,0.129186,0.10932
192804,273.877,34.627,0.313629,0.0635388,0.114101,0.0845425
192805,273.875,34.6255,0.313163,0.063695,0.0964181,0.100911
192806,273.868,34.6226,0.309513,0.0632749,0.131098,0.135145
192807,273.874,34.6176,0.305648,0.0626857,0.180995,0.182432
192808,273.888,34.6163,0.30294,0.0621241,0.231657,0.213494
192809,273.899,34.6151,0.304054,0.0622221,0.183741,0.176946
192810,273.891,34.619,0.308281,0.0629024,0.101626,0.101165
192811,273.884,34.62,0.31146,0.0635024,0.0680165,0.0451871
192812,273.896,34.6182,0.310597,0.0632229,0.118772,0.118515
192901,273.898,34.6211,0.313562,0.063629,0.0781474,0.0712876
192902,273.884,34.6219,0.311248,0.0635289,0.155582,0.0989226
192903,273.892,34.6254,0.311229,0.0632455,0.0829656,0.0824995
192904,273.887,34.6266,0.313053,0.0634432,0.0884493,0.0891459
192905,273.873,34.6259,0.311236,0.0631929,0.110946,0.109004
192906,273.856,34.6214,0.310552,0.0633934,0.111539,0.111541
192907,273.858,34.6177,0.310068,0.0633129,0.149883,0.122008
192908,273.894,34.6168,0.304734,0.0627938,0.22646,0.21307
192909,273.885,34.6173,0.304307,0.0625404,0.180206,0.176668
192910,273.878,34.6197,0.309791,0.0633093,0.106405,0.0731736
192911,273.869,34.6177,0.309461,0.0632782,0.097309,0.0931448
192912,273.886,34.6166,0.308513,0.0629918,0.131747,0.141395
193001,273.875,34.6166,0.30887,0.062906,0.150575,0.156227
193002,273.869,34.6215,0.306353,0.0628696,0.2086,0.201522
193003,273.87,34.6244,0.307523,0.0629059,0.134617,0.138053
193004,273.866,34.6257,0.306501,0.0627586,0.129377,0.129937
193005,273.871,34.625,0.30818,0.0629844,0.117219,0.117023
193006,273.87,34.6205,0.306706,0.0631317,0.153067,0.130438
193007,273.864,34.6164,0.305476,0.0631262,0.210738,0.162063
193008,273.909,34.6157,0.300121,0.0623316,0.266254,0.227772
193009,273.91,34.6154,0.302499,0.0623484,0.201337,0.179997
193010,273.897,34.6193,0.306772,0.0629396,0.167391,0.117091
193011,273.888,34.6199,0.309187,0.063155,0.100737,0.0992808
193012,273.868,34.6184,0.305337,0.0630887,0.155905,0.150379
193101,273.872,34.6217,0.305823,0.0627838,0.177811,0.181436
193102,273.87,34.6228,0.306715,0.0630613,0.169704,0.170529
193103,273.878,34.6262,0.307291,0.0629283,0.127568,0.125434
193104,273.871,34.6283,0.308653,0.0629647,0.0941633,0.092962
193105,273.867,34.6262,0.308594,0.062949,0.113338,0.115848
193106,273.847,34.6223,0.309513,0.0632196,0.137406,0.118265
193107,273.848,34.6209,0.30239,0.0624752,0.201321,0.210017
193108,273.864,34.618,0.298998,0.0620139,0.214521,0.210591
193109,273.869,34.6193,0.302253,0.0622613,0.177358,0.150268
193110,273.857,34.6197,0.306175,0.0628428,0.15878,0.102429
193111,273.86,34.6206,0.306895,0.063005,0.105288,0.110365
193112,273.873,34.6209,0.310134,0.0634362,0.0743093,0.0740286
193201,273.873,34.6237,0.310319,0.063782,0.117894,0.121133
193202,273.872,34.6257,0.311216,0.063723,0.107714,0.111335
193203,273.881,34.6269,0.311128,0.063434,0.115963,0.119028
193204,273.88,34.6303,0.312954,0.0633695,0.11268,0.115816
193205,273.872,34.6279,0.311267,0.0632681,0.12765,0.122662
193206,273.868,34.6243,0.310622,0.0636193,0.113076,0.104708
193207,273.876,34.6211,0.304712,0.0633859,0.203346,0.187956
193208,273.876,34.6172,0.302487,0.0623923,0.281494,0.260571
193209,273.876,34.6157,0.302591,0.0622278,0.276248,0.246324
193210,273.871,34.6164,0.305378,0.0626377,0.181649,0.134685
193211,273.858,34.6179,0.304892,0.0628722,0.151498,0.13004
193212,273.873,34.6184,0.306486,0.0629409,0.102496,0.102268
193301,273.885,34.6205,0.308477,0.0629579,0.105926,0.107307
193302,273.889,34.6234,0.306922,0.0628257,0.129327,0.129731
193303,273.898,34.6264,0.306379,0.0635001,0.162794,0.151617
193304,273.897,34.6286,0.30793,0.0634822,0.110993,0.113236
193305,273.883,34.6292,0.307612,0.0631811,0.126458,0.129749
193306,273.88,34.625,0.309168,0.0633439,0.122231,0.125979
193307,273.888,34.622,0.305214,0.0635065,0.177348,0.179426
193308,273.901,34.6191,0.304455,0.0632686,0.212579,0.214768
193309,273.881,34.6184,0.303914,0.0626813,0.232304,0.216131
193310,273.87,34.6228,0.307741,0.0630653,0.107244,0.0966294
193311,273.873,34.6227,0.310979,0.0634829,0.0909589,0.0719483
193312,273.89,34.6237,0.310731,0.0634656,0.126498,0.0967892
193401,273.89,34.6269,0.307856,0.0628487,0.203567,0.19069
193402,273.883,34.6289,0.309662,0.0631611,0.124929,0.0976997
193403,273.879,34.632,0.305311,0.0624693,0.198933,0.194611
193404,273.881,34.6328,0.305622,0.0626777,0.168008,0.146049
193405,273.87,34.6314,0.306928,0.0626487,0.170385,0.166182
193406,273.866,34.6287,0.307795,0.0627441,0.161622,0.165543
193407,273.867,34.6239,0.30577,0.0624955,0.231578,0.217567
193408,273.883,34.6198,0.300854,0.0618261,0.272072,0.2639
193409,273.889,34.6197,0.302432,0.0620479,0.224361,0.229647
193410,273.883,34.6213,0.307492,0.0629406,0.134235,0.122321
193411,273.87,34.6219,0.309137,0.0633554,0.141614,0.141839
193412,273.88,34.6227,0.311538,0.0635971,0.0992029,0.0663308
193501,273.882,34.6244,0.312402,0.0635788,0.12109,0.106964
193502,273.885,34.6271,0.310715,0.0634958,0.183758,0.142071
193503,273.892,34.6285,0.310632,0.0634259,0.17159,0.163904
193504,273.886,34.6317,0.311274,0.0632154,0.121796,0.119502
193505,273.892,34.6322,0.308965,0.0628675,0.182056,0.194646
193506,273.868,34.626,0.308639,0.0627384,0.164305,0.121751
193507,273.874,34.6233,0.306516,0.0623569,0.176172,0.161174
193508,273.902,34.6212,0.303428,0.0621333,0.253311,0.223214
193509,273.906,34.6209,0.304865,0.0621456,0.177545,0.178111
193510,273.896,34.6221,0.305756,0.0624772,0.143094,0.14077
193511,273.88,34.6225,0.306627,0.0626863,0.133474,0.133858
193512,273.896,34.6229,0.310394,0.0631789,0.0728619,0.0776359
193601,273.889,34.6253,0.310961,0.0630371,0.181417,0.195922
193602,273.881,34.6278,0.309056,0.0631299,0.173181,0.165836
193603,273.886,34.6302,0.307369,0.0630085,0.207698,0.189085
193604,273.881,34.6329,0.309779,0.0630707,0.116133,0.113136
193605,273.872,34.63,0.309035,0.0629142,0.170148,0.157065
193606,273.867,34.6285,0.308111,0.0629281,0.191316,0.179677
193607,273.871,34.6234,0.307409,0.0628362,0.178024,0.151713
193608,273.905,34.6215,0.307572,0.062749,0.198973,0.21133
193609,273.906,34.6196,0.307486,0.0626125,0.170081,0.167462
193610,273.894,34.6217,0.309156,0.0628553,0.151225,0.146611
193611,273.898,34.6234,0.309201,0.063248,0.178965,0.170043
193612,273.893,34.625,0.307847,0.0632085,0.158468,0.149445
193701,273.892,34.6261,0.309727,0.063498,0.149614,0.13005
193702,273.896,34.6285,0.309757,0.0635447,0.152829,0.139648
193703,273.891,34.6342,0.30652,0.0633604,0.222649,0.193926
193704,273.888,34.634,0.307863,0.0630973,0.158436,0.151144
193705,273.899,34.6339,0.308529,0.0630287,0.153757,0.152172
193706,273.882,34.6302,0.309349,0.0630333,0.195071,0.197257
193707,273.896,34.6251,0.306749,0.0625278,0.209191,0.207389
193708,273.915,34.6233,0.305657,0.0623038,0.218042,0.212941
193709,273.91,34.6226,0.306506,0.0624251,0.209331,0.182983
193710,273.902,34.6239,0.308931,0.0627856,0.125579,0.104828
193711,273.896,34.6244,0.311956,0.0633102,0.142625,0.124392
193712,273.909,34.625,0.313212,0.0633871,0.135894,0.100357
193801,273.9,34.626,0.310914,0.0632635,0.199022,0.1794
193802,273.902,34.6281,0.308432,0.0628069,0.253808,0.2465
193803,273.893,34.6324,0.303923,0.062474,0.258004,0.235424
193804,273.895,34.6358,0.304391,0.0623078,0.219182,0.194096
193805,273.885,34.6338,0.306251,0.0625781,0.194137,0.149532
193806,273.878,34.6304,0.305309,0.0627273,0.215761,0.169308
193807,273.882,34.6275,0.302535,0.0625401,0.243192,0.219276
193808,273.895,34.6238,0.304456,0.0624084,0.262977,0.247736
193809,273.907,34.624,0.305481,0.0625047,0.192992,0.194944
193810,273.9,34.6196,0.308829,0.0626416,0.144594,0.131485
193811,273.894,34.6168,0.310179,0.0624713,0.153933,0.156908
193812,273.904,34.6166,0.311125,0.062437,0.153996,0.157489
193901,273.903,34.622,0.309176,0.0623911,0.192597,0.175659
193902,273.908,34.6245,0.308701,0.0624633,0.196512,0.18377
193903,273.907,34.627,0.308997,0.0625739,0.185551,0.165554
193904,273.9,34.6304,0.310326,0.0625719,0.167729,0.158792
193905,273.893,34.6287,0.308051,0.0622351,0.200671,0.186045
193906,273.904,34.6286,0.304699,0.0616033,0.187277,0.19385
193907,273.91,34.6226,0.306849,0.0622653,0.185077,0.192257
193908,273.92,34.6197,0.308297,0.0623619,0.21594,0.22024
193909,273.912,34.6195,0.307703,0.0622704,0.176609,0.187998
193910,273.907,34.6202,0.31051,0.0627199,0.0953553,0.0799451
193911,273.903,34.6177,0.312585,0.0630419,0.0969143,0.085938
193912,273.911,34.6194,0.313404,0.0632433,0.124616,0.105396
194001,273.906,34.6237,0.312669,0.0633672,0.124132,0.0986411
194002,273.902,34.6265,0.314046,0.0634587,0.0922489,0.0765491
194003,273.902,34.6301,0.314478,0.0635897,0.101071,0.0916889
194004,273.894,34.6321,0.31441,0.0635258,0.115049,0.0908581
194005,273.884,34.6306,0.313647,0.0634199,0.11364,0.111474
194006,273.877,34.6259,0.314417,0.0635614,0.113827,0.121003
194007,273.885,34.6219,0.311788,0.063177,0.139797,0.123232
194008,273.897,34.6176,0.310957,0.0628795,0.132159,0.127076
194009,273.89,34.6159,0.310809,0.0625837,0.162217,0.150784
194010,273.877,34.6167,0.313164,0.0631446,0.0885759,0.0891872
194011,273.878,34.6166,0.314587,0.0635994,0.0838929,0.0700979
194012,273.888,34.6157,0.316156,0.0638324,0.0728239,0.0699605
194101,273.891,34.6183,0.317006,0.0640189,0.0657411,0.0486955
194102,273.892,34.6225,0.315731,0.063885,0.0904533,0.0725788
194103,273.887,34.6246,0.315251,0.063844,0.0740605,0.0724176
194104,273.878,34.6291,0.314622,0.0629507,0.139227,0.129966
194105,273.867,34.6273,0.315001,0.0633425,0.105655,0.0963923
194106,273.857,34.6233,0.316029,0.0637046,0.069011,0.0632292
194107,273.866,34.6182,0.315645,0.0639249,0.123073,0.0985188
194108,273.88,34.6167,0.316372,0.0639842,0.079205,0.0357123
194109,273.88,34.6154,0.315491,0.0634962,0.114139,0.101504
194110,273.871,34.6169,0.31586,0.0636217,0.0715029,0.0724373
194111,273.87,34.6176,0.316298,0.0638883,0.0933311,0.0519948
194112,273.88,34.6176,0.316782,0.064073,0.0868641,0.0328527
194201,273.885,34.6203,0.317378,0.064183,0.0657015,0.0493516
194202,273.885,34.6232,0.317733,0.0642236,0.0737162,0.0482489
194203,273.885,34.626,0.317174,0.0640319,0.0927003,0.0639147
194204,273.883,34.6273,0.317733,0.0639965,0.0608663,0.0610096
194205,273.878,34.6271,0.317744,0.0639264,0.104285,0.0890992
194206,273.867,34.624,0.317014,0.0638829,0.129119,0.108921
194207,273.867,34.6186,0.316425,0.0637971,0.127265,0.111233
194208,273.876,34.6169,0.315504,0.0638669,0.133178,0.101807
194209,273.88,34.6156,0.315887,0.0637709,0.102008,0.0939745
194210,273.873,34.6157,0.316101,0.0637823,0.104294,0.0698149
194211,273.871,34.6154,0.316564,0.063918,0.0891247,0.0725823
194212,273.883,34.6158,0.317162,0.064035,0.0859438,0.0605926
194301,273.887,34.6198,0.317584,0.0641439,0.0823346,0.0483231
194302,273.884,34.6231,0.317884,0.0641048,0.0645669,0.0335747
194303,273.883,34.625,0.317479,0.0639864,0.0891471,0.0646958
194304,273.882,34.6268,0.317517,0.0640742,0.0965047,0.0794018
194305,273.876,34.6249,0.3173,0.063964,0.101639,0.0858327
194306,273.87,34.6209,0.316238,0.0637211,0.09719,0.105644
194307,273.878,34.6166,0.315851,0.0636866,0.107661,0.114832
194308,273.884,34.615,0.315501,0.0636627,0.145594,0.131119
194309,273.885,34.6158,0.316492,0.0638331,0.0944766,0.075257
194310,273.875,34.6182,0.316909,0.0640534,0.107338,0.0276692
194311,273.873,34.6186,0.317347,0.0641682,0.0675771,0.0351149
194312,273.883,34.6187,0.317812,0.0642654,0.0646467,0.0177101
194401,273.888,34.6213,0.318065,0.0641314,0.0703342,0.0356315
194402,273.891,34.6225,0.317559,0.0640153,0.0776628,0.0420457
194403,273.894,34.6249,0.31737,0.0639822,0.0850485,0.0419062
194404,273.888,34.6266,0.317618,0.0641396,0.0801109,0.0239285
194405,273.883,34.6255,0.317553,0.0641901,0.0880648,0.0296086
194406,273.875,34.6226,0.31637,0.0641126,0.120683,0.0571193
194407,273.878,34.6185,0.31569,0.0641601,0.136771,0.0627802
194408,273.89,34.6162,0.31424,0.0641856,0.190212,0.0554589
194409,273.889,34.6157,0.314479,0.064254,0.161517,0.0537112
194410,273.884,34.6176,0.314607,0.0642243,0.159832,0.0690255
194411,273.878,34.6184,0.315818,0.0643083,0.0868342,0.0208017
194412,273.889,34.6188,0.316809,0.0643629,0.0758962,0.0160546
194501,273.892,34.621,0.317524,0.0643893,0.0700562,0.0179553
194502,273.89,34.6233,0.317405,0.0644087,0.0980464,0.0201749
194503,273.891,34.6243,0.31674,0.0641484,0.0985285,0.047326
194504,273.889,34.6252,0.317253,0.0642132,0.0766914,0.0557473
194505,273.882,34.6247,0.317333,0.0642552,0.105075,0.0543479
194506,273.873,34.6209,0.317047,0.0642172,0.0966562,0.0426232
194507,273.876,34.6163,0.316268,0.0641878,0.140768,0.052887
194508,273.889,34.6134,0.313994,0.0642817,0.167842,0.0859061
194509,273.91,34.6172,0.309133,0.0635095,0.2118,0.143663
194510,273.898,34.6184,0.311719,0.0638365,0.129702,0.0607148
194511,273.891,34.6196,0.314362,0.0640198,0.0817251,0.06321
194512,273.901,34.6199,0.314913,0.0641896,0.100538,0.0197582
194601,273.903,34.6228,0.316015,0.0642402,0.0805491,0.0246419
194602,273.901,34.6235,0.315882,0.0640769,0.0979502,0.0402833
194603,273.903,34.6256,0.315753,0.0640114,0.109145,0.0392922
194604,273.9,34.6269,0.315904,0.0639848,0.104892,0.0415684
194605,273.892,34.6273,0.314617,0.0637627,0.113159,0.0634666
194606,273.883,34.6241,0.312406,0.0635691,0.148908,0.0986743
194607,273.896,34.6237,0.307851,0.062468,0.247217,0.233058
194608,273.901,34.6195,0.308981,0.0622853,0.256226,0.228215
194609,273.905,34.618,0.310012,0.0624859,0.257448,0.224354
194610,273.905,34.6184,0.31176,0.0628868,0.116873,0.0875043
194611,273.898,34.6187,0.31367,0.06352,0.0997638,0.0284817
194612,273.904,34.6195,0.309495,0.0637665,0.244782,0.0651306
194701,273.9,34.6194,0.306892,0.0638647,0.279943,0.096951
194702,273.899,34.6229,0.30271,0.0638254,0.457622,0.114988
194703,273.898,34.6259,0.307263,0.0640747,0.228476,0.0916067
194704,273.893,34.6282,0.31109,0.0641454,0.0953866,0.0798219
194705,273.889,34.6271,0.313249,0.064233,0.105621,0.049793
194706,273.898,34.6247,0.307825,0.0633508,0.163343,0.161612
194707,273.897,34.6219,0.30333,0.0628311,0.304578,0.246414
194708,273.92,34.6177,0.304486,0.0623064,0.313281,0.245615
194709,273.919,34.6174,0.306779,0.0624396,0.263532,0.167245
194710,273.907,34.6182,0.310257,0.0630204,0.124697,0.0795651
194711,273.898,34.6189,0.312512,0.0633453,0.103184,0.0553424
194712,273.899,34.6187,0.310828,0.0635887,0.232008,0.103735
194801,273.89,34.6208,0.308138,0.0638141,0.256505,0.112886
194802,273.883,34.6244,0.305935,0.0634176,0.205625,0.14616
194803,273.886,34.6246,0.310244,0.0636803,0.109879,0.0687916
194804,273.89,34.6276,0.311722,0.0637416,0.123902,0.0933726
194805,273.885,34.6278,0.308407,0.06322,0.168104,0.134054
194806,273.883,34.6241,0.307028,0.0629656,0.174383,0.160643
194807,273.886,34.6201,0.299715,0.0621378,0.290137,0.279436
194808,273.895,34.616,0.30184,0.0618652,0.311451,0.28964
194809,273.901,34.6157,0.30455,0.0622103,0.318511,0.225072
194810,273.895,34.6179,0.30696,0.0623721,0.170088,0.127845
194811,273.899,34.6194,0.310028,0.0628521,0.127617,0.0963022
194812,273.909,34.6196,0.31262,0.0633544,0.105504,0.0451814
194901,273.902,34.6219,0.313725,0.0636017,0.117324,0.0478416
194902,273.905,34.6243,0.312571,0.0636513,0.158009,0.0488859
194903,273.903,34.6268,0.310918,0.0632817,0.144421,0.108111
194904,273.912,34.6296,0.312758,0.0634286,0.107851,0.0830246
194905,273.904,34.6295,0.310363,0.0631254,0.173639,0.120276
194906,273.889,34.6247,0.307967,0.0627363,0.190424,0.154244
194907,273.884,34.6209,0.301857,0.0622791,0.266108,0.247549
194908,273.885,34.6172,0.302515,0.0623306,0.299727,0.288324
194909,273.908,34.6175,0.304379,0.0623778,0.220808,0.177147
194910,273.898,34.6196,0.308691,0.0629426,0.146907,0.094399
194911,273.891,34.6207,0.309384,0.0631436,0.128478,0.0912855
194912,273.9,34.6208,0.312488,0.0635153,0.102528,0.0482686
195001,273.896,34.6225,0.311205,0.0635529,0.152829,0.108281
195002,273.884,34.6241,0.310525,0.0635635,0.166219,0.0749955
195003,273.908,34.6274,0.30992,0.0633699,0.139476,0.0983822
195004,273.909,34.6303,0.30978,0.0626882,0.182269,0.126414
195005,273.917,34.6299,0.307494,0.0625066,0.225929,0.165036
195006,273.883,34.6289,0.303193,0.0618305,0.234582,0.205271
195007,273.886,34.6232,0.301277,0.0620619,0.273311,0.198829
195008,273.894,34.6185,0.298951,0.0597285,0.383974,0.363431
195009,273.898,34.6174,0.301479,0.0601628,0.30667,0.279901
195010,273.888,34.6218,0.305026,0.0608591,0.225299,0.195271
195011,273.887,34.621,0.307293,0.0621169,0.139352,0.072133
195012,273.898,34.6206,0.308391,0.0628922,0.143269,0.0649317
195101,273.903,34.6228,0.311022,0.06319,0.146074,0.0913658
195102,273.908,34.6262,0.308501,0.0627604,0.208978,0.149781
195103,273.891,34.6283,0.307559,0.062966,0.161061,0.0689548
195104,273.881,34.6282,0.306408,0.0619831,0.210712,0.184188
195105,273.884,34.6289,0.307066,0.0619851,0.202159,0.155113
195106,273.866,34.6262,0.298933,0.0615251,0.321051,0.286853
195107,273.871,34.6213,0.296898,0.0615149,0.293135,0.270271
195108,273.891,34.619,0.296676,0.0605376,0.328326,0.274659
195109,273.906,34.6212,0.297625,0.0598513,0.32268,0.238224
195110,273.905,34.6229,0.302261,0.0611247,0.181818,0.153809
195111,273.894,34.6223,0.307423,0.0621905,0.0978901,0.070951
195112,273.904,34.6234,0.308554,0.0625825,0.150532,0.108813
195201,273.893,34.6241,0.307077,0.0627404,0.196038,0.148754
195202,273.888,34.628,0.304039,0.0627779,0.203664,0.166902
195203,273.883,34.6281,0.305678,0.061167,0.184321,0.154295
195204,273.882,34.6294,0.306774,0.0621153,0.160957,0.130031
195205,273.878,34.6282,0.306338,0.0622914,0.195513,0.14355
195206,273.872,34.6263,0.300431,0.0620762,0.22555,0.181837
195207,273.877,34.6201,0.296576,0.0611775,0.290548,0.277141
195208,273.888,34.6194,0.295592,0.0600043,0.364532,0.335384
195209,273.901,34.6184,0.299032,0.0602439,0.340386,0.290566
195210,273.876,34.6196,0.303968,0.0616325,0.237387,0.151923
195211,273.885,34.6209,0.30746,0.062511,0.133139,0.0761316
195212,273.888,34.6225,0.306922,0.0626139,0.171177,0.119722
195301,273.884,34.6253,0.308975,0.0629962,0.159912,0.114478
195302,273.893,34.6284,0.308405,0.0631424,0.159482,0.12554
195303,273.897,34.6294,0.307556,0.0628731,0.189288,0.154125
195304,273.878,34.6286,0.307789,0.062562,0.184152,0.169819
195305,273.889,34.6284,0.306494,0.062186,0.202668,0.179605
195306,273.874,34.6256,0.301918,0.0619523,0.232185,0.195259
195307,273.878,34.6208,0.298365,0.0615086,0.328339,0.307222
195308,273.898,34.6206,0.298531,0.0610434,0.383068,0.344165
195309,273.904,34.6211,0.29705,0.0604061,0.367358,0.345169
195310,273.882,34.6212,0.300904,0.0611632,0.293142,0.250475
195311,273.875,34.62,0.303998,0.0620305,0.171187,0.149166
195312,273.894,34.6202,0.306147,0.0628314,0.170205,0.135043
195401,273.899,34.6246,0.304997,0.0627543,0.184718,0.147599
195402,273.9,34.6268,0.301229,0.0626875,0.227206,0.162043
195403,273.897,34.6279,0.301913,0.0625476,0.176389,0.175296
195404,273.896,34.6305,0.304166,0.0614309,0.265637,0.276204
195405,273.892,34.63,0.30177,0.0610212,0.2717,0.275553
195406,273.885,34.6253,0.29945,0.0604425,0.279624,0.299548
195407,273.89,34.6237,0.299068,0.0606138,0.317861,0.316294
195408,273.893,34.6214,0.29613,0.058923,0.406582,0.403881
195409,273.9,34.6194,0.295961,0.0586804,0.373758,0.323174
195410,273.9,34.6206,0.299489,0.0597104,0.234993,0.270082
195411,273.874,34.6217,0.304471,0.0606084,0.211993,0.228183
195412,273.89,34.6208,0.305772,0.0610204,0.199096,0.220836
195501,273.889,34.6198,0.306104,0.0613667,0.351149,0.216174
195502,273.865,34.6208,0.302814,0.0615118,0.313915,0.250911
195503,273.88,34.6249,0.298194,0.0613427,0.310539,0.252268
195504,273.876,34.6269,0.302056,0.06177,0.285905,0.256673
195505,273.872,34.6283,0.300576,0.0616504,0.277773,0.226826
195506,273.85,34.6259,0.296432,0.0615703,0.294869,0.25915
195507,273.852,34.6212,0.293729,0.0611636,0.356314,0.324845
195508,273.874,34.6183,0.295494,0.0603235,0.370084,0.35989
195509,273.877,34.6196,0.294844,0.0600658,0.374884,0.362845
195510,273.884,34.6218,0.297879,0.060727,0.288532,0.276171
195511,273.87,34.6247,0.301954,0.0615504,0.216539,0.177205
195512,273.874,34.6233,0.301215,0.0619959,0.307365,0.190389
195601,273.893,34.6235,0.300949,0.0623554,0.296974,0.225518
195602,273.877,34.626,0.300237,0.0624412,0.296064,0.222028
195603,273.877,34.6299,0.294719,0.0617668,0.344881,0.265655
195604,273.852,34.6293,0.297579,0.0617974,0.235647,0.181938
195605,273.864,34.63,0.296872,0.0616549,0.269907,0.233691
195606,273.862,34.6263,0.29725,0.0615527,0.257691,0.221951
195607,273.862,34.6245,0.294395,0.0615603,0.318446,0.303694
195608,273.885,34.6197,0.293234,0.0612707,0.355896,0.32853
195609,273.901,34.6208,0.294435,0.0611307,0.342807,0.316918
195610,273.888,34.6226,0.297414,0.0614145,0.351136,0.267574
195611,273.875,34.6218,0.299241,0.0618849,0.238722,0.19542
195612,273.883,34.6228,0.294492,0.0622339,0.368257,0.225397
195701,273.9,34.627,0.292971,0.0611708,0.436004,0.269224
195702,273.886,34.6278,0.293559,0.0614081,0.431811,0.257061
195703,273.884,34.6297,0.294637,0.0612554,0.320436,0.252618
195704,273.888,34.6321,0.295869,0.0615285,0.231091,0.222979
195705,273.886,34.6304,0.297617,0.0614399,0.235521,0.231193
195706,273.881,34.6261,0.295754,0.0612511,0.308198,0.252981
195707,273.887,34.6243,0.291986,0.0599234,0.353403,0.339599
195708,273.892,34.6187,0.292694,0.0596858,0.38987,0.357703
195709,273.893,34.6188,0.295623,0.0599531,0.383587,0.355075
195710,273.864,34.6229,0.295788,0.0601523,0.302549,0.25615
195711,273.872,34.6226,0.295737,0.0601175,0.290429,0.243075
195712,273.878,34.624,0.297892,0.060713,0.311638,0.234219
195801,273.868,34.6252,0.29228,0.0614711,0.391499,0.255607
195802,273.843,34.6264,0.288193,0.0613622,0.491379,0.333807
195803,273.861,34.6304,0.283078,0.0604079,0.402993,0.322801
195804,273.856,34.6334,0.28516,0.0596127,0.346228,0.348957
195805,273.859,34.6334,0.291173,0.0602323,0.241394,0.245569
195806,273.863,34.629,0.291145,0.0596077,0.303767,0.303056
195807,273.879,34.6258,0.292139,0.0597231,0.303301,0.272301
195808,273.893,34.6248,0.290752,0.0588315,0.385329,0.388584
195809,273.894,34.6244,0.289272,0.058099,0.407694,0.39436
195810,273.877,34.6249,0.293279,0.059785,0.252428,0.175838
195811,273.859,34.6261,0.296418,0.0611264,0.226564,0.156041
195812,273.877,34.6281,0.296839,0.0619001,0.245758,0.157484
195901,273.892,34.6296,0.288881,0.0621697,0.436171,0.21782
195902,273.882,34.6311,0.288585,0.0624611,0.48352,0.159662
195903,273.884,34.6324,0.292506,0.062382,0.306752,0.238553
195904,273.872,34.6326,0.292077,0.0619624,0.26015,0.227893
195905,273.876,34.6306,0.29293,0.0617051,0.24539,0.21574
195906,273.866,34.6269,0.294058,0.0611426,0.290295,0.272806
195907,273.878,34.6244,0.29289,0.0605547,0.320661,0.310583
195908,273.894,34.6213,0.289624,0.0593179,0.387014,0.385085
195909,273.893,34.6223,0.288703,0.0586553,0.409734,0.378683
195910,273.874,34.6231,0.290555,0.0597688,0.352512,0.322811
195911,273.891,34.6222,0.294313,0.0605981,0.263455,0.199244
195912,273.903,34.6236,0.294672,0.060932,0.302498,0.219289
196001,273.903,34.6248,0.295405,0.0612501,0.33459,0.264963
196002,273.915,34.6295,0.295168,0.0615496,0.386855,0.295603
196003,273.9,34.6296,0.295012,0.0613752,0.333403,0.265167
196004,273.893,34.6346,0.295989,0.0611526,0.28357,0.237522
196005,273.904,34.6348,0.296297,0.0606897,0.319037,0.268514
196006,273.885,34.6304,0.296604,0.061255,0.244247,0.216103
196007,273.899,34.6256,0.297287,0.0616544,0.259835,0.243626
196008,273.909,34.6233,0.292772,0.0598652,0.379936,0.362105
196009,273.91,34.6201,0.291249,0.0587022,0.401625,0.379509
196010,273.904,34.6213,0.294077,0.0591578,0.33818,0.281342
196011,273.889,34.6223,0.296554,0.0602575,0.264534,0.217925
196012,273.886,34.6223,0.295321,0.060612,0.359543,0.252051
196101,273.874,34.6284,0.293555,0.060847,0.429014,0.296605
196102,273.859,34.6289,0.291428,0.0603667,0.466216,0.35376
196103,273.843,34.6326,0.293457,0.0602928,0.434589,0.311483
196104,273.825,34.6371,0.292903,0.0587802,0.3699,0.35504
196105,273.86,34.6381,0.294007,0.0593838,0.291455,0.288881
196106,273.843,34.6307,0.295465,0.0602245,0.253311,0.235512
196107,273.854,34.6273,0.296889,0.0609688,0.285083,0.23889
196108,273.877,34.6253,0.294423,0.0605122,0.389762,0.370189
196109,273.883,34.6237,0.290924,0.059153,0.4347,0.400625
196110,273.885,34.6245,0.294672,0.0599595,0.333161,0.302837
196111,273.876,34.6226,0.296953,0.0608214,0.341493,0.272646
196112,273.904,34.6239,0.296601,0.0610457,0.370542,0.241839
196201,273.891,34.6297,0.295589,0.0614793,0.3809,0.30061
196202,273.896,34.6331,0.2945,0.0617487,0.35576,0.254266
196203,273.882,34.6352,0.292908,0.0617997,0.398453,0.257397
196204,273.894,34.6364,0.295008,0.0612441,0.301256,0.28686
196205,273.882,34.6365,0.296891,0.0612393,0.281023,0.260002
196206,273.867,34.6301,0.295,0.0611443,0.303199,0.293907
196207,273.865,34.6245,0.293931,0.0610815,0.348899,0.315058
196208,273.892,34.6244,0.289415,0.0597343,0.415787,0.382438
196209,273.895,34.6219,0.290528,0.0595105,0.410692,0.372498
196210,273.889,34.623,0.290383,0.0602071,0.371807,0.330939
196211,273.882,34.6226,0.290927,0.0609117,0.356692,0.28291
196212,273.898,34.6232,0.293667,0.0615928,0.343519,0.264967
196301,273.871,34.6234,0.291252,0.0616799,0.390209,0.252689
196302,273.868,34.6263,0.291629,0.0619166,0.390199,0.319821
196303,273.859,34.6266,0.289559,0.0617758,0.386491,0.325919
196304,273.872,34.6308,0.292666,0.0617235,0.239951,0.228949
196305,273.856,34.6285,0.293648,0.0621716,0.249595,0.244968
196306,273.855,34.625,0.291232,0.0616975,0.279161,0.253356
196307,273.859,34.6229,0.292654,0.0606987,0.305055,0.341125
196308,273.875,34.6217,0.29351,0.0606932,0.345813,0.336239
196309,273.89,34.6195,0.292674,0.0600235,0.408374,0.365667
196310,273.858,34.6196,0.291856,0.0597814,0.367905,0.344923
196311,273.877,34.6207,0.294367,0.0603229,0.246385,0.240899
196312,273.887,34.6184,0.293106,0.0603665,0.329817,0.299991
196401,273.896,34.6221,0.287597,0.060685,0.440946,0.346333
196402,273.888,34.6233,0.291332,0.0599705,0.396733,0.361876
196403,273.907,34.628,0.289749,0.0600365,0.367551,0.325035
196404,273.896,34.6306,0.290806,0.0603848,0.3106,0.274907
196405,273.888,34.6273,0.29621,0.0606511,0.29681,0.26044
196406,273.883,34.6237,0.288821,0.0595259,0.39848,0.376543
196407,273.895,34.6219,0.290212,0.0596298,0.324742,0.30651
196408,273.898,34.62,0.289158,0.0589289,0.403987,0.393968
196409,273.892,34.6166,0.291231,0.0589441,0.385101,0.365274
196410,273.885,34.6192,0.293522,0.0598361,0.325245,0.308707
196411,273.878,34.6209,0.29513,0.060943,0.302208,0.229248
196412,273.896,34.6219,0.294206,0.0611559,0.28675,0.239151
196501,273.879,34.6225,0.294914,0.061635,0.328529,0.232814
196502,273.873,34.6234,0.291795,0.0616085,0.367626,0.328687
196503,273.878,34.6252,0.290051,0.0614813,0.412578,0.301779
196504,273.861,34.625,0.285325,0.0604525,0.39311,0.337034
196505,273.868,34.6253,0.29046,0.0605429,0.278015,0.257256
196506,273.862,34.6225,0.293289,0.0611743,0.257669,0.237845
196507,273.871,34.6149,0.293263,0.0605722,0.325474,0.319212
196508,273.883,34.6178,0.288745,0.0594185,0.371848,0.362668
196509,273.875,34.619,0.288167,0.0596758,0.361394,0.328621
196510,273.873,34.6199,0.287841,0.0595013,0.388888,0.350678
196511,273.872,34.6177,0.293521,0.0603383,0.299505,0.244309
196512,273.898,34.6165,0.295167,0.0605516,0.337384,0.257006
196601,273.888,34.619,0.293471,0.0605527,0.410475,0.258806
196602,273.885,34.6217,0.289947,0.0610364,0.442499,0.315125
196603,273.87,34.6249,0.29073,0.0610321,0.31924,0.262363
196604,273.86,34.6287,0.292479,0.0604187,0.355386,0.308948
196605,273.852,34.6283,0.29326,0.0599675,0.309761,0.278555
196606,273.84,34.6212,0.293905,0.0602311,0.289577,0.244386
196607,273.842,34.6169,0.294859,0.0602247,0.306142,0.280282
196608,273.87,34.6181,0.292207,0.0596536,0.3413,0.337545
196609,273.861,34.6162,0.293426,0.0596018,0.345242,0.34412
196610,273.845,34.6177,0.294517,0.0604679,0.328299,0.311565
196611,273.846,34.6173,0.29686,0.0610268,0.30928,0.196693
196612,273.859,34.6172,0.299121,0.0615392,0.271141,0.218549
196701,273.872,34.6195,0.293626,0.0613595,0.340089,0.264806
196702,273.852,34.6215,0.285867,0.0605332,0.428743,0.381436
196703,273.859,34.6259,0.292237,0.0609952,0.277174,0.267452
196704,273.866,34.6272,0.295549,0.061041,0.250477,0.254469
196705,273.857,34.6272,0.297633,0.0609162,0.234783,0.247027
196706,273.845,34.6239,0.297564,0.0603764,0.286649,0.288473
196707,273.859,34.6209,0.297944,0.0606151,0.324207,0.266554
196708,273.886,34.6161,0.294372,0.0598128,0.370035,0.35381
196709,273.872,34.6166,0.29442,0.0596638,0.362817,0.340154
196710,273.874,34.6182,0.294575,0.060485,0.358107,0.319739
196711,273.873,34.6198,0.297912,0.0608655,0.219122,0.197113
196712,273.873,34.6196,0.293373,0.0615133,0.324337,0.24005
196801,273.852,34.6224,0.290683,0.0613908,0.31959,0.303438
196802,273.84,34.6164,0.283317,0.0608182,0.46269,0.400735
196803,273.881,34.6229,0.286136,0.0607229,0.428151,0.348398
196804,273.874,34.6278,0.285603,0.0590169,0.448112,0.423563
196805,273.87,34.6244,0.291003,0.0597587,0.293523,0.263658
196806,273.862,34.6226,0.292053,0.0596537,0.278138,0.283587
196807,273.865,34.6192,0.291748,0.059894,0.327911,0.327861
196808,273.886,34.6157,0.291026,0.0585567,0.403888,0.40135
196809,273.874,34.6186,0.292604,0.0589405,0.391905,0.386913
196810,273.874,34.6232,0.293283,0.0596042,0.309575,0.334249
196811,273.864,34.6232,0.290092,0.0602895,0.274232,0.272741
196812,273.88,34.6303,0.290231,0.0612218,0.330649,0.233436
196901,273.863,34.6306,0.281557,0.0607416,0.487689,0.417883
196902,273.848,34.632,0.278259,0.0604188,0.488362,0.417284
196903,273.867,34.6342,0.278818,0.0605151,0.441488,0.380608
196904,273.869,34.6377,0.284953,0.0592268,0.442845,0.426621
196905,273.868,34.6352,0.290709,0.0596553,0.348486,0.336218
196906,273.872,34.632,0.292544,0.0600007,0.273208,0.253722
196907,273.866,34.627,0.295342,0.060394,0.353933,0.302589
196908,273.886,34.6249,0.292044,0.0590679,0.360696,0.34582
196909,273.887,34.6218,0.293649,0.0594999,0.328069,0.303989
196910,273.895,34.6263,0.293439,0.0597949,0.294941,0.300554
196911,273.895,34.6252,0.299408,0.0611127,0.188321,0.160274
196912,273.904,34.6226,0.298424,0.0615788,0.312741,0.22951
197001,273.892,34.6271,0.291836,0.0610775,0.458875,0.373121
197002,273.892,34.6306,0.288779,0.0607037,0.401582,0.321315
197003,273.859,34.6317,0.278416,0.0594043,0.537142,0.453712
197004,273.885,34.6391,0.279169,0.0585617,0.440702,0.377788
197005,273.869,34.6346,0.284238,0.0588534,0.431191,0.381601
197006,273.86,34.631,0.28987,0.0597117,0.25776,0.271548
197007,273.864,34.6242,0.289469,0.0598736,0.350326,0.321796
197008,273.89,34.6243,0.287293,0.0592593,0.420183,0.38436
197009,273.895,34.6212,0.288347,0.0585804,0.403044,0.390284
197010,273.884,34.6247,0.291916,0.059415,0.323592,0.305052
197011,273.877,34.6249,0.297502,0.0606216,0.245005,0.226339
197012,273.887,34.6249,0.29709,0.0604545,0.322949,0.291561
197101,273.873,34.6253,0.29133,0.061283,0.334148,0.297208
197102,273.874,34.6269,0.284915,0.0613642,0.384369,0.275576
197103,273.883,34.6297,0.287502,0.0604466,0.400581,0.298035
197104,273.891,34.6323,0.289995,0.0601806,0.387042,0.298266
197105,273.881,34.6306,0.29233,0.0607377,0.298797,0.243751
197106,273.874,34.6265,0.295785,0.060871,0.247014,0.242988
197107,273.896,34.6243,0.294893,0.0607469,0.315667,0.312854
197108,273.901,34.6196,0.294449,0.0603766,0.324967,0.288072
197109,273.891,34.6181,0.295147,0.0605008,0.334338,0.280817
197110,273.873,34.6219,0.29509,0.0606935,0.28105,0.262761
197111,273.882,34.6214,0.297764,0.0611602,0.277187,0.242717
197112,273.914,34.6238,0.2838,0.0609327,0.470515,0.342367
197201,273.918,34.6235,0.283851,0.0610192,0.409994,0.324866
197202,273.927,34.6262,0.279176,0.0606331,0.478737,0.350089
197203,273.918,34.6291,0.282785,0.0591802,0.401308,0.374776
197204,273.916,34.6303,0.28808,0.0592087,0.31878,0.280392
197205,273.902,34.631,0.294435,0.0604831,0.218322,0.220995
197206,273.887,34.6239,0.294323,0.0603825,0.266656,0.261142
197207,273.894,34.6225,0.293872,0.0602877,0.314404,0.290996
197208,273.905,34.6219,0.291515,0.0596911,0.320793,0.324252
197209,273.9,34.6237,0.293657,0.0599476,0.337022,0.330961
197210,273.894,34.6254,0.294878,0.060364,0.298585,0.272865
197211,273.892,34.6255,0.297641,0.0610959,0.25275,0.215372
197212,273.884,34.6254,0.28851,0.0607287,0.444874,0.296968
197301,273.891,34.6308,0.272793,0.0602444,0.609504,0.477325
197302,273.884,34.6298,0.270214,0.0600881,0.564044,0.450176
197303,273.882,34.6316,0.278065,0.0606477,0.394034,0.299234
197304,273.87,34.6327,0.287753,0.0610508,0.224419,0.224942
197305,273.864,34.6305,0.293805,0.0613425,0.249452,0.24231
197306,273.852,34.6272,0.29186,0.0610277,0.331931,0.259963
197307,273.873,34.6238,0.291261,0.0609628,0.34092,0.310882
197308,273.875,34.6177,0.290305,0.0607107,0.380904,0.331498
197309,273.886,34.6188,0.290593,0.060525,0.339472,0.293274
197310,273.875,34.6197,0.294128,0.0615375,0.260139,0.17438
197311,273.879,34.6239,0.298435,0.0619511,0.241261,0.183416
197312,273.883,34.6234,0.296318,0.0616686,0.372016,0.22805
197401,273.872,34.6243,0.280447,0.060566,0.566518,0.441921
197402,273.88,34.6266,0.275961,0.0603048,0.531141,0.36976
197403,273.897,34.6285,0.279056,0.0604411,0.460961,0.316059
197404,273.903,34.6288,0.286591,0.0610921,0.303458,0.258968
197405,273.894,34.6273,0.293112,0.0618506,0.218855,0.187166
197406,273.872,34.6225,0.293598,0.0615696,0.22142,0.205101
197407,273.891,34.6213,0.292024,0.0615025,0.317044,0.268256
197408,273.88,34.6168,0.291933,0.061217,0.348074,0.246566
197409,273.898,34.6205,0.29349,0.0607435,0.312038,0.2761
197410,273.879,34.622,0.296856,0.0614013,0.22076,0.203288
197411,273.872,34.6211,0.297825,0.061792,0.229409,0.201793
197412,273.876,34.6214,0.291189,0.0616156,0.355229,0.265824
197501,273.887,34.6257,0.290755,0.061428,0.377531,0.260609
197502,273.891,34.629,0.2815,0.0612997,0.524544,0.347476
197503,273.884,34.6282,0.28608,0.0612779,0.365183,0.26186
197504,273.882,34.6283,0.290669,0.0616362,0.294592,0.243238
197505,273.863,34.6263,0.294932,0.0614436,0.320175,0.293795
197506,273.847,34.6229,0.293938,0.0613312,0.276232,0.254762
197507,273.862,34.6207,0.294567,0.0610765,0.300818,0.283161
197508,273.878,34.6188,0.292144,0.0607184,0.365979,0.322246
197509,273.886,34.6173,0.293395,0.0609263,0.334953,0.281512
197510,273.886,34.6232,0.295713,0.0609908,0.288534,0.269197
197511,273.896,34.6263,0.296928,0.0610623,0.249635,0.235749
197512,273.901,34.6248,0.29963,0.062371,0.286334,0.156784
197601,273.898,34.6261,0.287224,0.0614046,0.458794,0.312647
197602,273.908,34.6244,0.278548,0.0603901,0.51077,0.380241
197603,273.9,34.6271,0.285197,0.0613312,0.339865,0.247227
197604,273.888,34.6204,0.287792,0.0612164,0.338762,0.254122
197605,273.888,34.6204,0.290547,0.0609285,0.281563,0.247371
197606,273.87,34.617,0.293385,0.061269,0.228587,0.217929
197607,273.879,34.6159,0.292737,0.0614607,0.311899,0.293775
197608,273.889,34.6137,0.292382,0.0610536,0.363007,0.305804
197609,273.881,34.6112,0.293201,0.0612463,0.297137,0.266748
197610,273.871,34.6157,0.294652,0.0609501,0.29121,0.274664
197611,273.875,34.6159,0.296913,0.0617085,0.26731,0.209532
197612,273.887,34.6182,0.293276,0.0617367,0.355743,0.224527
197701,273.919,34.6224,0.279945,0.0614747,0.470435,0.293287
197702,273.869,34.6234,0.272256,0.0611982,0.504911,0.362717
197703,273.871,34.6241,0.274799,0.0605574,0.491244,0.371865
197704,273.883,34.6287,0.283758,0.0611308,0.370022,0.265927
197705,273.878,34.6274,0.29126,0.0620181,0.254856,0.184403
197706,273.864,34.621,0.293802,0.0619187,0.259197,0.18937
197707,273.869,34.6165,0.292559,0.0612179,0.338886,0.27861
197708,273.878,34.6158,0.290418,0.0603501,0.371694,0.316984
197709,273.881,34.6218,0.292466,0.0604091,0.37289,0.336955
197710,273.88,34.6243,0.295249,0.061068,0.319049,0.254324
197711,273.88,34.6244,0.291546,0.0613901,0.33898,0.252656
197712,273.868,34.6226,0.289791,0.0619183,0.436887,0.260155
197801,273.864,34.629,0.279445,0.0614734,0.525243,0.346856
197802,273.835,34.6286,0.274456,0.0612768,0.566983,0.447038
197803,273.848,34.6304,0.27995,0.0615099,0.452417,0.331008
197804,273.827,34.6267,0.284692,0.0612834,0.417165,0.325185
197805,273.827,34.6254,0.2887,0.0618445,0.331872,0.269129
197806,273.811,34.6202,0.291288,0.0616667,0.302895,0.241064
197807,273.829,34.6169,0.292344,0.0615287,0.322048,0.274735
197808,273.845,34.6151,0.292912,0.0609887,0.372184,0.324532
197809,273.844,34.6075,0.289174,0.0603996,0.417261,0.394505
197810,273.825,34.6083,0.290095,0.0605775,0.374247,0.321841
197811,273.841,34.6088,0.293587,0.061735,0.279188,0.185099
197812,273.85,34.6088,0.289155,0.0621571,0.432972,0.264953
197901,273.849,34.6101,0.283797,0.062011,0.420658,0.291003
197902,273.859,34.62,0.279693,0.0615194,0.513537,0.31714
197903,273.866,34.6214,0.282356,0.0611308,0.44546,0.336432
197904,273.859,34.6244,0.284805,0.0598152,0.438248,0.387004
197905,273.856,34.6248,0.287385,0.0604291,0.313679,0.258504
197906,273.84,34.6209,0.291301,0.0609718,0.2469,0.223594
197907,273.851,34.6176,0.293054,0.0611256,0.316605,0.256322
197908,273.854,34.6154,0.290242,0.0603065,0.386886,0.353259
197909,273.867,34.6186,0.289769,0.0601333,0.384056,0.36314
197910,273.838,34.6179,0.292355,0.0604771,0.326621,0.321313
197911,273.848,34.6196,0.295402,0.0610269,0.311095,0.246481
197912,273.88,34.6193,0.288174,0.0616599,0.437343,0.2351
198001,273.892,34.6226,0.284048,0.0612122,0.45956,0.350179
198002,273.886,34.6251,0.284078,0.0610817,0.430117,0.361735
198003,273.868,34.6278,0.282157,0.0612674,0.444976,0.354594
198004,273.878,34.6274,0.284901,0.0612335,0.386402,0.298608
198005,273.88,34.6268,0.289289,0.0615809,0.326426,0.251563
198006,273.859,34.6221,0.290618,0.0616504,0.270141,0.20687
198007,273.882,34.6187,0.290186,0.0610716,0.300767,0.278771
198008,273.876,34.6147,0.287737,0.0600016,0.372971,0.359126
198009,273.861,34.617,0.290028,0.060416,0.355999,0.316574
198010,273.855,34.6145,0.290971,0.0607117,0.298942,0.269025
198011,273.852,34.6214,0.293486,0.0613635,0.266222,0.237544
198012,273.832,34.6207,0.288021,0.0614682,0.420093,0.242842
198101,273.815,34.6246,0.278488,0.0603894,0.494369,0.318957
198102,273.82,34.6241,0.271053,0.0600272,0.491395,0.421501
198103,273.818,34.6267,0.268814,0.0586629,0.541749,0.463853
198104,273.811,34.6291,0.281129,0.0590073,0.36096,0.314083
198105,273.821,34.6279,0.288357,0.0603507,0.304503,0.24534
198106,273.814,34.6218,0.292416,0.0610953,0.235329,0.212596
198107,273.839,34.6185,0.292361,0.061187,0.317289,0.243205
198108,273.848,34.6176,0.290413,0.061102,0.324151,0.250959
198109,273.856,34.6166,0.29416,0.061338,0.292818,0.27943
198110,273.866,34.6176,0.291849,0.0612988,0.326829,0.268509
198111,273.856,34.6161,0.292863,0.0616729,0.292474,0.24735
198112,273.863,34.6162,0.295215,0.0621132,0.28416,0.186066
198201,273.836,34.6188,0.281476,0.0624133,0.496187,0.241689
198202,273.836,34.6188,0.276344,0.0616186,0.50879,0.357057
198203,273.857,34.6238,0.278081,0.0602426,0.452051,0.376792
198204,273.853,34.6278,0.287273,0.0604599,0.301178,0.284796
198205,273.843,34.625,0.289584,0.0612807,0.260826,0.216843
198206,273.837,34.6223,0.289778,0.061207,0.279648,0.247427
198207,273.85,34.6205,0.291275,0.0610964,0.298701,0.281009
198208,273.855,34.6135,0.289347,0.0607955,0.347358,0.298881
198209,273.856,34.6138,0.291737,0.0611322,0.291825,0.23413
198210,273.845,34.6142,0.294399,0.061585,0.260239,0.207468
198211,273.852,34.6144,0.296459,0.0616024,0.253662,0.230665
198212,273.861,34.6155,0.292581,0.0617114,0.313482,0.199258
198301,273.866,34.6218,0.283442,0.0610129,0.43535,0.319914
198302,273.869,34.6214,0.279487,0.0608823,0.465741,0.376591
198303,273.84,34.6256,0.277529,0.059393,0.511677,0.472583
198304,273.837,34.6278,0.286416,0.0598283,0.406068,0.333756
198305,273.838,34.6264,0.291131,0.0606245,0.264743,0.234311
198306,273.826,34.6231,0.292704,0.0609553,0.245887,0.200282
198307,273.835,34.6188,0.292128,0.0609653,0.30743,0.259874
198308,273.845,34.6158,0.291068,0.0604651,0.373254,0.346746
198309,273.845,34.6169,0.293589,0.0610925,0.33209,0.268553
198310,273.848,34.6185,0.291367,0.0607691,0.281189,0.26309
198311,273.826,34.6176,0.291059,0.061264,0.258959,0.221706
198312,273.859,34.6177,0.289887,0.0610053,0.317627,0.269454
198401,273.835,34.6231,0.282324,0.0598856,0.4528,0.378591
198402,273.848,34.6279,0.276654,0.0599889,0.498578,0.375899
198403,273.827,34.6286,0.276108,0.0600611,0.488073,0.38909
198404,273.833,34.6276,0.281866,0.0593248,0.381783,0.335992
198405,273.856,34.6283,0.287755,0.0606607,0.22867,0.216848
198406,273.826,34.6204,0.290437,0.06106,0.242556,0.224753
198407,273.832,34.6201,0.290312,0.0603947,0.305073,0.292673
198408,273.854,34.6161,0.289698,0.0604169,0.326405,0.291933
198409,273.859,34.6143,0.292212,0.059956,0.319363,0.302098
198410,273.855,34.6169,0.294861,0.0605387,0.28072,0.242518
198411,273.851,34.6199,0.292135,0.0605856,0.266866,0.251296
198412,273.876,34.623,0.292679,0.0610049,0.303643,0.246661
198501,273.87,34.6269,0.285703,0.0608107,0.404977,0.327358
198502,273.855,34.6265,0.280686,0.0609494,0.417936,0.355512
198503,273.874,34.6296,0.283551,0.0610811,0.367359,0.3034
198504,273.863,34.6323,0.281623,0.0601887,0.356929,0.316307
198505,273.865,34.6289,0.287437,0.059998,0.289454,0.250879
198506,273.858,34.6267,0.291997,0.0603357,0.277119,0.256795
198507,273.878,34.6246,0.291571,0.0601207,0.344368,0.292648
198508,273.878,34.6214,0.288923,0.0595134,0.387678,0.322008
198509,273.877,34.6208,0.289231,0.0595285,0.349615,0.305601
198510,273.873,34.6228,0.292157,0.0598829,0.340419,0.314901
198511,273.867,34.6243,0.293967,0.0605273,0.288306,0.240047
198512,273.852,34.624,0.288781,0.0613176,0.391526,0.234362
198601,273.832,34.624,0.281806,0.0606569,0.33852,0.300026
198602,273.85,34.6252,0.274169,0.0598541,0.448441,0.367807
198603,273.873,34.6347,0.281782,0.060298,0.371426,0.243404
198604,273.866,34.638,0.283172,0.0594994,0.412585,0.343706
198605,273.854,34.6353,0.286111,0.0598012,0.288647,0.279788
198606,273.844,34.6341,0.287368,0.0595009,0.334734,0.323997
198607,273.864,34.6285,0.288502,0.0597546,0.36091,0.274009
198608,273.869,34.6263,0.283716,0.0586135,0.402228,0.385759
198609,273.868,34.6193,0.285595,0.058189,0.366716,0.32622
198610,273.86,34.6226,0.28578,0.0583951,0.376288,0.363695
198611,273.829,34.6212,0.286034,0.0585451,0.363358,0.342628
198612,273.841,34.6208,0.284384,0.0587642,0.435412,0.291032
198701,273.839,34.6236,0.278245,0.0577365,0.562011,0.400401
198702,273.823,34.6235,0.270174,0.0582552,0.595919,0.482114
198703,273.831,34.6248,0.271441,0.0582584,0.521986,0.376359
198704,273.83,34.6255,0.281913,0.0580527,0.354092,0.303427
198705,273.825,34.6255,0.288536,0.0590718,0.276843,0.253577
198706,273.825,34.6219,0.289924,0.0601407,0.263555,0.221034
198707,273.84,34.6187,0.29093,0.059956,0.359819,0.327701
198708,273.849,34.6148,0.289059,0.0591295,0.36902,0.355079
198709,273.857,34.6124,0.290674,0.0595209,0.343828,0.325472
198710,273.851,34.6171,0.291512,0.0602684,0.291584,0.283602
198711,273.866,34.6179,0.28914,0.0605501,0.293929,0.270598
198712,273.865,34.6156,0.287331,0.0614382,0.450967,0.253826
198801,273.856,34.6191,0.28594,0.061118,0.379978,0.282476
198802,273.867,34.6227,0.274237,0.060418,0.512033,0.385341
198803,273.886,34.6246,0.274715,0.06024,0.421968,0.323095
198804,273.875,34.6248,0.285987,0.0601513,0.301107,0.265037
198805,273.881,34.6255,0.286446,0.0595643,0.315178,0.289596
198806,273.879,34.6208,0.286525,0.0588516,0.348974,0.32286
198807,273.869,34.6174,0.286393,0.0583684,0.394596,0.358633
198808,273.879,34.6128,0.286098,0.0580456,0.38612,0.371641
198809,273.873,34.6117,0.286284,0.0584046,0.372678,0.351184
198810,273.877,34.6128,0.28819,0.0581225,0.389963,0.373098
198811,273.86,34.6128,0.290204,0.0584989,0.349093,0.311749
198812,273.868,34.6135,0.294557,0.0595167,0.310605,0.257636
198901,273.87,34.6178,0.293361,0.0593541,0.329327,0.306411
198902,273.875,34.6195,0.285966,0.0589058,0.461015,0.385942
198903,273.869,34.6209,0.28225,0.0586173,0.480445,0.325335
198904,273.863,34.622,0.286138,0.0580048,0.347568,0.312747
198905,273.864,34.6218,0.28864,0.0585187,0.289593,0.282359
198906,273.855,34.6155,0.289404,0.0589863,0.314668,0.294645
198907,273.849,34.6093,0.29038,0.0592706,0.346718,0.316456
198908,273.857,34.6057,0.290527,0.0589614,0.339627,0.259724
198909,273.876,34.6085,0.282741,0.0588538,0.421764,0.406047
198910,273.882,34.6097,0.283164,0.0596679,0.379043,0.342163
198911,273.879,34.6138,0.288477,0.0604961,0.283369,0.243965
198912,273.875,34.612,0.288899,0.0607037,0.283112,0.253311
199001,273.872,34.615,0.285985,0.059934,0.316847,0.290098
199002,273.885,34.6214,0.284481,0.0600582,0.370759,0.318346
199003,273.891,34.6258,0.284235,0.0583163,0.394872,0.357164
199004,273.885,34.6273,0.289866,0.0581006,0.299169,0.297849
199005,273.889,34.6266,0.291957,0.0583742,0.284189,0.277305
199006,273.869,34.6205,0.291889,0.0585334,0.316657,0.307659
199007,273.864,34.6154,0.291196,0.0587646,0.307745,0.287562
199008,273.887,34.6135,0.290563,0.0592866,0.336294,0.270578
199009,273.894,34.6098,0.289722,0.0581941,0.392479,0.340088
199010,273.903,34.6138,0.292026,0.0587325,0.336641,0.334672
199011,273.909,34.6169,0.290885,0.0592199,0.312844,0.297346
199012,273.903,34.6177,0.287408,0.0599414,0.419086,0.283175
199101,273.908,34.6212,0.287726,0.0601913,0.385168,0.25354
199102,273.901,34.6257,0.28524,0.0602213,0.458074,0.328795
199103,273.901,34.6274,0.28194,0.0574595,0.425526,0.379298
199104,273.897,34.6269,0.288528,0.0574998,0.302781,0.287584
199105,273.877,34.6255,0.292041,0.0580656,0.317519,0.299913
199106,273.858,34.6212,0.295484,0.0591358,0.258467,0.249739
199107,273.861,34.616,0.293863,0.0591177,0.298832,0.251116
199108,273.88,34.6133,0.292345,0.059099,0.341029,0.280072
199109,273.879,34.6106,0.291955,0.0585207,0.329435,0.307982
199110,273.878,34.6134,0.292379,0.0590652,0.320548,0.299696
199111,273.863,34.6155,0.29226,0.0595375,0.283807,0.269872
199112,273.878,34.6145,0.296772,0.0606249,0.245126,0.172879
199201,273.875,34.6169,0.298051,0.0614085,0.242015,0.149222
199202,273.875,34.617,0.291901,0.0606273,0.368069,0.318167
199203,273.93,34.6184,0.279351,0.0591428,0.491018,0.481146
199204,273.906,34.6243,0.288494,0.0585321,0.276027,0.25453
199205,273.895,34.6263,0.292414,0.058929,0.27983,0.272831
199206,273.867,34.6194,0.289649,0.0589654,0.352693,0.341861
199207,273.866,34.6129,0.29009,0.0594033,0.326091,0.300367
199208,273.874,34.6104,0.28836,0.059047,0.328142,0.292994
199209,273.879,34.6102,0.290805,0.0593762,0.315607,0.304251
199210,273.889,34.6129,0.291952,0.0596035,0.331153,0.301985
199211,273.867,34.6173,0.287363,0.0591591,0.355111,0.348421
199212,273.89,34.6172,0.281682,0.0604201,0.455621,0.303029
199301,273.921,34.6195,0.277788,0.0605675,0.428933,0.260723
199302,273.928,34.6216,0.276052,0.0598546,0.450318,0.294595
199303,273.929,34.6227,0.272808,0.0596056,0.427916,0.298212
199304,273.914,34.6253,0.275291,0.0593216,0.373323,0.300149
199305,273.911,34.6258,0.281397,0.0599151,0.307392,0.249248
199306,273.898,34.6217,0.287032,0.0610751,0.250316,0.198047
199307,273.895,34.6164,0.286159,0.060925,0.321364,0.25441
199308,273.921,34.6148,0.284584,0.0577355,0.438819,0.371922
199309,273.916,34.6143,0.286251,0.0564086,0.419334,0.367181
199310,273.927,34.62,0.286067,0.0578915,0.400002,0.314329
199311,273.918,34.6221,0.287432,0.0584137,0.340398,0.248362
199312,273.907,34.6236,0.287703,0.0594532,0.408105,0.172686
199401,273.9,34.6258,0.27985,0.058965,0.471312,0.30011
199402,273.933,34.6277,0.273042,0.057999,0.551456,0.410757
199403,273.942,34.6302,0.267463,0.0577751,0.484374,0.37721
199404,273.912,34.6309,0.280136,0.0587461,0.314421,0.243244
199405,273.895,34.6298,0.285511,0.0592735,0.317049,0.261734
199406,273.891,34.6244,0.287056,0.0594326,0.313638,0.259588
199407,273.898,34.6228,0.288167,0.0592335,0.36338,0.308867
199408,273.9,34.6193,0.287932,0.058509,0.358486,0.292341
199409,273.891,34.6203,0.286625,0.0587341,0.397332,0.377492
199410,273.884,34.6217,0.290599,0.0596743,0.335432,0.276761
199411,273.875,34.6221,0.286177,0.0602293,0.2928,0.215585
199412,273.88,34.6202,0.28276,0.0610703,0.336927,0.219777
199501,273.888,34.6246,0.278825,0.0614737,0.369971,0.207805
199502,273.909,34.6283,0.277305,0.0617232,0.383744,0.206373
199503,273.895,34.6303,0.277995,0.0601803,0.418424,0.316496
199504,273.923,34.6373,0.28012,0.0581079,0.438951,0.377062
199505,273.9,34.6361,0.287408,0.0585443,0.280055,0.235446
199506,273.884,34.6306,0.29075,0.0602293,0.233607,0.160249
199507,273.897,34.6278,0.287334,0.0596968,0.364931,0.318827
199508,273.897,34.6236,0.284625,0.0582818,0.440621,0.381755
199509,273.883,34.6192,0.288127,0.0590521,0.386378,0.335085
199510,273.869,34.6208,0.294234,0.0607852,0.274425,0.199485
199511,273.859,34.6217,0.293557,0.061527,0.226746,0.146018
199512,273.855,34.6191,0.29132,0.0619088,0.265927,0.176282
199601,273.845,34.6228,0.285325,0.0615449,0.320281,0.253013
199602,273.866,34.6268,0.280717,0.0609424,0.350248,0.256862
199603,273.884,34.6271,0.281388,0.0605987,0.329631,0.216596
199604,273.895,34.6279,0.285425,0.0607792,0.282453,0.214216
199605,273.891,34.625,0.285447,0.0607609,0.309928,0.263839
199606,273.875,34.619,0.285621,0.0606339,0.336319,0.231994
199607,273.897,34.6163,0.286835,0.0606137,0.300486,0.243163
199608,273.886,34.6166,0.285695,0.0598142,0.365459,0.31139
199609,273.887,34.6152,0.283167,0.0572737,0.437991,0.387094
199610,273.881,34.6189,0.284811,0.0568512,0.389334,0.339293
199611,273.869,34.6206,0.283274,0.0589776,0.31008,0.227473
199612,273.875,34.6193,0.286842,0.0602409,0.285648,0.229599
199701,273.884,34.6221,0.289157,0.0615576,0.269184,0.129287
199702,273.869,34.6223,0.284633,0.0614543,0.325279,0.222768
199703,273.866,34.6219,0.282942,0.0612578,0.298478,0.219686
199704,273.859,34.6239,0.284362,0.0615617,0.304904,0.2154
199705,273.848,34.6216,0.28477,0.0615593,0.284445,0.211231
199706,273.842,34.6186,0.285972,0.0616578,0.286125,0.204687
199707,273.842,34.615,0.286802,0.0615236,0.292189,0.205499
199708,273.86,34.6102,0.283642,0.0608993,0.383719,0.299592
199709,273.854,34.6143,0.278506,0.0556245,0.499004,0.420587
199710,273.859,34.6143,0.284277,0.0582006,0.317189,0.21333
199711,273.846,34.6172,0.284875,0.0596121,0.363316,0.254317
199712,273.875,34.6157,0.285368,0.0603738,0.342015,0.257014
199801,273.869,34.619,0.279781,0.0605283,0.421093,0.265838
199802,273.873,34.6227,0.27715,0.0608012,0.430759,0.274633
199803,273.882,34.6254,0.27618,0.0599098,0.410097,0.344115
199804,273.881,34.6239,0.280194,0.0602647,0.394859,0.29752
199805,273.889,34.624,0.283953,0.06055,0.369498,0.266733
199806,273.89,34.6218,0.288506,0.0608535,0.31956,0.242595
199807,273.895,34.6181,0.289714,0.0608184,0.36842,0.233523
199808,273.92,34.6199,0.28482,0.0575568,0.427602,0.357755
199809,273.912,34.6188,0.285511,0.0589771,0.35314,0.277275
199810,273.9,34.6212,0.288451,0.0603268,0.274899,0.201609
199811,273.905,34.6205,0.291105,0.0615754,0.254717,0.141169
199812,273.893,34.6177,0.286503,0.06177,0.306862,0.182161
199901,273.899,34.6211,0.281861,0.062027,0.355228,0.198771
199902,273.898,34.6227,0.27877,0.0621616,0.381635,0.237448
199903,273.919,34.627,0.276341,0.0617303,0.374185,0.244742
199904,273.917,34.6272,0.280254,0.0590325,0.407834,0.318657
199905,273.915,34.6276,0.283579,0.0595144,0.320254,0.216134
199906,273.91,34.6241,0.286757,0.0606479,0.271274,0.179574
199907,273.915,34.6202,0.288907,0.0613291,0.271113,0.189646
199908,273.931,34.6182,0.286535,0.0606879,0.368742,0.273594
199909,273.918,34.6151,0.285545,0.0596086,0.394848,0.309015
199910,273.926,34.6192,0.284428,0.060052,0.3584,0.257038
199911,273.909,34.6202,0.285918,0.0612264,0.271108,0.146512
199912,273.905,34.6194,0.28671,0.0621636,0.327324,0.191882
200001,273.92,34.6243,0.279013,0.0612404,0.40751,0.291019
200002,273.923,34.6256,0.280433,0.0615292,0.383111,0.229666
200003,273.898,34.6262,0.283539,0.0616904,0.333219,0.205729
200004,273.901,34.6274,0.288483,0.0615675,0.295992,0.205445
200005,273.887,34.6247,0.2883,0.0617499,0.271707,0.167225
200006,273.896,34.6232,0.288851,0.0613203,0.295048,0.195374
200007,273.898,34.6198,0.287962,0.0612286,0.343325,0.241237
200008,273.907,34.6177,0.288431,0.0608296,0.350813,0.271767
200009,273.907,34.6147,0.287233,0.0597173,0.363851,0.256948
200010,273.915,34.6189,0.291541,0.0581403,0.345532,0.282988
200011,273.915,34.6219,0.291992,0.0598306,0.290721,0.193851
200012,273.911,34.6197,0.283557,0.0603159,0.383066,0.258669
200101,273.93,34.6232,0.283931,0.0604977,0.34553,0.243609
200102,273.917,34.6248,0.282165,0.0608883,0.35971,0.250411
200103,273.915,34.6272,0.285746,0.0611774,0.291743,0.224875
200104,273.901,34.631,0.289143,0.0604235,0.310615,0.280973
200105,273.892,34.628,0.289986,0.0607525,0.307762,0.255652
200106,273.883,34.6257,0.290634,0.0602796,0.294545,0.250241
200107,273.904,34.623,0.2898,0.0596831,0.352144,0.299721
200108,273.914,34.6188,0.290803,0.0598095,0.29636,0.288015
200109,273.921,34.6158,0.29255,0.0593973,0.275328,0.280909
200110,273.913,34.6196,0.291667,0.0599767,0.264092,0.242246
200111,273.893,34.6172,0.289067,0.0607028,0.245333,0.241057
200112,273.888,34.617,0.286545,0.0613009,0.314619,0.278958
200201,273.904,34.621,0.288646,0.0615838,0.243777,0.208714
200202,273.888,34.6231,0.28578,0.0615782,0.286175,0.245952
200203,273.91,34.6253,0.283309,0.0609685,0.289861,0.261813
200204,273.914,34.6307,0.287039,0.0603958,0.294122,0.271469
200205,273.89,34.6284,0.284128,0.0595161,0.346972,0.333873
200206,273.892,34.6272,0.286456,0.059509,0.306613,0.287707
200207,273.902,34.6216,0.288394,0.0595693,0.313478,0.292672
200208,273.915,34.6263,0.284824,0.0574934,0.424809,0.409423
200209,273.904,34.6239,0.284541,0.0568128,0.387256,0.373885
200210,273.908,34.6239,0.286004,0.057938,0.341494,0.310756
200211,273.894,34.6229,0.290593,0.059683,0.236642,0.222727
200212,273.911,34.6227,0.28487,0.0600869,0.349179,0.287568
200301,273.916,34.6244,0.275994,0.0597934,0.402144,0.384963
200302,273.931,34.6281,0.271034,0.0593819,0.435087,0.419398
200303,273.958,34.6302,0.267539,0.0591985,0.441588,0.428828
200304,273.939,34.6323,0.273064,0.0587955,0.428555,0.410017
200305,273.923,34.6283,0.276716,0.0589548,0.403308,0.374963
200306,273.904,34.6243,0.28098,0.0598357,0.314854,0.292616
200307,273.909,34.6209,0.281425,0.05894,0.407971,0.389832
200308,273.934,34.6191,0.278927,0.0562961,0.47882,0.456778
200309,273.938,34.6187,0.281235,0.0563771,0.427869,0.414948
200310,273.953,34.6208,0.278425,0.05564,0.459278,0.412679
200311,273.957,34.6219,0.283151,0.0583082,0.336184,0.288543
200312,273.956,34.6218,0.277443,0.0590591,0.433332,0.347758
200401,273.964,34.6262,0.276145,0.059084,0.442362,0.421674
200402,273.948,34.6372,0.264907,0.0588128,0.514561,0.456722
200403,273.966,34.6326,0.261955,0.05783,0.535332,0.478139
200404,273.942,34.6331,0.265426,0.0564986,0.57305,0.512545
200405,273.947,34.6341,0.267529,0.0564389,0.564145,0.535271
200406,273.931,34.6324,0.268066,0.0563064,0.526373,0.494446
200407,273.931,34.6253,0.269516,0.0561899,0.555099,0.53983
200408,273.949,34.6282,0.271997,0.0556802,0.511874,0.471985
200409,273.961,34.6263,0.274263,0.0550084,0.503889,0.470048
200410,273.94,34.6229,0.274237,0.0566498,0.472508,0.430693
200411,273.926,34.6218,0.271968,0.0579988,0.464375,0.369206
200412,273.933,34.6203,0.273838,0.0589535,0.435509,0.338149
200501,273.948,34.6244,0.265122,0.0585897,0.531503,0.460835
200502,273.951,34.627,0.254056,0.0579415,0.586357,0.510877
200503,273.945,34.6296,0.25251,0.0580153,0.55887,0.470214
200504,273.947,34.6327,0.255413,0.057768,0.571018,0.508029
200505,273.953,34.6306,0.256699,0.0576452,0.562235,0.50696
200506,273.968,34.6287,0.260006,0.0577395,0.554135,0.495144
200507,273.971,34.6243,0.260568,0.0572656,0.613972,0.533603
200508,273.976,34.6212,0.258066,0.0554312,0.625853,0.546092
200509,273.975,34.6195,0.257434,0.0542466,0.654411,0.586762
200510,273.958,34.6199,0.266268,0.0559795,0.481711,0.456993
200511,273.951,34.6169,0.268238,0.0567388,0.465399,0.451446
200512,273.942,34.6198,0.264689,0.0574015,0.510549,0.473681
200601,273.956,34.6231,0.257965,0.0559756,0.595426,0.575326
200602,273.976,34.6243,0.251835,0.0559128,0.611706,0.592974
200603,273.994,34.6165,0.24913,0.0558493,0.619231,0.598253
200604,274.023,34.6135,0.249715,0.0552466,0.639318,0.619709
200605,274.004,34.6115,0.250766,0.0552229,0.634567,0.608105
200606,273.997,34.6129,0.258105,0.0562831,0.513933,0.49517
200607,274.001,34.6075,0.260797,0.0567285,0.561675,0.520914
200608,274.01,34.6066,0.258627,0.0548537,0.667444,0.627635
200609,274.014,34.6143,0.25846,0.0543414,0.662868,0.638898
200610,273.993,34.6158,0.25993,0.0553885,0.592989,0.548615
200611,273.994,34.616,0.262467,0.0561515,0.542955,0.512704
200612,273.982,34.6184,0.253368,0.0565779,0.619092,0.534548
200701,273.99,34.6218,0.249302,0.0562751,0.602445,0.566287
200702,273.955,34.6204,0.242302,0.0555664,0.671021,0.647553
200703,273.945,34.6214,0.24197,0.0551163,0.64499,0.62389
200704,273.947,34.6259,0.244918,0.0546465,0.658994,0.636214
200705,273.944,34.6258,0.249193,0.0551153,0.643234,0.623274
200706,273.934,34.6232,0.253382,0.0554873,0.619111,0.595507
200707,273.942,34.6257,0.251341,0.0543035,0.687513,0.636381
200708,273.942,34.6189,0.249618,0.0529772,0.709988,0.682523
200709,273.934,34.6194,0.248687,0.0521954,0.733598,0.69892
200710,273.91,34.6256,0.253059,0.0525654,0.639323,0.617634
200711,273.911,34.6232,0.255421,0.0535671,0.591689,0.564732
200712,273.937,34.6209,0.249729,0.0532992,0.661058,0.633683
200801,273.949,34.6189,0.248501,0.0537754,0.634663,0.615976
200802,273.954,34.6214,0.240562,0.0528034,0.702138,0.696505
200803,273.923,34.6207,0.237008,0.0519468,0.702913,0.69129
200804,273.897,34.6224,0.240483,0.0517135,0.672533,0.662344
200805,273.901,34.6258,0.242685,0.0520655,0.669693,0.658228
200806,273.905,34.6251,0.246989,0.0528074,0.643068,0.636379
200807,273.927,34.623,0.24607,0.0524159,0.679893,0.673443
200808,273.923,34.6196,0.245167,0.0524707,0.715887,0.696692
200809,273.913,34.6211,0.245377,0.0519163,0.727603,0.715858
200810,273.925,34.6255,0.249445,0.0517857,0.673854,0.664314
200811,273.925,34.6265,0.251318,0.0528451,0.627816,0.611131
200812,273.934,34.6266,0.24984,0.052925,0.662221,0.636246
200901,273.922,34.6276,0.246471,0.0526419,0.691655,0.680135
200902,273.933,34.6297,0.239828,0.0520741,0.707372,0.704687
200903,273.927,34.6299,0.240304,0.0521782,0.713341,0.707915
200904,273.944,34.6347,0.243201,0.052454,0.674667,0.668644
200905,273.943,34.6355,0.242386,0.0521522,0.702865,0.699881
200906,273.958,34.6318,0.244738,0.0524979,0.683065,0.675889
200907,273.95,34.6278,0.243013,0.0525071,0.701738,0.669301
200908,273.964,34.6237,0.240949,0.0517041,0.737644,0.732434
200909,273.973,34.6261,0.241114,0.0511646,0.726251,0.721033
200910,273.971,34.625,0.244217,0.0508026,0.723643,0.715949
200911,273.962,34.6222,0.246627,0.0520226,0.675691,0.671189
200912,273.974,34.6186,0.246047,0.0525606,0.675184,0.656733
201001,273.993,34.6207,0.244535,0.0524926,0.694334,0.686487
201002,274.003,34.624,0.236632,0.0517766,0.734772,0.730454
201003,273.982,34.6266,0.234527,0.0514378,0.736982,0.732365
201004,273.974,34.6309,0.23692,0.0518858,0.705176,0.705816
201005,273.956,34.6346,0.236275,0.0520072,0.714635,0.716936
201006,273.939,34.6333,0.237987,0.0522198,0.716151,0.719837
201007,273.934,34.6305,0.240431,0.0526058,0.719824,0.715666
201008,273.927,34.6266,0.237354,0.0526665,0.757221,0.719486
201009,273.919,34.6264,0.239199,0.0526308,0.715308,0.705258
201010,273.933,34.6244,0.243938,0.052951,0.708096,0.690629
201011,273.942,34.6287,0.245871,0.0535871,0.668253,0.640688
201012,273.956,34.6244,0.245988,0.0542534,0.66053,0.628226
201101,273.965,34.6241,0.24408,0.0540022,0.675877,0.651663
201102,273.965,34.6282,0.241015,0.0540243,0.704186,0.681931
201103,273.96,34.6292,0.239902,0.0537801,0.699159,0.671124
201104,273.949,34.6363,0.242761,0.0536124,0.698748,0.672464
201105,273.932,34.6382,0.24652,0.0538779,0.668924,0.654245
201106,273.925,34.6362,0.248666,0.0536832,0.681589,0.668847
201107,273.944,34.6308,0.251485,0.0540685,0.679386,0.664613
201108,273.937,34.6264,0.247417,0.0536145,0.737043,0.701355
201109,273.951,34.6279,0.246347,0.0524657,0.770369,0.742178
201110,273.951,34.6279,0.24658,0.0522327,0.758199,0.729718
201111,273.939,34.6277,0.249471,0.052977,0.705009,0.676836
201112,273.962,34.6277,0.247184,0.0532934,0.69272,0.665716
201201,273.967,34.6285,0.246322,0.0534574,0.706014,0.685641
201202,273.987,34.6286,0.242874,0.0531331,0.71292,0.699472
201203,273.982,34.6314,0.244271,0.0534329,0.67869,0.654182
201204,273.965,34.6369,0.245495,0.0524511,0.691243,0.674285
201205,273.96,34.6346,0.244954,0.0520871,0.695273,0.685154
201206,273.953,34.6318,0.246246,0.0524904,0.651026,0.637023
201207,273.943,34.6295,0.24684,0.0525425,0.669739,0.651005
201208,273.928,34.6281,0.244742,0.0513185,0.716823,0.695768
201209,273.926,34.6279,0.242439,0.0506065,0.748533,0.711375
201210,273.933,34.6265,0.24588,0.051483,0.730773,0.684204
201211,273.933,34.629,0.246527,0.0519541,0.695393,0.661287
201212,273.947,34.6316,0.245308,0.0527797,0.702821,0.679661
201301,273.986,34.6318,0.242965,0.0521374,0.745897,0.731312
201302,273.991,34.6344,0.243462,0.05238,0.729161,0.716804
201303,273.988,34.6267,0.240622,0.051685,0.756093,0.737178
201304,273.985,34.6297,0.241294,0.0519133,0.719817,0.701838
201305,273.954,34.6268,0.242499,0.0524088,0.70603,0.692873
201306,273.954,34.6245,0.245208,0.0527732,0.695029,0.678452
201307,273.955,34.6193,0.243275,0.0526701,0.730771,0.735159
201308,273.954,34.6132,0.241341,0.0512056,0.772828,0.761653
201309,273.973,34.6187,0.239994,0.0511581,0.762275,0.741159
201310,273.973,34.617,0.24263,0.0518115,0.738994,0.730528
201311,273.941,34.6154,0.242233,0.0526395,0.695167,0.662288
201312,273.919,34.6175,0.239226,0.052744,0.717776,0.703429
201401,273.928,34.6198,0.237878,0.0526326,0.730948,0.718904
201402,273.936,34.6247,0.234628,0.0527369,0.758167,0.741246
201403,273.934,34.627,0.234651,0.0523951,0.737929,0.714485
201404,273.927,34.6271,0.23674,0.0525983,0.724614,0.70097
201405,273.925,34.6286,0.237289,0.0524068,0.72614,0.705453
201406,273.935,34.6281,0.237853,0.0525229,0.715911,0.709381
201407,273.94,34.6231,0.237939,0.0528598,0.712412,0.703157
201408,273.954,34.6224,0.238066,0.0526608,0.708169,0.705809
201409,273.954,34.6212,0.237267,0.0527428,0.727246,0.710754
201410,273.942,34.6219,0.236942,0.0529103,0.694302,0.685554
201411,273.939,34.6216,0.239142,0.0536174,0.65955,0.652671
201412,273.954,34.6204,0.239592,0.0539499,0.659117,0.650336
201501,273.954,34.6206,0.235977,0.0534156,0.68413,0.680656
201502,273.946,34.6214,0.235347,0.0533515,0.693894,0.68898
201503,273.97,34.6239,0.235457,0.0532078,0.679603,0.674931
201504,273.966,34.6262,0.236152,0.0526164,0.696718,0.690829
201505,273.966,34.6289,0.235357,0.0522704,0.702074,0.700497
201506,273.956,34.627,0.235035,0.0523604,0.71601,0.708003
201507,273.952,34.6254,0.236243,0.052725,0.686611,0.680914
201508,273.962,34.6254,0.231831,0.0505412,0.783692,0.774563
201509,273.954,34.6274,0.229513,0.0491967,0.802559,0.800355
201510,273.946,34.6243,0.233622,0.050488,0.75055,0.745556
201511,273.949,34.6234,0.235297,0.0512125,0.744642,0.738971
201512,273.96,34.6225,0.236715,0.051665,0.727692,0.716681
201601,273.957,34.6238,0.234618,0.0515058,0.738251,0.729373
201602,273.966,34.6228,0.232534,0.0512326,0.747838,0.744665
201603,273.966,34.6261,0.23364,0.0513064,0.732439,0.726877
201604,273.962,34.6263,0.235876,0.0527075,0.662401,0.652613
201605,273.963,34.6275,0.23785,0.0530194,0.682914,0.67407
201606,273.959,34.6282,0.239466,0.0537906,0.654308,0.643932
201607,273.945,34.6296,0.238358,0.0534905,0.706816,0.690991
201608,273.935,34.6328,0.235399,0.0525252,0.747484,0.728556
201609,273.935,34.6347,0.235524,0.0521749,0.722494,0.71787
201610,273.924,34.6332,0.236226,0.0522611,0.717955,0.706549
201611,273.927,34.6313,0.238704,0.0527384,0.686546,0.673458
201612,273.947,34.6309,0.239617,0.0534238,0.687294,0.65904
201701,273.972,34.6303,0.236305,0.0534,0.714074,0.696719
201702,273.992,34.6306,0.234026,0.0535588,0.70893,0.695408
201703,273.988,34.6271,0.233579,0.0535908,0.690464,0.679427
201704,273.992,34.6247,0.2344,0.0530493,0.723257,0.718319
201705,273.988,34.6264,0.236124,0.053077,0.699144,0.692202
201706,273.982,34.6227,0.236874,0.053247,0.707162,0.701198
201707,273.967,34.6157,0.235036,0.052702,0.733554,0.724829
201708,273.96,34.6118,0.233582,0.0522432,0.754885,0.741396
201709,273.973,34.6148,0.232857,0.0510834,0.773109,0.766806
201710,273.99,34.6183,0.233166,0.0513024,0.768789,0.76455
201711,273.964,34.6179,0.234688,0.0520414,0.736857,0.731803
201712,273.97,34.6186,0.235699,0.0525304,0.723851,0.722627
201801,273.969,34.6195,0.236706,0.0530492,0.706562,0.708332
201802,273.972,34.6184,0.232306,0.0527758,0.729488,0.733358
201803,273.962,34.6188,0.231864,0.0529846,0.712242,0.722473
201804,273.95,34.6204,0.23136,0.0531819,0.706723,0.711275
201805,273.943,34.6223,0.231362,0.0532087,0.697406,0.702786
201806,273.922,34.6213,0.232083,0.0531819,0.701256,0.709899
201807,273.924,34.6207,0.233217,0.0527902,0.711139,0.707224
201808,273.929,34.6169,0.232645,0.0515619,0.762282,0.753266
201809,273.93,34.6176,0.23245,0.0515594,0.747343,0.739203
201810,273.924,34.6166,0.232592,0.051586,0.751983,0.740461
201811,273.924,34.6193,0.23309,0.0517834,0.731129,0.725194
201812,273.969,34.6212,0.233178,0.0519721,0.735023,0.726727
201901,273.969,34.6185,0.231748,0.0517875,0.727621,0.719422
201902,273.987,34.6185,0.228455,0.0511058,0.767388,0.763079
201903,273.972,34.6184,0.228612,0.0512394,0.751346,0.746966
201904,273.962,34.6182,0.22893,0.0512507,0.746988,0.739781
201905,273.952,34.6203,0.231293,0.0512751,0.743765,0.742007
201906,273.943,34.6215,0.23317,0.0513847,0.733767,0.731515
201907,273.949,34.622,0.232946,0.0507461,0.762374,0.75336
201908,273.952,34.6207,0.231733,0.0502388,0.77994,0.771983
201909,273.949,34.6206,0.232205,0.0509106,0.751587,0.752558
201910,273.956,34.6227,0.231805,0.0507622,0.777505,0.763006
201911,273.95,34.6266,0.231408,0.0505996,0.772841,0.76279
201912,273.957,34.6257,0.231538,0.0507827,0.769915,0.765489
202001,273.979,34.6243,0.23167,0.0513741,0.768905,0.76666
202002,273.974,34.625,0.22902,0.0510568,0.78133,0.779254
202003,273.965,34.6288,0.228932,0.0512982,0.769981,0.770736
202004,273.949,34.6296,0.22926,0.0516177,0.76369,0.766482
202005,273.936,34.6268,0.230837,0.052027,0.745494,0.741329
202006,273.932,34.6245,0.232874,0.0528996,0.715732,0.726218
202007,273.95,34.6227,0.233891,0.0534497,0.722966,0.730592
202008,273.966,34.6216,0.2341,0.0530901,0.756213,0.754113
202009,273.972,34.625,0.233286,0.052278,0.76607,0.760264
202010,273.974,34.6249,0.233238,0.0519391,0.764282,0.755996
202011,273.965,34.6253,0.234525,0.0525073,0.708156,0.70025
202012,273.972,34.6243,0.23464,0.0528011,0.686997,0.681032
202101,273.988,34.624,0.234615,0.0529775,0.683148,0.673259
202102,273.97,34.6263,0.233282,0.0530457,0.698148,0.689642
202103,273.977,34.6258,0.232675,0.053184,0.7001,0.695661
202104,273.973,34.6273,0.236444,0.0537804,0.67415,0.665646
202105,273.956,34.6277,0.240327,0.054451,0.643803,0.635134
202106,273.95,34.6262,0.246567,0.0553798,0.619498,0.607801
202107,273.956,34.6239,0.251107,0.0564889,0.56128,0.550975
202108,273.949,34.6237,0.253979,0.0567616,0.577705,0.571072
202109,273.963,34.6252,0.254644,0.0562015,0.606709,0.59031
202110,273.943,34.6244,0.255416,0.0565041,0.580355,0.569854
202111,273.93,34.627,0.252498,0.0568096,0.556101,0.538088
202112,273.948,34.6307,0.242002,0.0558935,0.65862,0.649491
202201,273.953,34.629,0.23663,0.0551879,0.683126,0.674932
202202,273.953,34.6304,0.231014,0.0521662,0.773119,0.77173
202203,273.935,34.6291,0.229584,0.0513399,0.778401,0.769364
202204,273.936,34.6322,0.23131,0.051748,0.760254,0.753816
202205,273.922,34.6273,0.23564,0.0527265,0.684891,0.669971
202206,273.935,34.6253,0.239331,0.0532629,0.683445,0.665593
202207,273.944,34.6226,0.243136,0.0532775,0.684543,0.666063
202208,273.973,34.6194,0.246504,0.0539648,0.673535,0.63982
202209,273.973,34.6207,0.25018,0.0538949,0.637677,0.604751
202210,273.962,34.6235,0.250291,0.0542127,0.608568,0.593198
202211,273.949,34.6251,0.248111,0.0543134,0.636787,0.615651
202212,273.976,34.6223,0.238439,0.0536057,0.717844,0.703916
202301,273.98,34.623,0.232842,0.0530177,0.714594,0.711851
202302,273.977,34.6273,0.229965,0.052467,0.728532,0.727073
202303,273.974,34.6276,0.23036,0.0526243,0.71489,0.710252
202304,273.973,34.6277,0.233264,0.05313,0.710966,0.705049
202305,273.971,34.6309,0.237399,0.0537586,0.673664,0.664512
202306,273.958,34.628,0.241486,0.0543252,0.664679,0.650055
202307,273.96,34.6276,0.243328,0.0545156,0.653442,0.631299
202308,273.971,34.6276,0.246858,0.054557,0.650437,0.627177
202309,273.978,34.6303,0.246017,0.0525169,0.707407,0.676407
202310,273.982,34.6338,0.2463,0.0527055,0.668579,0.637277
202311,273.966,34.6329,0.243914,0.0528737,0.706647,0.682723
202312,273.961,34.6255,0.237074,0.0525596,0.729935,0.728178
202401,273.966,34.6255,0.231686,0.0518361,0.756527,0.754834
202402,273.956,34.6247,0.228833,0.0514655,0.754266,0.758844
202403,273.939,34.6336,0.22926,0.0519952,0.714532,0.720331
202404,273.94,34.6359,0.233122,0.0529945,0.68815,0.693264
202405,273.964,34.6363,0.238613,0.0534478,0.662587,0.668974
202406,273.966,34.6333,0.243187,0.0532569,0.674116,0.673603
202407,273.964,34.6219,0.247078,0.052744,0.678407,0.669157
202408,273.974,34.6134,0.25098,0.0527231,0.6508,0.635535
202409,273.975,34.6202,0.252341,0.051422,0.674467,0.658082
202410,273.965,34.6194,0.252578,0.0515899,0.682821,0.669086
202411,273.945,34.6171,0.246446,0.0515393,0.709818,0.70067
202412,273.954,34.6184,0.239407,0.0515786,0.723801,0.714346
202501,273.975,34.6181,0.233979,0.0511393,0.75025,0.749065
202502,273.987,34.6205,0.23025,0.0507212,0.756745,0.761024
202503,273.985,34.6174,0.227733,0.0508642,0.766264,0.760742
202504,273.97,34.6209,0.230926,0.0512636,0.741692,0.732755
202505,273.988,34.6205,0.234708,0.0517756,0.712491,0.694372
202506,273.986,34.6171,0.240144,0.0519531,0.710448,0.690935
202507,273.999,34.6074,0.243618,0.0516394,0.690585,0.675044
