year,aer_p5,aer_p17,aer_p83,aer_p95,aer_p50,ghg_p5,ghg_p17,ghg_p83,ghg_p95,ghg_p50,ohf_p5,ohf_p17,ohf_p83,ohf_p95,ohf_p50,ant_p5,ant_p17,ant_p83,ant_p95,ant_p50,nat_p5,nat_p17,nat_p83,nat_p95,nat_p50,tot_p5,tot_p17,tot_p83,tot_p95,tot_p50
1850,285.01131665261516,285.70200502642047,287.61033553271284,288.30102390651814,286.65617027956665,285.01131665261516,285.70200502642047,287.61033553271284,288.30102390651814,286.65617027956665,285.01131665261516,285.70200502642047,287.61033553271284,288.30102390651814,286.65617027956665,285.01131665261516,285.70200502642047,287.61033553271284,288.30102390651814,286.65617027956665,285.01131665261516,285.70200502642047,287.61033553271284,288.30102390651814,286.65617027956665,285.01131665261516,285.70200502642047,287.61033553271284,288.30102390651814,286.65617027956665
1851,286.9033480717751,286.9045518384146,286.90787777336266,286.90908154000215,286.9062148058886,286.9033480717751,286.9045518384146,286.90787777336266,286.90908154000215,286.9062148058886,286.9112858598837,286.91248971330583,286.9158158880291,286.9170197414512,286.91415280066747,286.9033480717751,286.9045518384146,286.90787777336266,286.90908154000215,286.9062148058886,286.9033480717751,286.9045518384146,286.90787777336266,286.90908154000215,286.9062148058886,286.8375458048031,286.86638051684884,286.9460490949284,286.97488380697416,286.9062148058886
1852,287.07371811827295,287.0754117312873,287.0800910823575,287.0817846953719,287.0777514068224,287.07371811827295,287.0754117312873,287.0800910823575,287.0817846953719,287.0777514068224,287.11387834976284,287.1155719916397,287.1202514224554,287.12194506433224,287.11791170704754,287.07371811827295,287.0754117312873,287.0800910823575,287.0817846953719,287.0777514068224,287.07371811827295,287.0754117312873,287.0800910823575,287.0817846953719,287.0777514068224,286.99630274453284,287.0305037477003,287.1249990659445,287.159200069112,287.0777514068224
1853,287.21199674458484,287.2137667704523,287.21865724564765,287.2204272715151,287.21621200805,287.21199674458484,287.2137667704523,287.21865724564765,287.2204272715151,287.21621200805,287.2689627687871,287.2707328042102,287.275623305807,287.2773933412301,287.2731780550086,287.21199674458484,287.2137667704523,287.21865724564765,287.2204272715151,287.21621200805,287.21199674458484,287.2137667704523,287.21865724564765,287.2204272715151,287.21621200805,287.13294393774754,287.1679089261968,287.26451508990317,287.2994800783524,287.21621200805
1854,287.28004391187466,287.2817086004306,287.28630803495884,287.28797272351477,287.2840083176947,287.28004391187466,287.2817086004306,287.28630803495884,287.28797272351477,287.2840083176947,287.3839279234105,287.38559262211015,287.39019208466505,287.3918567833647,287.3878923533876,287.28004391187466,287.2817086004306,287.28630803495884,287.28797272351477,287.2840083176947,287.28004391187466,287.2817086004306,287.28630803495884,287.28797272351477,287.2840083176947,287.2032410803871,287.23715594726565,287.3308606881238,287.3647755550023,287.2840083176947
1855,287.3349834994981,287.33654053750655,287.34084254003557,287.342399578044,287.33869153877106,287.3349834994981,287.33654053750655,287.34084254003557,287.342399578044,287.33869153877106,287.41276270537605,287.4143198249169,287.41862205271525,287.4201791722561,287.4164709388161,287.3349834994981,287.33654053750655,287.34084254003557,287.342399578044,287.33869153877106,287.3349834994981,287.33654053750655,287.34084254003557,287.342399578044,287.33869153877106,287.26052027566396,287.2933450703503,287.3840380071918,287.41686280187815,287.33869153877106
1856,287.35025951609646,287.35171955158796,287.35575354198704,287.35721357747855,287.3537365467875,287.35025951609646,287.35171955158796,287.35575354198704,287.35721357747855,287.3537365467875,287.452324285352,287.45378529429007,287.4578219742635,287.45928298320155,287.4558036342768,287.35025951609646,287.35171955158796,287.35575354198704,287.35721357747855,287.3537365467875,287.35025951609646,287.35171955158796,287.35575354198704,287.35721357747855,287.3537365467875,287.277896679664,287.30974250085734,287.39773059271766,287.429576413911,287.3537365467875
1857,287.35520845932297,287.3565750143415,287.3603507238066,287.36171727882515,287.35846286907406,287.35520845932297,287.3565750143415,287.3603507238066,287.36171727882515,287.35846286907406,287.4809971645829,287.48236555399666,287.4861463317856,287.4875147211994,287.48425594289114,287.35520845932297,287.3565750143415,287.3603507238066,287.36171727882515,287.35846286907406,287.35520845932297,287.3565750143415,287.3603507238066,287.36171727882515,287.35846286907406,287.2848425551167,287.3157563665909,287.4011693715572,287.4320831830314,287.35846286907406
1858,287.39274630492065,287.3940269973537,287.39756547365056,287.3988461660836,287.39579623550213,287.39274630492065,287.3940269973537,287.39756547365056,287.3988461660836,287.39579623550213,287.504414258712,287.5056963568895,287.5092387171737,287.51052081535113,287.5074675370316,287.39274630492065,287.3940269973537,287.39756547365056,287.3988461660836,287.39579623550213,287.39274630492065,287.3940269973537,287.39756547365056,287.3988461660836,287.39579623550213,287.3241646477787,287.3542433757744,287.4373490952299,287.4674278232256,287.39579623550213
1859,287.443252935315,287.44445349990565,287.44777058778493,287.4489711523756,287.4461120438453,287.443252935315,287.44445349990565,287.44777058778493,287.4489711523756,287.4461120438453,287.5231734869773,287.5243747333241,287.5276937048547,287.5288949512015,287.5260342190894,287.443252935315,287.44445349990565,287.44777058778493,287.4489711523756,287.4461120438453,287.443252935315,287.44445349990565,287.44777058778493,287.4489711523756,287.4461120438453,287.3763071360874,287.40561882524497,287.4866052624456,287.5159169516032,287.4461120438453
1860,287.4629435812185,287.4640853374544,287.46723994138057,287.46838169761645,287.4656626394175,287.4629435812185,287.4640853374544,287.46723994138057,287.46838169761645,287.4656626394175,287.5513100844539,287.5524519623475,287.55560690240657,287.55674878030015,287.55402943237704,287.4629435812185,287.4640853374544,287.46723994138057,287.46838169761645,287.4656626394175,287.4629435812185,287.4640853374544,287.46723994138057,287.46838169761645,287.4656626394175,287.39700862878794,287.4258370462106,287.5054882326244,287.534316650047,287.4656626394175
1861,287.4755950811566,287.47670238714653,287.4797618071115,287.48086911310145,287.478232097129,287.4755950811566,287.47670238714653,287.4797618071115,287.48086911310145,287.478232097129,287.5660283385654,287.5671354282628,287.5701942506245,287.57130134032195,287.56866483944367,287.4755950811566,287.47670238714653,287.4797618071115,287.48086911310145,287.478232097129,287.4755950811566,287.47670238714653,287.4797618071115,287.48086911310145,287.478232097129,287.40985473669326,287.4385669862884,287.51789720796967,287.5466094575648,287.478232097129
1862,287.4762832960876,287.4773573098134,287.4803247452515,287.48139875897726,287.47884102753244,287.4762832960876,287.4773573098134,287.4803247452515,287.48139875897726,287.47884102753244,287.5859843280122,287.5870581306402,287.59002498282763,287.5910987854556,287.5885415567339,287.4762832960876,287.4773573098134,287.4803247452515,287.48139875897726,287.47884102753244,287.4762832960876,287.4773573098134,287.4803247452515,287.48139875897726,287.47884102753244,287.41071109643997,287.43931944829734,287.51836260676754,287.5469709586249,287.47884102753244
1863,287.48703882376117,287.4880956500727,287.4910155977173,287.49207242402883,287.489555623895,287.48703882376117,287.4880956500727,287.4910155977173,287.49207242402883,287.489555623895,287.593376629335,287.59443318449604,287.59735238296804,287.59840893812907,287.59589278373204,287.48703882376117,287.4880956500727,287.4910155977173,287.49207242402883,287.489555623895,287.48703882376117,287.4880956500727,287.4910155977173,287.49207242402883,287.489555623895,287.4210303567223,287.4498047136454,287.5293065341446,287.5580808910677,287.489555623895
1864,287.5119207076138,287.51295579683085,287.5158156861884,287.51685077540543,287.5143857415096,287.5119207076138,287.51295579683085,287.5158156861884,287.51685077540543,287.5143857415096,287.5897772745206,287.5908119687407,287.5936707667455,287.5947054609656,287.5922413677431,287.5119207076138,287.51295579683085,287.5158156861884,287.51685077540543,287.5143857415096,287.5119207076138,287.51295579683085,287.5158156861884,287.51685077540543,287.5143857415096,287.4457402351283,287.474565081543,287.5542064014762,287.5830312478909,287.5143857415096
1865,287.53110448848446,287.53212404426296,287.53494101566247,287.53596057144097,287.5335325299627,287.53110448848446,287.53212404426296,287.53494101566247,287.53596057144097,287.5335325299627,287.5839559076304,287.5849749570404,287.5877905293742,287.5888095787842,287.5863827432073,287.53110448848446,287.53212404426296,287.53494101566247,287.53596057144097,287.5335325299627,287.53110448848446,287.53212404426296,287.53494101566247,287.53596057144097,287.5335325299627,287.46457189800594,287.49352906839624,287.5735359915292,287.6024931619195,287.5335325299627
1866,287.5350194678692,287.53601910673154,287.53878104888753,287.5397806877499,287.53740007780954,287.5350194678692,287.53601910673154,287.53878104888753,287.5397806877499,287.53740007780954,287.57621727243827,287.5772163451915,287.57997672322205,287.5809757959753,287.5785965342068,287.5350194678692,287.53601910673154,287.53878104888753,287.5397806877499,287.53740007780954,287.5350194678692,287.53601910673154,287.53878104888753,287.5397806877499,287.53740007780954,287.46849296163174,287.4974276602801,287.577372495339,287.60630719398733,287.53740007780954
1867,287.5420189215055,287.54300810593827,287.545741163133,287.5467303475658,287.54437463453564,287.5420189215055,287.54300810593827,287.545741163133,287.5467303475658,287.54437463453564,287.5707003745954,287.57168895590553,287.5744203467086,287.57540892801876,287.5730546513071,287.5420189215055,287.54300810593827,287.545741163133,287.5467303475658,287.54437463453564,287.5420189215055,287.54300810593827,287.545741163133,287.5467303475658,287.54437463453564,287.47513051688856,287.504206725391,287.5845425436803,287.61361875218273,287.54437463453564
1868,287.5429149043007,287.5438866041843,287.5465713526195,287.5475430525031,287.5452289784019,287.5429149043007,287.5438866041843,287.5465713526195,287.5475430525031,287.5452289784019,287.56803183718256,287.5690029272553,287.57168599081996,287.5726570808927,287.57034445903764,287.5429149043007,287.5438866041843,287.5465713526195,287.5475430525031,287.5452289784019,287.5429149043007,287.5438866041843,287.5465713526195,287.5475430525031,287.5452289784019,287.47619788027447,287.505184640024,287.58527331677976,287.6142600765293,287.5452289784019
1869,287.55236034873207,287.55331018209,287.5559345146277,287.55688434798566,287.55462234835886,287.55236034873207,287.55331018209,287.5559345146277,287.55688434798566,287.55462234835886,287.560304914554,287.56125415462395,287.56387684794254,287.56482608801247,287.56256550128325,287.55236034873207,287.55331018209,287.5559345146277,287.55688434798566,287.55462234835886,287.55236034873207,287.55331018209,287.5559345146277,287.55688434798566,287.55462234835886,287.48624084219915,287.5149548326199,287.59428986409785,287.6230038545186,287.55462234835886
1870,287.56540359775624,287.5663233659772,287.5688646303467,287.56978439856766,287.56759399816195,287.56540359775624,287.5663233659772,287.5688646303467,287.56978439856766,287.56759399816195,287.5482532670912,287.5491724664745,287.55171215917983,287.55263135856313,287.55044231282716,287.56540359775624,287.5663233659772,287.5688646303467,287.56978439856766,287.56759399816195,287.56540359775624,287.5663233659772,287.5688646303467,287.56978439856766,287.56759399816195,287.5004080303487,287.528620003798,287.6065679925259,287.6347799659752,287.56759399816195
1871,287.5846232332951,287.58552477192086,287.58801566901354,287.5889172076393,287.5867702204672,287.5846232332951,287.58552477192086,287.58801566901354,287.5889172076393,287.5867702204672,287.53197009030066,287.53287109351385,287.5353605112934,287.5362615145066,287.5341158024036,287.5846232332951,287.58552477192086,287.58801566901354,287.5889172076393,287.5867702204672,287.5846232332951,287.58552477192086,287.58801566901354,287.5889172076393,287.5867702204672,287.52019345339295,287.54814961814236,287.62539082279204,287.65334698754145,287.5867702204672
1872,287.5972088581644,287.5980969913093,287.60055084986317,287.6014389830081,287.59932392058624,287.5972088581644,287.5980969913093,287.60055084986317,287.6014389830081,287.59932392058624,287.5125465114728,287.51343415763455,287.5158866706831,287.5167743168448,287.5146604141588,287.5972088581644,287.5980969913093,287.60055084986317,287.6014389830081,287.59932392058624,287.5972088581644,287.5980969913093,287.60055084986317,287.6014389830081,287.59932392058624,287.53329166335675,287.56101918367665,287.63762865749584,287.66535617781574,287.59932392058624
1873,287.58614968654433,287.58703045141516,287.58946395186996,287.5903447167408,287.58824720164256,287.58614968654433,287.58703045141516,287.58946395186996,287.5903447167408,287.58824720164256,287.5094866729883,287.51036701889717,287.5127993617853,287.51367970769417,287.51158319034124,287.58614968654433,287.58703045141516,287.58946395186996,287.5903447167408,287.58824720164256,287.58614968654433,287.58703045141516,287.58946395186996,287.5903447167408,287.58824720164256,287.52254046738756,287.55013129777336,287.62636310551176,287.65395393589756,287.58824720164256
1874,287.5469333126219,287.54780871674643,287.55022740578136,287.5511028099059,287.5490180612639,287.5469333126219,287.54780871674643,287.55022740578136,287.5511028099059,287.5490180612639,287.5107376345261,287.5116126597201,287.5140303017927,287.51490532698665,287.5128214807564,287.5469333126219,287.54780871674643,287.55022740578136,287.5511028099059,287.5490180612639,287.5469333126219,287.54780871674643,287.55022740578136,287.5511028099059,287.5490180612639,287.4834709910988,287.51099477714166,287.5870413453861,287.614565131429,287.5490180612639
1875,287.5217673696026,287.5226452649153,287.5250708369535,287.52594873226616,287.5238580509344,287.5217673696026,287.5226452649153,287.5250708369535,287.52594873226616,287.5238580509344,287.50963762989693,287.5105151557802,287.5129397071069,287.51381723299016,287.51172743144355,287.5217673696026,287.5226452649153,287.5250708369535,287.52594873226616,287.5238580509344,287.5217673696026,287.5226452649153,287.5250708369535,287.52594873226616,287.5238580509344,287.458087423585,287.485705083238,287.5620110186308,287.58962867828376,287.5238580509344
1876,287.51544862757146,287.516316586254,287.5187147039795,287.51958266266206,287.51751564511676,287.51544862757146,287.516316586254,287.5187147039795,287.51958266266206,287.51751564511676,287.51967127869085,287.52053893078704,287.5229362014331,287.5238038535293,287.52173756611006,287.51544862757146,287.516316586254,287.5187147039795,287.51958266266206,287.51751564511676,287.51544862757146,287.516316586254,287.5187147039795,287.51958266266206,287.51751564511676,287.451985785569,287.47950234472364,287.5555289455099,287.58304550466454,287.51751564511676
1877,287.5088060851822,287.5096637786099,287.5120335340527,287.5128912274804,287.5108486563313,287.5088060851822,287.5096637786099,287.5120335340527,287.5128912274804,287.5108486563313,287.5338773915569,287.5347348117867,287.53710381239995,287.5379612326297,287.5359193120933,287.5088060851822,287.5096637786099,287.5120335340527,287.5128912274804,287.5108486563313,287.5088060851822,287.5096637786099,287.5120335340527,287.5128912274804,287.5108486563313,287.44570812427776,287.47306120142434,287.54863611123824,287.5759891883848,287.5108486563313
1878,287.5098134753712,287.5106599259221,287.5129986179714,287.5138450685223,287.51182927194674,287.5098134753712,287.5106599259221,287.5129986179714,287.5138450685223,287.51182927194674,287.51979116887816,287.52063735226966,287.52297530617363,287.52382148956514,287.52180632922165,287.5098134753712,287.5106599259221,287.5129986179714,287.5138450685223,287.51182927194674,287.5098134753712,287.5106599259221,287.5129986179714,287.5138450685223,287.51182927194674,287.44721546061555,287.47434736314017,287.5493111807533,287.5764430832779,287.51182927194674
1879,287.49319156540344,287.49403781825197,287.4963759640615,287.49722221691,287.4952068911567,287.49319156540344,287.49403781825197,287.4963759640615,287.49722221691,287.4952068911567,287.49334426216956,287.4941902438794,287.49652764054895,287.4973736222588,287.4953589422142,287.49319156540344,287.49403781825197,287.4963759640615,287.49722221691,287.4952068911567,287.49319156540344,287.49403781825197,287.4963759640615,287.49722221691,287.4952068911567,287.43048304714574,287.45766115335164,287.5327526289618,287.5599307351677,287.4952068911567
1880,287.47545811546564,287.47630082252124,287.4786291715177,287.4794718785733,287.47746499701947,287.47545811546564,287.47630082252124,287.4786291715177,287.4794718785733,287.47746499701947,287.4842232789844,287.4850657137676,287.48739331049177,287.48823574527495,287.4862295121297,287.47545811546564,287.47630082252124,287.4786291715177,287.4794718785733,287.47746499701947,287.47545811546564,287.47630082252124,287.4786291715177,287.4794718785733,287.47746499701947,287.41286409454295,287.43999057652695,287.514939417512,287.542065899496,287.47746499701947
1881,287.47133436425605,287.47217128505787,287.4744836469827,287.47532056778454,287.4733274660203,287.47133436425605,287.47217128505787,287.4744836469827,287.47532056778454,287.4733274660203,287.4783593571934,287.47919600323144,287.48150760600026,287.4823442520383,287.48035180461585,287.47133436425605,287.47217128505787,287.4744836469827,287.47532056778454,287.4733274660203,287.47133436425605,287.47217128505787,287.4744836469827,287.47532056778454,287.4733274660203,287.4088978873922,287.4359524289991,287.5107025030415,287.5377570446484,287.4733274660203
1882,287.46409609893294,287.4649332943221,287.4672464149153,287.46808361030446,287.4660898546187,287.46409609893294,287.4649332943221,287.4672464149153,287.46808361030446,287.4660898546187,287.46324956736703,287.46408648728516,287.46639884676836,287.4672357666865,287.46524266702676,287.46409609893294,287.4649332943221,287.4672464149153,287.46808361030446,287.4660898546187,287.46409609893294,287.4649332943221,287.4672464149153,287.46808361030446,287.4660898546187,287.40160754452995,287.4286842285368,287.5034954807006,287.53057216470745,287.4660898546187
1883,287.3999885179363,287.40081446119547,287.40309649282887,287.403922436088,287.40195547701217,287.3999885179363,287.40081446119547,287.40309649282887,287.403922436088,287.40195547701217,287.46138519995196,287.4622112625243,287.4644936238128,287.46531968638516,287.46335244316856,287.3999885179363,287.40081446119547,287.40309649282887,287.403922436088,287.40195547701217,287.3999885179363,287.40081446119547,287.40309649282887,287.403922436088,287.40195547701217,287.3380393920342,287.36487831318203,287.4390326408423,287.4658715619901,287.40195547701217
1884,287.19898281002617,287.19980054605696,287.20205990161116,287.20287763764196,287.20093022383406,287.19898281002617,287.19980054605696,287.20205990161116,287.20287763764196,287.20093022383406,287.46547617658126,287.46629500002086,287.46855736002055,287.46937618346016,287.4674261800207,287.19898281002617,287.19980054605696,287.20205990161116,287.20287763764196,287.20093022383406,287.19898281002617,287.19980054605696,287.20205990161116,287.20287763764196,287.20093022383406,287.13748876101386,287.164128384181,287.2377320634871,287.2643716866543,287.20093022383406
1885,287.1663140244493,287.16713062216485,287.16938683262225,287.1702034303378,287.16825872739355,287.1663140244493,287.16713062216485,287.16938683262225,287.1702034303378,287.16825872739355,287.45673243296727,287.45755004151675,287.4598090448479,287.46062665339736,287.4586795431823,287.1663140244493,287.16713062216485,287.16938683262225,287.1702034303378,287.16825872739355,287.1663140244493,287.16713062216485,287.16938683262225,287.1702034303378,287.16825872739355,287.10490496120474,287.13150775979204,287.20500969499506,287.23161249358236,287.16825872739355
1886,287.1922511771615,287.1930653981758,287.1953150419506,287.1961292629649,287.1941902200632,287.1922511771615,287.1930653981758,287.1953150419506,287.1961292629649,287.1941902200632,287.46278336897257,287.4635983168218,287.4658499687977,287.46666491664695,287.46472414280976,287.1922511771615,287.1930653981758,287.1953150419506,287.1961292629649,287.1941902200632,287.1922511771615,287.1930653981758,287.1953150419506,287.1961292629649,287.1941902200632,287.1311059096884,287.157595561431,287.23078487869543,287.257274530438,287.1941902200632
1887,287.1901598641513,287.1909740522754,287.19322360517646,287.19403779330054,287.19209882872593,287.1901598641513,287.1909740522754,287.19322360517646,287.19403779330054,287.19209882872593,287.4662174375921,287.467032182463,287.46928327362224,287.47009801849316,287.4681577280426,287.1901598641513,287.1909740522754,287.19322360517646,287.19403779330054,287.19209882872593,287.1901598641513,287.1909740522754,287.19322360517646,287.19403779330054,287.19209882872593,287.1288764224614,287.15542406187166,287.2287735955802,287.25532123499045,287.19209882872593
1888,287.19506730993504,287.1958816068214,287.1981314602262,287.19894575711254,287.1970065335238,287.19506730993504,287.1958816068214,287.1981314602262,287.19894575711254,287.1970065335238,287.45148365482794,287.45229827500054,287.4545490216259,287.4553636417985,287.4534236483132,287.19506730993504,287.1958816068214,287.1981314602262,287.19894575711254,287.1970065335238,287.19506730993504,287.1958816068214,287.1981314602262,287.19894575711254,287.1970065335238,287.1337090263475,287.1602882012851,287.2337248657625,287.2603040407001,287.1970065335238
1889,287.1970407317642,287.19785725567823,287.2001132622267,287.2009297861407,287.19898525895246,287.1970407317642,287.19785725567823,287.2001132622267,287.2009297861407,287.19898525895246,287.4302785294804,287.43109528219566,287.4333519209083,287.43416867362356,287.432223601552,287.1970407317642,287.19785725567823,287.2001132622267,287.2009297861407,287.19898525895246,287.1970407317642,287.19785725567823,287.2001132622267,287.2009297861407,287.19898525895246,287.13541446809353,287.16210839723135,287.2358621206736,287.2625560498114,287.19898525895246
1890,287.1948398967094,287.19566163572097,287.19793205127087,287.1987537902824,287.1967968434959,287.1948398967094,287.19566163572097,287.19793205127087,287.1987537902824,287.1967968434959,287.4203548500909,287.421176846466,287.42344797309556,287.42426996947063,287.4223124097808,287.1948398967094,287.19566163572097,287.19793205127087,287.1987537902824,287.1967968434959,287.1948398967094,287.19566163572097,287.19793205127087,287.1987537902824,287.1967968434959,287.13283442838383,287.15969280395876,287.2339008830331,287.260759258608,287.1967968434959
1891,287.2014752078615,287.20230163156424,287.2045849906345,287.2054114143372,287.20344331109936,287.2014752078615,287.20230163156424,287.2045849906345,287.2054114143372,287.20344331109936,287.4145252867971,287.4153519080833,287.4176358130649,287.41846243435117,287.4164938605741,287.2014752078615,287.20230163156424,287.2045849906345,287.2054114143372,287.20344331109936,287.2014752078615,287.20230163156424,287.2045849906345,287.2054114143372,287.20344331109936,287.13900639245094,287.16606401619634,287.2408226060024,287.2678802297478,287.20344331109936
1892,287.2236876752749,287.224522706987,287.22682984947033,287.2276648811824,287.22567627822866,287.2236876752749,287.224522706987,287.22682984947033,287.2276648811824,287.22567627822866,287.42340595003554,287.4242410756963,287.42654847775384,287.42738360341457,287.42539477672506,287.2236876752749,287.224522706987,287.22682984947033,287.2276648811824,287.22567627822866,287.2236876752749,287.224522706987,287.22682984947033,287.2276648811824,287.22567627822866,287.16066922489273,287.1879662531625,287.26338630329485,287.2906833315646,287.22567627822866
1893,287.2572149209565,287.25804796018997,287.2603495975744,287.26118263680786,287.2591987788822,287.2572149209565,287.25804796018997,287.2603495975744,287.26118263680786,287.2591987788822,287.4313281450828,287.4321611003792,287.43446250585055,287.43529546114695,287.43331180311486,287.2572149209565,287.25804796018997,287.2603495975744,287.26118263680786,287.2591987788822,287.2572149209565,287.25804796018997,287.2603495975744,287.26118263680786,287.2591987788822,287.1941193676443,287.22144677962774,287.29695077813665,287.3242781901201,287.2591987788822
1894,287.28423849505845,287.2850750889568,287.28738654766676,287.2882231415651,287.28623081831176,287.28423849505845,287.2850750889568,287.28738654766676,287.2882231415651,287.28623081831176,287.4437104976405,287.4445468481288,287.4468576343116,287.4476939847999,287.4457022412202,287.28423849505845,287.2850750889568,287.28738654766676,287.2882231415651,287.28623081831176,287.28423849505845,287.2850750889568,287.28738654766676,287.2882231415651,287.28623081831176,287.2208169349122,287.2482847946714,287.3241768419521,287.35164470171134,287.28623081831176
1895,287.3137674030259,287.3145990020996,287.31689666040904,287.31772825948275,287.3157478312543,287.3137674030259,287.3145990020996,287.31689666040904,287.31772825948275,287.3157478312543,287.44216343902133,287.4429946788107,287.44529134443906,287.4461225842284,287.4441430116249,287.3137674030259,287.3145990020996,287.31689666040904,287.31772825948275,287.3157478312543,287.3137674030259,287.3145990020996,287.31689666040904,287.31772825948275,287.3157478312543,287.25053495254593,287.27791840868343,287.3535772538252,287.3809607099627,287.3157478312543
1896,287.3208004196315,287.3216404821838,287.32396152457653,287.32480158712883,287.32280100338016,287.3208004196315,287.3216404821838,287.32396152457653,287.32480158712883,287.32280100338016,287.43338722899443,287.43422699828307,287.43654723040595,287.4373869996946,287.4353871143445,287.3208004196315,287.3216404821838,287.32396152457653,287.32480158712883,287.32280100338016,287.3208004196315,287.3216404821838,287.32396152457653,287.32480158712883,287.32280100338016,287.25723981547355,287.2847695296791,287.3608324770812,287.3883621912868,287.32280100338016
1897,287.3276744757109,287.3285123673655,287.3308274116982,287.33166530335274,287.32966988953183,287.3276744757109,287.3285123673655,287.3308274116982,287.33166530335274,287.32966988953183,287.42254333821995,287.423380974229,287.42569531222847,287.42653294823754,287.42453814322874,287.3276744757109,287.3285123673655,287.3308274116982,287.33166530335274,287.32966988953183,287.3276744757109,287.3285123673655,287.3308274116982,287.33166530335274,287.32966988953183,287.26414321270033,287.29165843540466,287.367681343659,287.3951965663633,287.32966988953183
1898,287.3407953497148,287.3416262324225,287.34392191145594,287.34475279416364,287.34277407193923,287.3407953497148,287.3416262324225,287.34392191145594,287.34475279416364,287.34277407193923,287.4153064722506,287.41613709174396,287.4184320435319,287.4192626630252,287.4172845676379,287.3407953497148,287.3416262324225,287.34392191145594,287.34475279416364,287.34277407193923,287.3407953497148,287.3416262324225,287.34392191145594,287.34475279416364,287.34277407193923,287.2775837146058,287.3049577138217,287.38059043005677,287.4079644292727,287.34277407193923
1899,287.35091176765275,287.35173662304305,287.35401564896017,287.3548405043505,287.3528761360016,287.35091176765275,287.35173662304305,287.35401564896017,287.3548405043505,287.3528761360016,287.41404318681066,287.4148677198502,287.41714585513154,287.41797038817106,287.41600678749086,287.35091176765275,287.35173662304305,287.35401564896017,287.3548405043505,287.3528761360016,287.35091176765275,287.35173662304305,287.35401564896017,287.3548405043505,287.3528761360016,287.28796206624514,287.31522004989944,287.3905322221038,287.4177902057581,287.3528761360016
1900,287.35929682268767,287.3601290520228,287.3624284517067,287.3632606810418,287.36127875186475,287.35929682268767,287.3601290520228,287.3624284517067,287.3632606810418,287.36127875186475,287.40319079136276,287.40402263411426,287.4063209656908,287.4071528084423,287.4051717999025,287.35929682268767,287.3601290520228,287.3624284517067,287.3632606810418,287.36127875186475,287.35929682268767,287.3601290520228,287.3624284517067,287.3632606810418,287.36127875186475,287.29604983696,287.3234400268361,287.39911747689337,287.4265076667695,287.36127875186475
1901,287.35857663823947,287.3594078298784,287.3617043624702,287.3625355541092,287.3605560961743,287.35857663823947,287.3594078298784,287.3617043624702,287.3625355541092,287.3605560961743,287.40051514827917,287.40134591340217,287.403641267556,287.404472032679,287.4024935904791,287.35857663823947,287.3594078298784,287.3617043624702,287.3625355541092,287.3605560961743,287.35857663823947,287.3594078298784,287.3617043624702,287.3625355541092,287.3605560961743,287.2953375868476,287.32272340733084,287.3983887850178,287.42577460550103,287.3605560961743
1902,287.32901388486164,287.3298411923746,287.33212699335957,287.33295430087253,287.3309840928671,287.32901388486164,287.3298411923746,287.33212699335957,287.33295430087253,287.3309840928671,287.4104970949634,287.41132411247116,287.41360911218914,287.4144361296969,287.41246661233015,287.32901388486164,287.3298411923746,287.33212699335957,287.33295430087253,287.3309840928671,287.32901388486164,287.3298411923746,287.33212699335957,287.33295430087253,287.3309840928671,287.2659069038833,287.29323338272286,287.3687348030113,287.39606128185085,287.3309840928671
1903,287.2292181699428,287.23004225547254,287.2323191543112,287.23314323984096,287.23118070489187,287.2292181699428,287.23004225547254,287.2323191543112,287.23314323984096,287.23118070489187,287.4154231073257,287.41624737611653,287.41852478129476,287.4193490500856,287.41738607870565,287.2292181699428,287.23004225547254,287.2323191543112,287.23314323984096,287.23118070489187,287.2292181699428,287.23004225547254,287.2323191543112,287.23314323984096,287.23118070489187,287.1663728482325,287.19358623208166,287.2687751777021,287.2959885615512,287.23118070489187
1904,287.2067508720091,287.20757734751277,287.209860849706,287.2106873252097,287.2087190986094,287.2067508720091,287.20757734751277,287.209860849706,287.2106873252097,287.2087190986094,287.41314476099996,287.4139713841675,287.4162552943472,287.41708191751474,287.41511333925735,287.2067508720091,287.20757734751277,287.209860849706,287.2106873252097,287.2087190986094,287.2067508720091,287.20757734751277,287.209860849706,287.2106873252097,287.2087190986094,287.14385440329573,287.1710916541912,287.2463465430276,287.273583793923,287.2087190986094
1905,287.22758822195925,287.22840406279556,287.23065818204145,287.23147402287776,287.2295311224185,287.22758822195925,287.22840406279556,287.23065818204145,287.23147402287776,287.2295311224185,287.4140125921653,287.41482840251075,287.41708243751197,287.4178982478574,287.41595542001136,287.22758822195925,287.22840406279556,287.23065818204145,287.23147402287776,287.2295311224185,287.22758822195925,287.22840406279556,287.23065818204145,287.23147402287776,287.2295311224185,287.1652023329424,287.1922145523059,287.2668476925311,287.29385991189463,287.2295311224185
1906,287.25390863449815,287.2547306408839,287.2570017951727,287.25782380155846,287.2558662180283,287.25390863449815,287.2547306408839,287.2570017951727,287.25782380155846,287.2558662180283,287.42865213919896,287.42947397000563,287.43174463917995,287.4325664699866,287.4306093045928,287.25390863449815,287.2547306408839,287.2570017951727,287.25782380155846,287.2558662180283,287.25390863449815,287.2547306408839,287.2570017951727,287.25782380155846,287.2558662180283,287.19127634135265,287.2183981935068,287.2933342425498,287.32045609470396,287.2558662180283
1907,287.2520474424135,287.25286016836304,287.25510568136343,287.25591840731295,287.25398292486324,287.2520474424135,287.25286016836304,287.25510568136343,287.25591840731295,287.25398292486324,287.42194020139647,287.42275268529085,287.4249975295075,287.4258100134019,287.42387510739917,287.2520474424135,287.25286016836304,287.25510568136343,287.25591840731295,287.25398292486324,287.2520474424135,287.25286016836304,287.25510568136343,287.25591840731295,287.25398292486324,287.1899338386029,287.2168286081484,287.2911372415781,287.3180320111236,287.25398292486324
1908,287.2581175541643,287.2589309877712,287.26117845598657,287.26199188959345,287.2600547218789,287.2581175541643,287.2589309877712,287.26117845598657,287.26199188959345,287.2600547218789,287.4167205199151,287.4175336803728,287.4197803938936,287.4205935543513,287.4186570371332,287.2581175541643,287.2589309877712,287.26117845598657,287.26199188959345,287.2600547218789,287.2581175541643,287.2589309877712,287.26117845598657,287.26199188959345,287.2600547218789,287.1960670949215,287.22293605717,287.29717338658776,287.32404234883626,287.2600547218789
1909,287.2923562677694,287.29316467115876,287.2953982411852,287.29620664457457,287.294281456172,287.2923562677694,287.29316467115876,287.2953982411852,287.29620664457457,287.294281456172,287.4086619465832,287.4094700207693,287.41170268122676,287.4125107554128,287.410586350998,287.2923562677694,287.29316467115876,287.2953982411852,287.29620664457457,287.294281456172,287.2923562677694,287.29316467115876,287.2953982411852,287.29620664457457,287.294281456172,287.2306907943236,287.25739306746306,287.3311698448809,287.35787211802034,287.294281456172
1910,287.29685615558776,287.2976622273615,287.29988935527405,287.3006954270478,287.2987757913178,287.29685615558776,287.2976622273615,287.29988935527405,287.3006954270478,287.2987757913178,287.3896958482845,287.39050156118594,287.39272769755576,287.3935334104572,287.39161462937085,287.29685615558776,287.2976622273615,287.29988935527405,287.3006954270478,287.2987757913178,287.29685615558776,287.2976622273615,287.29988935527405,287.3006954270478,287.2987757913178,287.23530058717813,287.2619543786194,287.33559720401615,287.36225099545743,287.2987757913178
1911,287.2824008673658,287.28320716165086,287.2854349043486,287.28624119863366,287.28432103299974,287.2824008673658,287.28320716165086,287.2854349043486,287.28624119863366,287.28432103299974,287.3756399899752,287.3764459019946,287.37867258851526,287.3794785005347,287.37755924525493,287.2824008673658,287.28320716165086,287.2854349043486,287.28624119863366,287.28432103299974,287.2824008673658,287.28320716165086,287.2854349043486,287.28624119863366,287.28432103299974,287.22087830125975,287.2475184572574,287.3211236087421,287.34776376473974,287.28432103299974
1912,287.2522931963516,287.25309156161217,287.2552973968913,287.25609576215186,287.25419447925174,287.2522931963516,287.25309156161217,287.2552973968913,287.25609576215186,287.25419447925174,287.3716392755627,287.3724373788011,287.37464249012885,287.3754405933673,287.373539934465,287.2522931963516,287.25309156161217,287.2552973968913,287.25609576215186,287.25419447925174,287.2522931963516,287.25309156161217,287.2552973968913,287.25609576215186,287.25419447925174,287.1912449074179,287.21767798127274,287.29071097723073,287.31714405108556,287.25419447925174
1913,287.2331634369097,287.2339598514045,287.2361602968349,287.2369567113297,287.2350600741197,287.2331634369097,287.2339598514045,287.2361602968349,287.2369567113297,287.2350600741197,287.3662454426015,287.36704169586,287.3692416958044,287.3700379490629,287.3681416958322,287.2331634369097,287.2339598514045,287.2361602968349,287.2369567113297,287.2350600741197,287.2331634369097,287.2339598514045,287.2361602968349,287.2369567113297,287.2350600741197,287.1721786782469,287.19858312442153,287.27153702381787,287.2979414699925,287.2350600741197
1914,287.25105543577166,287.2518557748495,287.2540670636675,287.25486740274533,287.2529614192585,287.25105543577166,287.2518557748495,287.2540670636675,287.25486740274533,287.2529614192585,287.37919686325097,287.37999699978127,287.3822077289725,287.3830078655028,287.3811023643769,287.25105543577166,287.2518557748495,287.2540670636675,287.25486740274533,287.2529614192585,287.25105543577166,287.2518557748495,287.2540670636675,287.25486740274533,287.2529614192585,287.18994546591887,287.2164064139466,287.2895164245704,287.3159773725981,287.2529614192585
1915,287.27608080051084,287.27688525860515,287.2791079280182,287.2799123861125,287.2779965933117,287.27608080051084,287.27688525860515,287.2791079280182,287.2799123861125,287.2779965933117,287.3981636230256,287.39896781061645,287.40118973264475,287.4019939202356,287.4000787716306,287.27608080051084,287.27688525860515,287.2791079280182,287.2799123861125,287.2779965933117,287.27608080051084,287.27688525860515,287.2791079280182,287.2799123861125,287.2779965933117,287.2146802128832,287.2412673128639,287.31472587375947,287.3413129737402,287.2779965933117
1916,287.2929110264233,287.2937192418603,287.29595229258535,287.2967605080223,287.2948357672228,287.2929110264233,287.2937192418603,287.29595229258535,287.2967605080223,287.2948357672228,287.4017274369355,287.4025353307235,287.40476749275183,287.4055753865398,287.40365141173766,287.2929110264233,287.2937192418603,287.29595229258535,287.2967605080223,287.2948357672228,287.2929110264233,287.2937192418603,287.29595229258535,287.2967605080223,287.2948357672228,287.23114940383306,287.2578918628838,287.33177967156183,287.3585221306126,287.2948357672228
1917,287.29740752564464,287.2982230081305,287.30047613727544,287.3012916197613,287.29934957270297,287.29740752564464,287.2982230081305,287.30047613727544,287.3012916197613,287.29934957270297,287.39162377396445,287.39243889457595,287.3946910238837,287.3955061444952,287.3935649592298,287.29740752564464,287.2982230081305,287.30047613727544,287.3012916197613,287.29934957270297,287.29740752564464,287.2982230081305,287.30047613727544,287.3012916197613,287.29934957270297,287.23507300705955,287.2620632971806,287.33663584822534,287.3636261383464,287.29934957270297
1918,287.31954219483777,287.32036477520023,287.3226375153521,287.32346009571455,287.32150114527616,287.31954219483777,287.32036477520023,287.3226375153521,287.32346009571455,287.32150114527616,287.3812411776045,287.38206337242576,287.38433504735036,287.3851572421716,287.38319920988806,287.31954219483777,287.32036477520023,287.3226375153521,287.32346009571455,287.32150114527616,287.31954219483777,287.32036477520023,287.3226375153521,287.32346009571455,287.32150114527616,287.2566195762411,287.28386391255924,287.3591383779931,287.3863827143112,287.32150114527616
1919,287.33108593298635,287.33191054953716,287.33418891555505,287.33501353210585,287.3330497325461,287.33108593298635,287.33191054953716,287.33418891555505,287.33501353210585,287.3330497325461,287.3815051143332,287.3823293421607,287.38460663415935,287.38543086198683,287.38346798816,287.33108593298635,287.33191054953716,287.33418891555505,287.33501353210585,287.3330497325461,287.33108593298635,287.33191054953716,287.33418891555505,287.33501353210585,287.3330497325461,287.26791925000134,287.2952681072716,287.3708313578206,287.39818021509086,287.3330497325461
1920,287.32951604052477,287.33033770883145,287.33260792902803,287.3334295973347,287.33147281892974,287.32951604052477,287.33033770883145,287.33260792902803,287.3334295973347,287.33147281892974,287.3754149884557,287.37623632894224,287.37850564339146,287.379326983878,287.37737098616685,287.32951604052477,287.33033770883145,287.33260792902803,287.3334295973347,287.33147281892974,287.32951604052477,287.33033770883145,287.33260792902803,287.3334295973347,287.33147281892974,287.266448264221,287.2937526414697,287.36919299638976,287.39649737363845,287.33147281892974
1921,287.318947676181,287.3197478223583,287.3219585782035,287.32275872438083,287.3208532002809,287.318947676181,287.3197478223583,287.3219585782035,287.32275872438083,287.3208532002809,287.3707754836335,287.3715753439409,287.37378530994476,287.37458517025215,287.3726803269428,287.318947676181,287.3197478223583,287.3219585782035,287.32275872438083,287.3208532002809,287.318947676181,287.3197478223583,287.3219585782035,287.32275872438083,287.3208532002809,287.2568493016481,287.28372509651496,287.35798130404686,287.3848570989137,287.3208532002809
1922,287.31840890963736,287.31919340331973,287.32136091226135,287.32214540594373,287.32027715779054,287.31840890963736,287.31919340331973,287.32136091226135,287.32214540594373,287.32027715779054,287.36887412682836,287.3696583265353,287.37182502324026,287.3726092229472,287.37074167488777,287.31840890963736,287.31919340331973,287.32136091226135,287.32214540594373,287.32027715779054,287.31840890963736,287.31919340331973,287.32136091226135,287.32214540594373,287.32027715779054,287.257177890829,287.2836738229727,287.3568804926084,287.3833764247521,287.32027715779054
1923,287.3136763262844,287.3144508972423,287.31659099029207,287.31736556124997,287.3155209437672,287.3136763262844,287.3144508972423,287.31659099029207,287.31736556124997,287.3155209437672,287.37355893099095,287.3743331932041,287.3764724332105,287.37724669542365,287.3754028132073,287.3136763262844,287.3144508972423,287.31659099029207,287.31736556124997,287.3155209437672,287.3136763262844,287.3144508972423,287.31659099029207,287.31736556124997,287.3155209437672,287.25303619451074,287.27927408531417,287.3517678022202,287.3780056930236,287.3155209437672
1924,287.3162890642166,287.3170683105022,287.3192213212015,287.32000056748706,287.31814481585184,287.3162890642166,287.3170683105022,287.3192213212015,287.32000056748706,287.31814481585184,287.35990001957475,287.3606789569664,287.36283111421034,287.363610051602,287.3617550355884,287.3162890642166,287.3170683105022,287.3192213212015,287.32000056748706,287.31814481585184,287.3162890642166,287.3170683105022,287.3192213212015,287.32000056748706,287.31814481585184,287.25560050596835,287.28186340679815,287.3544262249055,287.38068912573533,287.31814481585184
1925,287.34449952169007,287.34528224176006,287.3474448503172,287.34822757038717,287.3463635460386,287.34449952169007,287.34528224176006,287.3474448503172,287.34822757038717,287.3463635460386,287.3451916283909,287.3459740404212,287.34813579788306,287.34891820991334,287.34705491915213,287.34449952169007,287.34528224176006,287.3474448503172,287.34822757038717,287.3463635460386,287.34449952169007,287.34528224176006,287.3474448503172,287.34822757038717,287.3463635460386,287.2837328866672,287.3100320463996,287.3826950456776,287.40899420541,287.3463635460386
1926,287.3653032690941,287.36608127320795,287.36823085186137,287.3690088559752,287.36715606253466,287.3653032690941,287.36608127320795,287.36823085186137,287.3690088559752,287.36715606253466,287.34039070574374,287.3411684264175,287.34331722194275,287.3440949426165,287.3422428241801,287.3653032690941,287.36608127320795,287.36823085186137,287.3690088559752,287.36715606253466,287.3653032690941,287.36608127320795,287.36823085186137,287.3690088559752,287.36715606253466,287.30483507221845,287.3310041992156,287.4033079258537,287.42947705285087,287.36715606253466
1927,287.39436324172755,287.39513848604014,287.3972804395285,287.3980556838411,287.3962094627843,287.39436324172755,287.39513848604014,287.3972804395285,287.3980556838411,287.3962094627843,287.3455908178768,287.3463657965719,287.3485070161749,287.34928199486995,287.3474364063734,287.39436324172755,287.39513848604014,287.3972804395285,287.3980556838411,287.3962094627843,287.39436324172755,287.39513848604014,287.3972804395285,287.3980556838411,287.3962094627843,287.33414064727833,287.3602038838748,287.43221504169384,287.4582782782903,287.3962094627843
1928,287.3987405303067,287.3995161122597,287.401658998628,287.402434580581,287.40058755544385,287.3987405303067,287.3995161122597,287.401658998628,287.402434580581,287.40058755544385,287.35545352502925,287.35622887938825,287.3583711369282,287.3591464912872,287.35730000815823,287.3987405303067,287.3995161122597,287.401658998628,287.402434580581,287.40058755544385,287.3987405303067,287.3995161122597,287.401658998628,287.402434580581,287.40058755544385,287.33848212363984,287.364560735739,287.4366143751487,287.46269298724786,287.40058755544385
1929,287.3833274951795,287.38409838838146,287.3862283200123,287.38699921321427,287.3851633541969,287.3833274951795,287.38409838838146,287.3862283200123,287.38699921321427,287.3851633541969,287.3626295901628,287.36340031002226,287.365529762718,287.36630048257746,287.3644650363701,287.3833274951795,287.38409838838146,287.3862283200123,287.38699921321427,287.3851633541969,287.3833274951795,287.38409838838146,287.3862283200123,287.38699921321427,287.3851633541969,287.3232351036184,287.34923931577674,287.42108739261704,287.4470916047754,287.3851633541969
1930,287.382784598916,287.38355422213544,287.38568064488095,287.3864502681004,287.3846174335082,287.382784598916,287.38355422213544,287.38568064488095,287.3864502681004,287.3846174335082,287.34713584141235,287.34790529187796,287.35003123731497,287.3508006877806,287.34896826459646,287.382784598916,287.38355422213544,287.38568064488095,287.3864502681004,287.3846174335082,287.382784598916,287.38355422213544,287.38568064488095,287.3864502681004,287.3846174335082,287.322666340817,287.3486801445776,287.4205547224388,287.44656852619937,287.3846174335082
1931,287.38885147817786,287.38962148005163,287.39174894899617,287.39251895086994,287.3906852145239,287.38885147817786,287.38962148005163,287.39174894899617,287.39251895086994,287.3906852145239,287.3208727208045,287.3216425401216,287.323769504673,287.3245393239901,287.3227060223973,287.38885147817786,287.38962148005163,287.39174894899617,287.39251895086994,287.3906852145239,287.38885147817786,287.38962148005163,287.39174894899617,287.39251895086994,287.3906852145239,287.3287165871836,287.35473775389613,287.42663267515167,287.4526538418642,287.3906852145239
1932,287.3950412011454,287.395810402994,287.3979356615172,287.3987048633658,287.3968730322556,287.3950412011454,287.395810402994,287.3979356615172,287.3987048633658,287.3968730322556,287.3210855109568,287.3218545577135,287.32397938772687,287.3247484344836,287.3229169727202,287.3950412011454,287.395810402994,287.3979356615172,287.3987048633658,287.3968730322556,287.3950412011454,287.395810402994,287.3979356615172,287.3987048633658,287.3968730322556,287.3349841364171,287.3609718231771,287.4327742413341,287.4587619280941,287.3968730322556
1933,287.4093219746442,287.41008919515895,287.4122089793754,287.4129761998902,287.4111490872672,287.4093219746442,287.41008919515895,287.4122089793754,287.4129761998902,287.4111490872672,287.31078053098463,287.31154760616624,287.3136669888359,287.3144340640175,287.3126072975011,287.4093219746442,287.41008919515895,287.4122089793754,287.4129761998902,287.4111490872672,287.4093219746442,287.41008919515895,287.4122089793754,287.4129761998902,287.4111490872672,287.34940310843274,287.3753307830972,287.44696739143717,287.4728950661016,287.4111490872672
1934,287.4317878892962,287.4325574736015,287.4346837888295,287.4354533731348,287.4336206312155,287.4317878892962,287.4325574736015,287.4346837888295,287.4354533731348,287.4336206312155,287.30951079057843,287.31028022226957,287.3124061158339,287.313175547525,287.3113431690517,287.4317878892962,287.4325574736015,287.4346837888295,287.4354533731348,287.4336206312155,287.4317878892962,287.4325574736015,287.4346837888295,287.4354533731348,287.4336206312155,287.37189054013,287.39781154339016,287.4694297190408,287.495350722301,287.4336206312155
1935,287.4359430910242,287.43670188561305,287.43879838950215,287.439557184091,287.4377501375576,287.4359430910242,287.43670188561305,287.43879838950215,287.439557184091,287.4377501375576,287.32585935197966,287.326618003635,287.32871411260754,287.3294727642629,287.3276660581213,287.4359430910242,287.43670188561305,287.43879838950215,287.439557184091,287.4377501375576,287.4359430910242,287.43670188561305,287.43879838950215,287.439557184091,287.4377501375576,287.3765807274577,287.40226629588534,287.47323397922986,287.4989195476575,287.4377501375576
1936,287.44281048447056,287.4435697390054,287.4456675136978,287.44642676823264,287.4446186263516,287.44281048447056,287.4435697390054,287.4456675136978,287.44642676823264,287.4446186263516,287.3444077850602,287.3451668935059,287.34726426456274,287.34802337300846,287.3462155790343,287.44281048447056,287.4435697390054,287.4456675136978,287.44642676823264,287.4446186263516,287.44281048447056,287.4435697390054,287.4456675136978,287.44642676823264,287.4446186263516,287.38353120795966,287.40918234735454,287.48005490534865,287.50570604474353,287.4446186263516
1937,287.4489163805181,287.4496728549283,287.4517629483031,287.4525194227133,287.4507179016157,287.4489163805181,287.4496728549283,287.4517629483031,287.4525194227133,287.4507179016157,287.3536450925462,287.3544014129479,287.3564910808066,287.3572474012083,287.35544624687725,287.4489163805181,287.4496728549283,287.4517629483031,287.4525194227133,287.4507179016157,287.4489163805181,287.4496728549283,287.4517629483031,287.4525194227133,287.4507179016157,287.3897250108244,287.4153364572559,287.4860993459755,287.511710792407,287.4507179016157
1938,287.43716211529215,287.43792382794203,287.4400283942587,287.4407901069086,287.4389761111004,287.43716211529215,287.43792382794203,287.4400283942587,287.4407901069086,287.4389761111004,287.3579177001676,287.3586792626395,287.36078341402344,287.36154497649534,287.35973133833147,287.43716211529215,287.43792382794203,287.4400283942587,287.4407901069086,287.4389761111004,287.43716211529215,287.43792382794203,287.4400283942587,287.4407901069086,287.4389761111004,287.3777759262163,287.40347441724407,287.4744778049567,287.50017629598443,287.4389761111004
1939,287.4372165971942,287.43798120203013,287.4400937592831,287.44085836411904,287.4390374806566,287.4372165971942,287.43798120203013,287.4400937592831,287.44085836411904,287.4390374806566,287.36460998233815,287.36537442928255,287.3674865502907,287.3682509972351,287.36643048978664,287.4372165971942,287.43798120203013,287.4400937592831,287.44085836411904,287.4390374806566,287.4372165971942,287.43798120203013,287.4400937592831,287.44085836411904,287.4390374806566,287.3776287738816,287.40341482506875,287.4746601362445,287.50044618743163,287.4390374806566
1940,287.4316690143353,287.43243462040533,287.4345499440082,287.43531555007826,287.43349228220677,287.4316690143353,287.43243462040533,287.4345499440082,287.43531555007826,287.43349228220677,287.36251581546725,287.3632812456025,287.36539608310795,287.3661615132432,287.3643386643552,287.4316690143353,287.43243462040533,287.4345499440082,287.43531555007826,287.43349228220677,287.4316690143353,287.43243462040533,287.4345499440082,287.43531555007826,287.43349228220677,287.3718174568656,287.39771525355803,287.4692693108555,287.49516710754796,287.43349228220677
1941,287.42637094290404,287.4271619082091,287.42934729785543,287.4301382631605,287.42825460303226,287.42637094290404,287.4271619082091,287.42934729785543,287.4301382631605,287.42825460303226,287.35958358070997,287.36037432421546,287.36255910104325,287.36334984454874,287.36146671262935,287.42637094290404,287.4271619082091,287.42934729785543,287.4301382631605,287.42825460303226,287.42637094290404,287.4271619082091,287.42934729785543,287.4301382631605,287.42825460303226,287.3644836085741,287.3912616049481,287.4652476011164,287.4920255974904,287.42825460303226
1942,287.42502942499203,287.4258328576626,287.4280526938916,287.42885612656215,287.4269427757771,287.42502942499203,287.4258328576626,287.4280526938916,287.42885612656215,287.4269427757771,287.3611034472312,287.36190664714826,287.3641258402932,287.36492904021026,287.3630162437207,287.42502942499203,287.4258328576626,287.4280526938916,287.42885612656215,287.4269427757771,287.42502942499203,287.4258328576626,287.4280526938916,287.42885612656215,287.4269427757771,287.3618688154357,287.3891939385402,287.464691613014,287.4920167361185,287.4269427757771
1943,287.42865419817696,287.42946851049163,287.4317184065239,287.43253271883856,287.43059345850776,287.42865419817696,287.42946851049163,287.4317184065239,287.43253271883856,287.43059345850776,287.35438289541986,287.35519696882767,287.3574462047746,287.3582602781824,287.35632158680113,287.42865419817696,287.42946851049163,287.4317184065239,287.43253271883856,287.43059345850776,287.42865419817696,287.42946851049163,287.4317184065239,287.43253271883856,287.43059345850776,287.3643959486825,287.39219286000764,287.4689940570079,287.496790968333,287.43059345850776
1944,287.42571371936975,287.42652928434273,287.4287826413948,287.42959820636776,287.42765596286876,287.42571371936975,287.42652928434273,287.4287826413948,287.42959820636776,287.42765596286876,287.3530860908673,287.3539014075656,287.3561540786496,287.3569693953479,287.3550277431076,287.42571371936975,287.42652928434273,287.4287826413948,287.42959820636776,287.42765596286876,287.42571371936975,287.42652928434273,287.4287826413948,287.42959820636776,287.42765596286876,287.3610505745535,287.38901875761144,287.46629316812607,287.49426135118404,287.42765596286876
1945,287.4213942497987,287.42220671521164,287.42445150836517,287.4252639737781,287.4233291117884,287.4213942497987,287.42220671521164,287.42445150836517,287.4252639737781,287.4233291117884,287.3584951141909,287.3593073319822,287.36155144097233,287.3623636587637,287.3604293864773,287.4213942497987,287.42220671521164,287.42445150836517,287.4252639737781,287.4233291117884,287.4213942497987,287.42220671521164,287.42445150836517,287.4252639737781,287.4233291117884,287.3566509569327,287.3846496952952,287.4620085282816,287.4900072666441,287.4233291117884
1946,287.4170152269378,287.41782894513926,287.4200771996723,287.42089091787375,287.41895307240577,287.4170152269378,287.41782894513926,287.4200771996723,287.42089091787375,287.41895307240577,287.37050093595354,287.3713144043549,287.37356196870525,287.3743754371066,287.3724381865301,287.4170152269378,287.41782894513926,287.4200771996723,287.42089091787375,287.41895307240577,287.4170152269378,287.41782894513926,287.4200771996723,287.42089091787375,287.41895307240577,287.35263009390786,287.38047969062217,287.4574264541894,287.4852760509037,287.41895307240577
1947,287.40928777200986,287.41009154100277,287.4123123064701,287.413116075463,287.4112019237364,287.40928777200986,287.41009154100277,287.4123123064701,287.413116075463,287.4112019237364,287.37109494966353,287.37189848078344,287.3741185890218,287.3749221201417,287.3730085349026,287.40928777200986,287.41009154100277,287.4123123064701,287.413116075463,287.4112019237364,287.40928777200986,287.41009154100277,287.4123123064701,287.413116075463,287.4112019237364,287.34580268156344,287.373264393344,287.44913945412884,287.4766011659094,287.4112019237364
1948,287.40099326506135,287.4017908583568,287.4039945607426,287.40479215403803,287.4028927095497,287.40099326506135,287.4017908583568,287.4039945607426,287.40479215403803,287.4028927095497,287.3678584983926,287.3686558565721,287.3708589093469,287.3716562675264,287.3697573829595,287.40099326506135,287.4017908583568,287.4039945607426,287.40479215403803,287.4028927095497,287.40099326506135,287.4017908583568,287.4039945607426,287.40479215403803,287.4028927095497,287.33817157648446,287.3653485443406,287.4404368747588,287.4676138426149,287.4028927095497
1949,287.3901013398074,287.3908842087862,287.39304722876915,287.3938300977479,287.39196571877767,287.3901013398074,287.3908842087862,287.39304722876915,287.3938300977479,287.39196571877767,287.3753803164342,287.376162970883,287.3783253981326,287.3791080525814,287.3772441845078,287.3901013398074,287.3908842087862,287.39304722876915,287.3938300977479,287.39196571877767,287.3901013398074,287.3908842087862,287.39304722876915,287.3938300977479,287.39196571877767,287.3285121902536,287.355156879915,287.42877455764034,287.45541924730173,287.39196571877767
1950,287.391347935742,287.39212252022463,287.3942626506425,287.39503723512513,287.39319258543355,287.391347935742,287.39212252022463,287.3942626506425,287.39503723512513,287.39319258543355,287.39730112523006,287.398075500902,287.40021505438835,287.4009894300603,287.3991452776452,287.391347935742,287.39212252022463,287.3942626506425,287.39503723512513,287.39319258543355,287.391347935742,287.39212252022463,287.3942626506425,287.39503723512513,287.39319258543355,287.330545424623,287.3568515134535,287.42953365741363,287.4558397462441,287.39319258543355
1951,287.40821254010547,287.4089770687759,287.4110894155883,287.4118539442588,287.4100332421821,287.40821254010547,287.4089770687759,287.4110894155883,287.4118539442588,287.4100332421821,287.40700145619536,287.407765769927,287.4098775228763,287.4106418366079,287.40882164640163,287.40821254010547,287.4089770687759,287.4110894155883,287.4118539442588,287.4100332421821,287.40821254010547,287.4089770687759,287.4110894155883,287.4118539442588,287.4100332421821,287.34833657271133,287.37424354194417,287.4458229424201,287.4717299116529,287.4100332421821
1952,287.3955590784424,287.39632167598484,287.39842868720666,287.3991912847491,287.39737518159575,287.3955590784424,287.39632167598484,287.39842868720666,287.3991912847491,287.39737518159575,287.4039030864051,287.4046654793012,287.4067719250971,287.40753431799317,287.4057187021991,287.3955590784424,287.39632167598484,287.39842868720666,287.3991912847491,287.39737518159575,287.3955590784424,287.39632167598484,287.39842868720666,287.3991912847491,287.39737518159575,287.33595567692976,287.36174626224545,287.43300410094605,287.45879468626174,287.39737518159575
1953,287.36309068276546,287.36385505934544,287.36596698594093,287.3667313625209,287.3649110226432,287.36309068276546,287.36385505934544,287.36596698594093,287.3667313625209,287.3649110226432,287.4008691924989,287.40163336855676,287.40374474112184,287.4045089171797,287.4026890548393,287.36309068276546,287.36385505934544,287.36596698594093,287.3667313625209,287.3649110226432,287.36309068276546,287.36385505934544,287.36596698594093,287.3667313625209,287.3649110226432,287.3035293008326,287.329304020798,287.40051802448835,287.42629274445375,287.3649110226432
1954,287.3545749494237,287.35533302546315,287.35742754404356,287.358185620083,287.35638028475336,287.3545749494237,287.35533302546315,287.35742754404356,287.358185620083,287.35638028475336,287.3907589981023,287.3915168772681,287.39361085189836,287.39436873106416,287.3925638645832,287.3545749494237,287.35533302546315,287.35742754404356,287.358185620083,287.35638028475336,287.3545749494237,287.35533302546315,287.35742754404356,287.358185620083,287.35638028475336,287.2954117831458,287.3210129883465,287.3917475811602,287.4173487863609,287.35638028475336
1955,287.3432836013851,287.34403123807937,287.34609691337556,287.3468445500698,287.34506407572746,287.3432836013851,287.34403123807937,287.34609691337556,287.3468445500698,287.34506407572746,287.3771482532763,287.3778956948731,287.37996083112677,287.38070827272355,287.3789282629999,287.3432836013851,287.34403123807937,287.34609691337556,287.3468445500698,287.34506407572746,287.3432836013851,287.34403123807937,287.34609691337556,287.3468445500698,287.34506407572746,287.28465981805607,287.31002409231024,287.3801040591447,287.40546833339886,287.34506407572746
1956,287.3377491646409,287.3384930247496,287.3405482655669,287.3412921256756,287.33952064515825,287.3377491646409,287.3384930247496,287.3405482655669,287.3412921256756,287.33952064515825,287.3933066671115,287.3940503336025,287.39610503946557,287.39684870595653,287.395077686534,287.3377491646409,287.3384930247496,287.3405482655669,287.3412921256756,287.33952064515825,287.3377491646409,287.3384930247496,287.3405482655669,287.3412921256756,287.33952064515825,287.27949499020656,287.304700285879,287.3743410044375,287.39954630010993,287.33952064515825
1957,287.36371078477725,287.36445170570863,287.3664988257554,287.3672397466868,287.365475265732,287.36371078477725,287.36445170570863,287.3664988257554,287.3672397466868,287.365475265732,287.43021174197935,287.4309524640827,287.4329990347794,287.43373975688274,287.43197574943105,287.36371078477725,287.36445170570863,287.3664988257554,287.3672397466868,287.365475265732,287.36371078477725,287.36445170570863,287.3664988257554,287.3672397466868,287.365475265732,287.30587011050443,287.3308988346778,287.40005169678625,287.4250804209596,287.365475265732
1958,287.4013005044937,287.4020409504489,287.4040867581651,287.4048272041203,287.403063854307,287.4013005044937,287.4020409504489,287.4040867581651,287.4048272041203,287.403063854307,287.4572283874071,287.45796863210586,287.46001388376243,287.4607541284612,287.45899125793414,287.4013005044937,287.4020409504489,287.4040867581651,287.4048272041203,287.403063854307,287.4013005044937,287.4020409504489,287.4040867581651,287.4048272041203,287.403063854307,287.343679706775,287.3686156278908,287.4375120807232,287.462448001839,287.403063854307
1959,287.4208057934778,287.4215401329936,287.42356906898414,287.4243034084999,287.42255460098886,287.4208057934778,287.4215401329936,287.42356906898414,287.4243034084999,287.42255460098886,287.4683550909565,287.46908923298895,287.47111762334487,287.4718517653773,287.4701034281669,287.4208057934778,287.4215401329936,287.42356906898414,287.4243034084999,287.42255460098886,287.4208057934778,287.4215401329936,287.42356906898414,287.4243034084999,287.42255460098886,287.3635689772017,287.38833755472365,287.4567716472541,287.48154022477604,287.42255460098886
1960,287.4297264204803,287.4304572790373,287.43247659734794,287.43320745590495,287.4314669381926,287.4297264204803,287.4304572790373,287.43247659734794,287.43320745590495,287.4314669381926,287.4653081083761,287.46603879751837,287.468057647746,287.4687883368882,287.4670482226322,287.4297264204803,287.4304572790373,287.43247659734794,287.43320745590495,287.4314669381926,287.4297264204803,287.4304572790373,287.43247659734794,287.43320745590495,287.4314669381926,287.3727497936429,287.3974056343931,287.4655282419921,287.4901840827423,287.4314669381926
1961,287.40706256913177,287.40778861264016,287.40979462726057,287.41052067076896,287.40879161995036,287.40706256913177,287.40778861264016,287.40979462726057,287.41052067076896,287.40879161995036,287.4370630289486,287.4377889583591,287.43979465773384,287.4405205871443,287.43879180804646,287.40706256913177,287.40778861264016,287.40979462726057,287.41052067076896,287.40879161995036,287.40706256913177,287.40778861264016,287.40979462726057,287.41052067076896,287.40879161995036,287.3504309149681,287.37493708363735,287.4426461562634,287.4671523249326,287.40879161995036
1962,287.3962752595219,287.3969999284212,287.3990021450795,287.3997268139789,287.3980010367504,287.3962752595219,287.3969999284212,287.3990021450795,287.3997268139789,287.3980010367504,287.43360928524675,287.4343338829766,287.4363359029976,287.43706050072745,287.4353348929871,287.3962752595219,287.3969999284212,287.3990021450795,287.3997268139789,287.3980010367504,287.3962752595219,287.3969999284212,287.3990021450795,287.3997268139789,287.3980010367504,287.33976966243824,287.3642215240319,287.43178054946884,287.4562324110625,287.3980010367504
1963,287.3324961674766,287.33322013829354,287.3352204261919,287.3359443970088,287.3342202822427,287.3324961674766,287.33322013829354,287.3352204261919,287.3359443970088,287.3342202822427,287.439024393315,287.4397484938707,287.44174914022955,287.44247324078526,287.4407488170501,287.3324961674766,287.33322013829354,287.3352204261919,287.3359443970088,287.3342202822427,287.3324961674766,287.33322013829354,287.3352204261919,287.3359443970088,287.3342202822427,287.2760639579469,287.30048430538466,287.36795625910077,287.3923766065385,287.3342202822427
1964,287.2592766001775,287.259997785571,287.2619903775117,287.2627115629052,287.26099408154136,287.2592766001775,287.259997785571,287.2619903775117,287.2627115629052,287.26099408154136,287.45683109826246,287.4575526416991,287.4595462228917,287.46026776632834,287.4585494322954,287.2592766001775,287.259997785571,287.2619903775117,287.2627115629052,287.26099408154136,287.2592766001775,287.259997785571,287.2619903775117,287.2627115629052,287.26099408154136,287.20309006059057,287.22740446365475,287.29458369942796,287.31889810249214,287.26099408154136
1965,287.2148335603019,287.21555165755706,287.2175357171569,287.2182538144121,287.216543687357,287.2148335603019,287.21555165755706,287.2175357171569,287.2182538144121,287.216543687357,287.46674327463387,287.4674616910914,287.46944663262815,287.47016504908567,287.46845416185977,287.2148335603019,287.21555165755706,287.2175357171569,287.2182538144121,287.216543687357,287.2148335603019,287.21555165755706,287.2175357171569,287.2182538144121,287.216543687357,287.1587719328819,287.1830307961001,287.25005657861385,287.2743154418321,287.216543687357
1966,287.2221352093314,287.2228557074,287.2248464003033,287.22556689837194,287.22385105385166,287.2221352093314,287.2228557074,287.2248464003033,287.22556689837194,287.22385105385166,287.45550383771047,287.4562245132482,287.4582156964878,287.4589363720255,287.457220104868,287.2221352093314,287.2228557074,287.2248464003033,287.22556689837194,287.22385105385166,287.2221352093314,287.2228557074,287.2248464003033,287.22556689837194,287.22385105385166,287.16598734265807,287.1902848193039,287.25741728839944,287.28171476504525,287.22385105385166
1967,287.25237016187873,287.2530901426384,287.25507940624817,287.25579938700787,287.2540847744433,287.25237016187873,287.2530901426384,287.25507940624817,287.25579938700787,287.2540847744433,287.432846435913,287.43356646982846,287.43555588030443,287.4362759142199,287.43456117506645,287.25237016187873,287.2530901426384,287.25507940624817,287.25579938700787,287.2540847744433,287.25237016187873,287.2530901426384,287.25507940624817,287.25579938700787,287.2540847744433,287.19630739029225,287.2205686174605,287.2876009314261,287.31186215859435,287.2540847744433
1968,287.2631151466679,287.26383375656974,287.26581923258163,287.2665378424835,287.2648264945757,287.2631151466679,287.26383375656974,287.26581923258163,287.2665378424835,287.2648264945757,287.4454366672238,287.44615533855614,287.4481409842967,287.448859655629,287.4471481614264,287.2631151466679,287.26383375656974,287.26581923258163,287.2665378424835,287.2648264945757,287.2631151466679,287.26383375656974,287.26581923258163,287.2665378424835,287.2648264945757,287.2071284610291,287.23135636818694,287.29829662096444,287.3225245281223,287.2648264945757
1969,287.25694111405727,287.25765806166424,287.2596389448551,287.2603558924621,287.2586485032597,287.25694111405727,287.25765806166424,287.2596389448551,287.2603558924621,287.2586485032597,287.45405041177366,287.4547674563013,287.4567486072782,287.4574656518058,287.45575803178974,287.25694111405727,287.25765806166424,287.2596389448551,287.2603558924621,287.2586485032597,287.25694111405727,287.25765806166424,287.2596389448551,287.2603558924621,287.2586485032597,287.20106901112894,287.2252471417131,287.29204986480624,287.3162279953904,287.2586485032597
1970,287.27235742018115,287.27305151611057,287.2749692614885,287.2756633574179,287.2740103887995,287.27235742018115,287.27305151611057,287.2749692614885,287.2756633574179,287.2740103887995,287.4616615832992,287.4623556893611,287.4642734627345,287.46496756879645,287.4633145760478,287.27235742018115,287.27305151611057,287.2749692614885,287.2756633574179,287.2740103887995,287.27235742018115,287.27305151611057,287.2749692614885,287.2756633574179,287.2740103887995,287.21722675668997,287.2410706987149,287.30695007888414,287.3307940209091,287.2740103887995
1971,287.30468679967953,287.30537659182045,287.307282446089,287.3079722382299,287.3063295189547,287.30468679967953,287.30537659182045,287.307282446089,287.3079722382299,287.3063295189547,287.44643311979763,287.44712282496636,287.44902843893607,287.4497181441048,287.4480756319512,287.30468679967953,287.30537659182045,287.307282446089,287.3079722382299,287.3063295189547,287.30468679967953,287.30537659182045,287.307282446089,287.3079722382299,287.3063295189547,287.2496766509582,287.27346568399236,287.3391933539171,287.3629823869513,287.3063295189547
1972,287.33243156769504,287.33312187131406,287.33502913876606,287.3357194423851,287.33407550504006,287.33243156769504,287.33312187131406,287.33502913876606,287.3357194423851,287.33407550504006,287.45350098303953,287.45419113991215,287.45609800191255,287.4567881587852,287.45514457091235,287.33243156769504,287.33312187131406,287.33502913876606,287.3357194423851,287.33407550504006,287.33243156769504,287.33312187131406,287.33502913876606,287.3357194423851,287.33407550504006,287.2774201221028,287.30121021118254,287.3669407988976,287.3907308879773,287.33407550504006
1973,287.34093451722686,287.34162498868443,287.34353271986413,287.3442231913217,287.3425788542743,287.34093451722686,287.34162498868443,287.34353271986413,287.3442231913217,287.3425788542743,287.468558208229,287.4692485226884,287.4711558200918,287.4718461345512,287.4702021713901,287.34093451722686,287.34162498868443,287.34353271986413,287.3442231913217,287.3425788542743,287.34093451722686,287.34162498868443,287.34353271986413,287.3442231913217,287.3425788542743,287.28596743010746,287.30973906051634,287.3754186480322,287.3991902784411,287.3425788542743
1974,287.3220403748586,287.32273025798185,287.3246363636293,287.3253262467525,287.32368331080556,287.3220403748586,287.32273025798185,287.3246363636293,287.3253262467525,287.32368331080556,287.4960978013679,287.49678754481556,287.4986932645478,287.49938300799545,287.4977404046817,287.3220403748586,287.32273025798185,287.3246363636293,287.3253262467525,287.32368331080556,287.3220403748586,287.32273025798185,287.3246363636293,287.3253262467525,287.32368331080556,287.26713086350924,287.2908777290162,287.35648889259494,287.3802357581019,287.32368331080556
1975,287.2810055123206,287.2816932229396,287.28359332608824,287.2842810367073,287.28264327451393,287.2810055123206,287.2816932229396,287.28359332608824,287.2842810367073,287.28264327451393,287.5005959479304,287.5012836142618,287.5031835950463,287.50387126137775,287.50223360465407,287.2810055123206,287.2816932229396,287.28359332608824,287.2842810367073,287.28264327451393,287.2810055123206,287.2816932229396,287.28359332608824,287.2842810367073,287.28264327451393,287.2261786578821,287.2498886425275,287.3153979065004,287.3391078911458,287.28264327451393
1976,287.26986556001793,287.2705494570077,287.27243902332754,287.2731229203173,287.2714942401676,287.26986556001793,287.2705494570077,287.27243902332754,287.2731229203173,287.2714942401676,287.4879190873021,287.4886028949431,287.49049221439776,287.49117602203876,287.4895475546704,287.26986556001793,287.2705494570077,287.27243902332754,287.2731229203173,287.2714942401676,287.26986556001793,287.2705494570077,287.27243902332754,287.2731229203173,287.2714942401676,287.2151667998809,287.2388191829834,287.30416929735185,287.32782168045435,287.2714942401676
1977,287.2802065421784,287.28089022909893,287.2827792150103,287.2834629019308,287.2818347220546,287.2802065421784,287.28089022909893,287.2827792150103,287.2834629019308,287.2818347220546,287.48171661555085,287.48240014665873,287.48428870206885,287.48497223317673,287.4833444243638,287.2802065421784,287.28089022909893,287.2827792150103,287.2834629019308,287.2818347220546,287.2802065421784,287.28089022909893,287.2827792150103,287.2834629019308,287.2818347220546,287.2254742841582,287.24914052324465,287.3145289208646,287.338195159951,287.2818347220546
1978,287.30464969711295,287.3053367943818,287.30723520288063,287.30792230014947,287.3062859986312,287.30464969711295,287.3053367943818,287.30723520288063,287.30792230014947,287.3062859986312,287.4795594063749,287.4802463337459,287.48214427282727,287.4828312001983,287.4811953032866,287.30464969711295,287.3053367943818,287.30723520288063,287.30792230014947,287.3062859986312,287.30464969711295,287.3053367943818,287.30723520288063,287.30792230014947,287.3062859986312,287.249796305213,287.2735168198196,287.33905517744284,287.3627756920494,287.3062859986312
1979,287.3097767044782,287.31045971671347,287.3123468385097,287.31302985074495,287.3114032776116,287.3097767044782,287.31045971671347,287.3123468385097,287.31302985074495,287.3114032776116,287.4730894045117,287.4737722365668,287.4756588605362,287.4763416925913,287.4747155485515,287.3097767044782,287.31045971671347,287.3123468385097,287.31302985074495,287.3114032776116,287.3097767044782,287.31045971671347,287.3123468385097,287.31302985074495,287.3114032776116,287.2551558019211,287.27877460719276,287.3440319480304,287.3676507533021,287.3114032776116
1980,287.31938614708224,287.32007042440443,287.32196104156003,287.3226453188822,287.32101573298223,287.31938614708224,287.32007042440443,287.32196104156003,287.3226453188822,287.32101573298223,287.4619859379027,287.4626700363657,287.46456015934416,287.46524425780717,287.4636150978549,287.31938614708224,287.32007042440443,287.32196104156003,287.3226453188822,287.32101573298223,287.31938614708224,287.32007042440443,287.32196104156003,287.3226453188822,287.32101573298223,287.26474342593474,287.2883726581096,287.35365880785486,287.3772880400297,287.32101573298223
1981,287.32588046208105,287.3265643010136,287.32845370692496,287.3291375458575,287.3275090039693,287.32588046208105,287.3265643010136,287.32845370692496,287.3291375458575,287.3275090039693,287.46837314986,287.46905682432555,287.4709457758246,287.47162945029015,287.47000130007507,287.32588046208105,287.3265643010136,287.32845370692496,287.3291375458575,287.3275090039693,287.32588046208105,287.3265643010136,287.32845370692496,287.3291375458575,287.3275090039693,287.2712864329992,287.29489478056166,287.3601232273769,287.38373157493936,287.3275090039693
1982,287.28786076122793,287.2885452634341,287.2904365019307,287.29112100413687,287.2894908826824,287.28786076122793,287.2885452634341,287.2904365019307,287.29112100413687,287.2894908826824,287.4824249808911,287.48310942929123,287.48500051912487,287.485684967525,287.48405497420805,287.28786076122793,287.2885452634341,287.2904365019307,287.29112100413687,287.2894908826824,287.28786076122793,287.2885452634341,287.2904365019307,287.29112100413687,287.2894908826824,287.2332020758443,287.25683823642504,287.32214352893976,287.3457796895205,287.2894908826824
1983,287.22657113830667,287.2272541443966,287.22914124921385,287.2298242553038,287.22819769680524,287.22657113830667,287.2272541443966,287.22914124921385,287.2298242553038,287.22819769680524,287.4811770142669,287.4818601183675,287.4837474939823,287.4844305980829,287.4828038061749,287.22657113830667,287.2272541443966,287.22914124921385,287.2298242553038,287.22819769680524,287.22657113830667,287.2272541443966,287.22914124921385,287.2298242553038,287.22819769680524,287.17196060294685,287.1955750487967,287.2608203448138,287.2844347906636,287.22819769680524
1984,287.2013776652992,287.202059729431,287.20394423167437,287.2046262958062,287.2030019805527,287.2013776652992,287.202059729431,287.20394423167437,287.2046262958062,287.2030019805527,287.46679420469144,287.4674763300702,287.4693610015354,287.47004312691416,287.4684186658028,287.2013776652992,287.202059729431,287.20394423167437,287.2046262958062,287.2030019805527,287.2013776652992,287.202059729431,287.20394423167437,287.2046262958062,287.2030019805527,287.1467829666675,287.17038982057903,287.23561414052637,287.2592209944379,287.2030019805527
1985,287.2028528800065,287.20353537904526,287.2054210829105,287.20610358194926,287.2044782309779,287.2028528800065,287.20353537904526,287.2054210829105,287.20610358194926,287.2044782309779,287.4407036543886,287.441386117654,287.4432717226796,287.443954185945,287.4423289201668,287.2028528800065,287.20353537904526,287.2054210829105,287.20610358194926,287.2044782309779,287.2028528800065,287.20353537904526,287.2054210829105,287.20610358194926,287.2044782309779,287.14824593082506,287.17185836375614,287.2370980981996,287.2607105311307,287.2044782309779
1986,287.19503724766554,287.1957189660536,287.19760251302796,287.19828423141604,287.1966607395408,287.19503724766554,287.1957189660536,287.19760251302796,287.19828423141604,287.1966607395408,287.4198715008097,287.42055314712644,287.42243649497215,287.4231181412889,287.4214948210493,287.19503724766554,287.1957189660536,287.19760251302796,287.19828423141604,287.1966607395408,287.19503724766554,287.1957189660536,287.19760251302796,287.19828423141604,287.1966607395408,287.1404835634594,287.1640728493125,287.2292486297691,287.2528379156222,287.1966607395408
1987,287.20192816777893,287.202606727807,287.20448154842217,287.20516010845023,287.2035441381146,287.20192816777893,287.202606727807,287.20448154842217,287.20516010845023,287.2035441381146,287.4284351287946,287.42911357245754,287.4309880715629,287.43166651522586,287.43005082201023,287.20192816777893,287.202606727807,287.20448154842217,287.20516010845023,287.2035441381146,287.20192816777893,287.202606727807,287.20448154842217,287.20516010845023,287.2035441381146,287.1475022986787,287.1710347554948,287.23605352073434,287.25958597755044,287.2035441381146
1988,287.23111261979193,287.2317917506752,287.23366814852903,287.2343472794123,287.2327299496021,287.23111261979193,287.2317917506752,287.23366814852903,287.2343472794123,287.2327299496021,287.4457717392814,287.4464507170309,287.44832669178555,287.4490056695351,287.44738870440824,287.23111261979193,287.2317917506752,287.23366814852903,287.2343472794123,287.2327299496021,287.23111261979193,287.2317917506752,287.23366814852903,287.2343472794123,287.2327299496021,287.17664320472113,287.200194517725,287.26526538147925,287.2888166944831,287.2327299496021
1989,287.2485725878594,287.2492556394507,287.2511428699855,287.25182592157677,287.2501992547181,287.2485725878594,287.2492556394507,287.2511428699855,287.25182592157677,287.2501992547181,287.4538105670982,287.45449343944136,287.4563801747243,287.4570630470675,287.45543680708283,287.2485725878594,287.2492556394507,287.2511428699855,287.25182592157677,287.2501992547181,287.2485725878594,287.2492556394507,287.2511428699855,287.25182592157677,287.2501992547181,287.19395629363027,287.2175732031809,287.2828253062553,287.30644221580593,287.2501992547181
1990,287.232297384436,287.2329772422632,287.23485564861943,287.23553550644664,287.2339164454413,287.232297384436,287.2329772422632,287.23485564861943,287.23553550644664,287.2339164454413,287.44770013257016,287.44837979917617,287.4502576771998,287.4509373438058,287.44931873818797,287.232297384436,287.2329772422632,287.23485564861943,287.23553550644664,287.2339164454413,287.232297384436,287.2329772422632,287.23485564861943,287.23553550644664,287.2339164454413,287.1777865234589,287.201355966904,287.26647692397864,287.2900463674237,287.2339164454413
1991,287.16714488377477,287.16782607395743,287.1697081615319,287.17038935171456,287.16876711774466,287.16714488377477,287.16782607395743,287.1697081615319,287.17038935171456,287.16876711774466,287.43597266165483,287.4366538790153,287.43853604168027,287.43921725904073,287.4375949603478,287.16714488377477,287.16782607395743,287.1697081615319,287.17038935171456,287.16876711774466,287.16714488377477,287.16782607395743,287.1697081615319,287.17038935171456,287.16876711774466,287.1125902217897,287.13617939001523,287.2013548454741,287.22494401369966,287.16876711774466
1992,287.0195656258535,287.0202523972553,287.0221499054032,287.022836676805,287.02120115132925,287.0195656258535,287.0202523972553,287.0221499054032,287.022836676805,287.02120115132925,287.41421569637134,287.4149029182371,287.4168016709897,287.41748889285543,287.4158522946134,287.0195656258535,287.0202523972553,287.0221499054032,287.022836676805,287.02120115132925,287.0195656258535,287.0202523972553,287.0221499054032,287.022836676805,287.02120115132925,286.96484234029487,286.98850789624777,287.05389440641073,287.07755996236364,287.02120115132925
1993,286.9765135071948,286.97719312887443,286.9790708827693,286.97975050444893,286.97813200582186,286.9765135071948,286.97719312887443,286.9790708827693,286.97975050444893,286.97813200582186,287.4111272509051,287.41180723901385,287.41368600533013,287.4143659934389,287.412746622172,286.9765135071948,286.97719312887443,286.9790708827693,286.97975050444893,286.97813200582186,286.9765135071948,286.97719312887443,286.9790708827693,286.97975050444893,286.97813200582186,286.9220292409976,286.9455872809153,287.01067673072845,287.03423477064615,286.97813200582186
1994,287.00486487430993,287.00554288319205,287.0074161810241,287.0080941899062,287.0064795321081,287.00486487430993,287.00554288319205,287.0074161810241,287.0080941899062,287.0064795321081,287.4162738452012,287.4169519556591,287.41882553413905,287.41950364459694,287.4178887448991,287.00486487430993,287.00554288319205,287.0074161810241,287.0080941899062,287.0064795321081,287.00486487430993,287.00554288319205,287.0074161810241,287.0080941899062,287.0064795321081,286.95041072614913,286.9739545064433,287.03900455777284,287.062548338067,287.0064795321081
1995,287.03247089912475,287.0331519897785,287.03503380236043,287.0357148930142,287.03409289606947,287.03247089912475,287.0331519897785,287.03503380236043,287.0357148930142,287.03409289606947,287.4147967969737,287.415477801659,287.41735937671524,287.41804038140054,287.4164185891871,287.03247089912475,287.0331519897785,287.03503380236043,287.0357148930142,287.03409289606947,287.03247089912475,287.0331519897785,287.03503380236043,287.0357148930142,287.03409289606947,286.97790645094125,287.0014996289479,287.06668616319104,287.0902793411977,287.03409289606947
1996,287.0579392342763,287.0586212090974,287.06050546458073,287.0611874394018,287.05956333683906,287.0579392342763,287.0586212090974,287.06050546458073,287.0611874394018,287.05956333683906,287.4200492364503,287.4207310098193,287.42261470870255,287.4232964820715,287.4216728592609,287.0579392342763,287.0586212090974,287.06050546458073,287.0611874394018,287.05956333683906,287.0579392342763,287.0586212090974,287.06050546458073,287.0611874394018,287.05956333683906,287.0033540160631,287.0269567997536,287.09216987392455,287.115772657615,287.05956333683906
1997,287.0942546651831,287.0949366035351,287.0968207582564,287.0975026966084,287.09587868089574,287.0942546651831,287.0949366035351,287.0968207582564,287.0975026966084,287.09587868089574,287.41918007123155,287.41986174750843,287.421745178132,287.4224268544089,287.42080346282023,287.0942546651831,287.0949366035351,287.0968207582564,287.0975026966084,287.09587868089574,287.0942546651831,287.0949366035351,287.0968207582564,287.0975026966084,287.09587868089574,287.03968987881285,287.06328404652527,287.1284733152662,287.1520674829786,287.09587868089574
1998,287.1354126995881,287.13609694829796,287.1379874863995,287.13867173510937,287.1370422173487,287.1354126995881,287.13609694829796,287.1379874863995,287.13867173510937,287.1370422173487,287.4260583564637,287.4267423216324,287.42863207632655,287.4293160414952,287.42768719897947,287.1354126995881,287.13609694829796,287.1379874863995,287.13867173510937,287.1370422173487,287.1354126995881,287.13609694829796,287.1379874863995,287.13867173510937,287.1370422173487,287.0807651936559,287.10439640639123,287.1696880283062,287.19331924104154,287.1370422173487
1999,287.17228407252856,287.1729628504628,287.1748382731397,287.17551705107394,287.17390056180125,287.17228407252856,287.1729628504628,287.1748382731397,287.17551705107394,287.17390056180125,287.4310599208616,287.43173841408856,287.4336130501362,287.43429154336314,287.4326757321124,287.17228407252856,287.1729628504628,287.1748382731397,287.17551705107394,287.17390056180125,287.17228407252856,287.1729628504628,287.1748382731397,287.17551705107394,287.17390056180125,287.1178404225075,287.14138056359343,287.20642056000906,287.22996070109497,287.17390056180125
2000,287.2060785789071,287.20675951329025,287.2086408941058,287.20932182848895,287.20770020369804,287.2060785789071,287.20675951329025,287.2086408941058,287.20932182848895,287.20770020369804,287.4192359881058,287.41991664297325,287.4217972515039,287.42247790637134,287.4208569472386,287.2060785789071,287.20675951329025,287.2086408941058,287.20932182848895,287.20770020369804,287.2060785789071,287.20675951329025,287.2086408941058,287.20932182848895,287.20770020369804,287.1515484293965,287.1751270488208,287.2402733585753,287.2638519779996,287.20770020369804
2001,287.22810472834243,287.2287833587017,287.2306583736377,287.231337003997,287.2297208661697,287.22810472834243,287.2287833587017,287.2306583736377,287.231337003997,287.2297208661697,287.3992875661528,287.39996593374343,287.4018402226655,287.40251859025614,287.40090307820446,287.22810472834243,287.2287833587017,287.2306583736377,287.231337003997,287.2297208661697,287.22810472834243,287.2287833587017,287.2306583736377,287.231337003997,287.2297208661697,287.17376984472037,287.19726416627236,287.26217756606707,287.28567188761906,287.2297208661697
2002,287.2612961254407,287.2619723229359,287.2638406160145,287.26451681350966,287.2629064694752,287.2612961254407,287.2619723229359,287.2638406160145,287.26451681350966,287.2629064694752,287.4085656565881,287.40924160762773,287.4111092197647,287.4117851708043,287.4101754136962,287.2612961254407,287.2619723229359,287.2638406160145,287.26451681350966,287.2629064694752,287.2612961254407,287.2619723229359,287.2638406160145,287.26451681350966,287.2629064694752,287.2071342189087,287.2305534730089,287.29525946594146,287.31867872004165,287.2629064694752
2003,287.2814325266931,287.28211093951285,287.2839853534005,287.28466376622026,287.2830481464567,287.2814325266931,287.28211093951285,287.2839853534005,287.28466376622026,287.2830481464567,287.4389970815135,287.4396752601344,287.4415490269444,287.4422272055653,287.4406121435394,287.2814325266931,287.28211093951285,287.2839853534005,287.28466376622026,287.2830481464567,287.2814325266931,287.28211093951285,287.2839853534005,287.28466376622026,287.2830481464567,287.2272468991137,287.2506783292131,287.31541796370027,287.33884939379965,287.2830481464567
2004,287.2925209924347,287.2932009424449,287.2950796034974,287.29575955350765,287.29414027297116,287.2925209924347,287.2932009424449,287.2950796034974,287.29575955350765,287.29414027297116,287.47829134377247,287.47897106144615,287.4808490805666,287.4815287982403,287.4799100710064,287.2925209924347,287.2932009424449,287.2950796034974,287.29575955350765,287.29414027297116,287.2925209924347,287.2932009424449,287.2950796034974,287.29575955350765,287.29414027297116,287.23832584925725,287.2617628122296,287.3265177337127,287.3499546966851,287.29414027297116
2005,287.2786773939451,287.2793562001451,287.28123170091874,287.28191050711877,287.2802939505319,287.2786773939451,287.2793562001451,287.28123170091874,287.28191050711877,287.2802939505319,287.49756655120655,287.49824513034326,287.5001200037545,287.5007985828912,287.4991825670489,287.2786773939451,287.2793562001451,287.28123170091874,287.28191050711877,287.2802939505319,287.2786773939451,287.2793562001451,287.28123170091874,287.28191050711877,287.2802939505319,287.22456292258653,287.2479648669489,287.31262303411495,287.3360249784773,287.2802939505319
2006,287.2696171184323,287.27029554990776,287.2721700153399,287.2728484468154,287.2712327826238,287.2696171184323,287.27029554990776,287.2721700153399,287.2728484468154,287.2712327826238,287.51664379192306,287.5173219998263,287.5191958475418,287.5198740554451,287.5182589236841,287.2696171184323,287.27029554990776,287.2721700153399,287.2728484468154,287.2712327826238,287.2696171184323,287.27029554990776,287.2721700153399,287.2728484468154,287.2712327826238,287.2155407567447,287.2389263237995,287.30353924144816,287.32692480850295,287.2712327826238
2007,287.2753379842412,287.2760120498225,287.27787445255115,287.2785485181324,287.2769432511868,287.2753379842412,287.2760120498225,287.27787445255115,287.2785485181324,287.2769432511868,287.51572878773703,287.51640263300686,287.5182644270283,287.51893827229816,287.5173335300176,287.2753379842412,287.2760120498225,287.27787445255115,287.2785485181324,287.2769432511868,287.2753379842412,287.2760120498225,287.27787445255115,287.2785485181324,287.2769432511868,287.22141687417655,287.24473288382757,287.3091536185461,287.3324696281971,287.2769432511868
2008,287.27833714462344,287.27901571432574,287.2808905616703,287.2815691313726,287.279953137998,287.27833714462344,287.27901571432574,287.2808905616703,287.2815691313726,287.279953137998,287.5121170003697,287.5127953489815,287.5146695854662,287.515347934078,287.51373246722386,287.27833714462344,287.27901571432574,287.2808905616703,287.2815691313726,287.279953137998,287.27833714462344,287.27901571432574,287.2808905616703,287.2815691313726,287.279953137998,287.2242469486114,287.2476384630464,287.3122678129496,287.33565932738463,287.279953137998
2009,287.2808211255651,287.28150012880945,287.2833761740047,287.284055177249,287.28243815140706,287.2808211255651,287.28150012880945,287.2833761740047,287.284055177249,287.28243815140706,287.5094509281729,287.5101297223831,287.5120051900295,287.51268398423974,287.5110674562063,287.2808211255651,287.28150012880945,287.2833761740047,287.284055177249,287.28243815140706,287.2808211255651,287.28150012880945,287.2833761740047,287.284055177249,287.28243815140706,287.22672762711994,287.25012096181746,287.31475534099667,287.3381486756942,287.28243815140706
2010,287.2951930741851,287.2958734646209,287.297753342543,287.2984337329788,287.29681340358195,287.2951930741851,287.2958734646209,287.297753342543,287.2984337329788,287.29681340358195,287.51240860816756,287.5130887926502,287.5149681015359,287.5156482860185,287.51402844709304,287.2951930741851,287.2958734646209,287.297753342543,287.2984337329788,287.29681340358195,287.2951930741851,287.2958734646209,287.297753342543,287.2984337329788,287.29681340358195,287.24106179547806,287.2644723816283,287.3291544255356,287.35256501168584,287.29681340358195
2011,287.3143864512935,287.3150663945928,287.31694503710355,287.31762498040285,287.3160057158482,287.3143864512935,287.3150663945928,287.31694503710355,287.31762498040285,287.3160057158482,287.51084448798775,287.5115242427445,287.51340236432327,287.51408211908,287.5124633035339,287.3143864512935,287.3150663945928,287.31694503710355,287.31762498040285,287.3160057158482,287.3143864512935,287.3150663945928,287.31694503710355,287.31762498040285,287.3160057158482,287.2602719813018,287.2836750621895,287.34833636950685,287.37173945039456,287.3160057158482
2012,287.3233753676513,287.32405032579425,287.3259151946171,287.32659015276005,287.32498276020567,287.3233753676513,287.32405032579425,287.3259151946171,287.32659015276005,287.32498276020567,287.5115442140329,287.51221898955566,287.51408335380995,287.51475812933273,287.5131511716828,287.3233753676513,287.32405032579425,287.3259151946171,287.32659015276005,287.32498276020567,287.3233753676513,287.32405032579425,287.3259151946171,287.32659015276005,287.32498276020567,287.2694083291404,287.2927445171079,287.35722100330344,287.38055719127095,287.32498276020567
2013,287.3354149817037,287.33609095609717,287.3379586327591,287.3386346071526,287.33702479442815,287.3354149817037,287.33609095609717,287.3379586327591,287.3386346071526,287.33702479442815,287.5167092621757,287.51738505030545,287.5192522123319,287.5199280004616,287.51831863131866,287.3354149817037,287.33609095609717,287.3379586327591,287.3386346071526,287.33702479442815,287.3354149817037,287.33609095609717,287.3379586327591,287.3386346071526,287.33702479442815,287.28137303666165,287.304741694785,287.3693078940713,287.39267655219464,287.33702479442815
2014,287.35357866804844,287.3542578606282,287.3561344289459,287.35681362152565,287.35519614478704,287.35357866804844,287.3542578606282,287.3561344289459,287.35681362152565,287.35519614478704,287.50581988604307,287.506498894916,287.5083749556624,287.5090539645353,287.5074369252892,287.35357866804844,287.3542578606282,287.3561344289459,287.35681362152565,287.35519614478704,287.35357866804844,287.3542578606282,287.3561344289459,287.35681362152565,287.35519614478704,287.2994213507685,287.3228416728864,287.3875506166877,287.4109709388056,287.35519614478704
2015,287.3307113969716,287.3313876144824,287.3332559628632,287.333932180374,287.3323217886728,287.3307113969716,287.3313876144824,287.3332559628632,287.333932180374,287.3323217886728,287.49550958168675,287.49618561988734,287.4980534728445,287.4987295110451,287.4971195463659,287.3307113969716,287.3313876144824,287.3332559628632,287.333932180374,287.3323217886728,287.3307113969716,287.3313876144824,287.3332559628632,287.333932180374,287.3323217886728,287.2766569797503,287.3000311181678,287.3646124591778,287.3879865975953,287.3323217886728
2016,287.34849240884375,287.3491673601736,287.35103221017243,287.3517071615023,287.35009978517303,287.34849240884375,287.3491673601736,287.35103221017243,287.3517071615023,287.35009978517303,287.5184736532487,287.51914842324163,287.52101277221743,287.5216875422104,287.52008059772953,287.34849240884375,287.3491673601736,287.35103221017243,287.3517071615023,287.35009978517303,287.34849240884375,287.3491673601736,287.35103221017243,287.3517071615023,287.35009978517303,287.29449375119106,287.31784320949873,287.3823563608473,287.405705819155,287.35009978517303
2017,287.36523345708315,287.3659124173659,287.3677883438607,287.36846730414345,287.3668503806133,287.36523345708315,287.3659124173659,287.3677883438607,287.36846730414345,287.3668503806133,287.539281725711,287.5399605034961,287.5418359257608,287.54251470354586,287.54089821462844,287.36523345708315,287.3659124173659,287.3677883438607,287.36846730414345,287.3668503806133,287.36523345708315,287.3659124173659,287.3677883438607,287.36846730414345,287.3668503806133,287.311120585544,287.3345220122109,287.3991787490157,287.4225801756826,287.3668503806133
2018,287.3876219983532,287.38829755639256,287.3901640826932,287.39083964073257,287.3892308195429,287.3876219983532,287.38829755639256,287.3901640826932,287.39083964073257,287.3892308195429,287.56450096695835,287.56517634937995,287.5670423904594,287.567717772881,287.5661093699197,287.3876219983532,287.38829755639256,287.3901640826932,287.39083964073257,287.3892308195429,287.3876219983532,287.38829755639256,287.3901640826932,287.39083964073257,287.3892308195429,287.33363413920927,287.3569796698385,287.4214819692473,287.4448274998765,287.3892308195429
2019,287.3636021739883,287.36427916985645,287.3661496687919,287.36682666466004,287.36521441932416,287.3636021739883,287.36427916985645,287.3661496687919,287.36682666466004,287.36521441932416,287.5508295160254,287.55150635566946,287.553376422967,287.5540532626111,287.55244138931823,287.3636021739883,287.36427916985645,287.3661496687919,287.36682666466004,287.36521441932416,287.3636021739883,287.36427916985645,287.3661496687919,287.36682666466004,287.36521441932416,287.30954339853224,287.33292014536784,287.3975086932805,287.4208854401161,287.36521441932416
2020,287.3593160860206,287.3599936911139,287.36186587330167,287.36254347839497,287.3609297822078,287.3593160860206,287.3599936911139,287.36186587330167,287.36254347839497,287.3609297822078,287.5533154159656,287.55399287955606,287.55586467078,287.5565421343705,287.55492877516804,287.3593160860206,287.3599936911139,287.36186587330167,287.36254347839497,287.3609297822078,287.3593160860206,287.3599936911139,287.36186587330167,287.36254347839497,287.3609297822078,287.3052209339773,287.328613564884,287.3932459995316,287.4166386304383,287.3609297822078
2021,287.3068543518397,287.3075325084528,287.30940621445666,287.31008437106976,287.30846936145474,287.3068543518397,287.3075325084528,287.30940621445666,287.31008437106976,287.30846936145474,287.50953724814815,287.51021526289605,287.51208857693507,287.512766591683,287.51115191991556,287.3068543518397,287.3075325084528,287.30940621445666,287.31008437106976,287.30846936145474,287.3068543518397,287.3075325084528,287.30940621445666,287.31008437106976,287.30846936145474,287.25271477253233,287.27612661035425,287.3408121125552,287.36422395037715,287.30846936145474
2022,287.3200868631357,287.3207652462827,287.3226395781862,287.3233179613332,287.32170241223446,287.3200868631357,287.3207652462827,287.3226395781862,287.3233179613332,287.32170241223446,287.52594483462616,287.52662309670626,287.5284970941091,287.5291753561892,287.5275600954077,287.3200868631357,287.3207652462827,287.3226395781862,287.3233179613332,287.32170241223446,287.3200868631357,287.3207652462827,287.3226395781862,287.3233179613332,287.32170241223446,287.26592492378035,287.2893463773152,287.3540584471537,287.37747990068857,287.32170241223446
2023,287.33044138750734,287.33112103674904,287.3329988667961,287.3336785160378,287.3320599517726,287.33044138750734,287.33112103674904,287.3329988667961,287.3336785160378,287.3320599517726,287.53140675978034,287.5320862599612,287.53396367816214,287.534643178343,287.53302496906167,287.33044138750734,287.33112103674904,287.3329988667961,287.3336785160378,287.3320599517726,287.33044138750734,287.33112103674904,287.3329988667961,287.3336785160378,287.3320599517726,287.27610949233195,287.2996035778916,287.36451632565354,287.3880104112132,287.3320599517726
