variable,OHF,OHF,OHF,OHF,OHF,GHG,GHG,GHG,GHG,GHG,OHFcomb,OHFcomb,OHFcomb,OHFcomb,OHFcomb,Ant,Ant,Ant,Ant,Ant,Nat,Nat,Nat,Nat,Nat,Tot,Tot,Tot,Tot,Tot
percentile,5,17,83,95,50,5,17,83,95,50,5,17,83,95,50,5,17,83,95,50,5,17,83,95,50,5,17,83,95,50
Year,,,,,,,,,,,,,,,,,,,,,,,,,,,,,,
1850,-1.644853627,-0.954165253,0.9541652531461864,1.6448536269514875,0,-1.644853627,-0.954165253,0.9541652531461864,1.6448536269514875,0,-1.644853627,-0.954165253,0.9541652531461864,1.6448536269514875,0,-1.644853627,-0.954165253,0.9541652531461864,1.6448536269514875,0,-1.644853627,-0.954165253,0.9541652531461864,1.6448536269514875,0,-1.644853627,-0.954165253,0.9541652531461864,1.6448536269514875,0
1851,0.044254557,0.045458429,0.048784655,0.049988526808988354,0.047121542,0.038062521,0.039266374,0.042592548,0.043796401,0.040929461,0.044823893494935874,0.046027756,0.049353956,0.050557819146888505,0.047690856,0.029132131831261177,0.030336005984281655,0.033662238,0.034866112,0.031999122,0.047850255,0.049054021,0.052379956,0.053583723,0.050716989,-0.027093392,0.00174132,0.081409898,0.11024461038203981,0.041575609
1852,0.09373102,0.095424555,0.10010369157549803,0.1017972269160623,0.097764123,0.056948002,0.058641523,0.063320622,0.065014143,0.060981073,0.091600886,0.093294413,0.097973526,0.099667052,0.095633969,0.041488088812627666,0.043181616,0.047860729,0.049554256,0.045521172332030346,0.067558277,0.069251773,0.073930799,0.075624294,0.071591286,-0.00772434,0.026476663608150375,0.12097198185233538,0.15517298501981713,0.073724323
1853,0.10567348977775737,0.10744330396056512,0.11233319428384902,0.11410300846665677,0.10988824912220707,0.03731758,0.039087364,0.043977171,0.045746954578135046,0.041532267,0.11450385460017287,0.11627365400920553,0.12116350351345773,0.12293330292249038,0.11871857876133163,0.038034033,0.039803799,0.044693555492983705,0.046463321,0.042248677,0.090616717,0.092386505,0.097276321,0.099046109,0.094831413,0.001545831,0.036510819,0.13311698277198047,0.16808197122122692,0.084813901
1854,0.1445937029053539,0.14625808996561318,0.15085669147947556,0.15252107853973484,0.14855739072254437,0.026002051,0.027666392,0.032264864978799324,0.033929205520905725,0.029965628485342677,0.14794435518166438,0.14960873089194138,0.15420730104654012,0.15587167675681712,0.15190801596924075,0.027918987,0.02958329,0.034181658,0.035845961,0.031882473893347196,0.075978186,0.077642557,0.082241114,0.083905484,0.079941835,0.004243657,0.038158524,0.1318632649422966,0.16577813182084356,0.085010895
1855,0.16607339911843155,0.16763015183448715,0.1719313661178603,0.1734881188339159,0.16978075897617373,0.041083108549742064,0.042639773,0.046940742,0.048497406,0.044790257,0.14198298969546386,0.14353971740939642,0.14784086261357743,0.14939759,0.14569029001148692,0.019306184424237927,0.020862784219332298,0.025163575991257403,0.026720175786351774,0.02301318,0.071737465,0.073294106,0.077595014,0.079151655,0.07544456,0.004160468,0.036985262721486833,0.1276782,0.16050299424932746,0.082331731
1856,0.15286658454658664,0.15432725035776684,0.15836298229243084,0.15982364810361105,0.15634511632509884,0.030190545096559163,0.031651111,0.035686567,0.037147132763664104,0.033668839,0.13226193965152788,0.13372254705370779,0.1377581176076319,0.1392187250098118,0.13574033233066984,0.002781497,0.004241962,0.008277136,0.0097376,0.006259549,0.043692037,0.045151636528487415,0.049184423,0.050644022,0.04716803,-0.040582902,-0.008737081,0.079251011,0.11109683175055807,0.035256965
1857,0.16608599950512826,0.16745406999621082,0.17123396662088908,0.17260203711197164,0.16934401830854995,0.02676365,0.028131634,0.031911293244831995,0.033279277645590355,0.030021463863704412,0.13619274126585879,0.13756074362305526,0.14134045199790535,0.14270845435510182,0.1394505978104803,-0.023144152,-0.021776274,-0.017996909,-0.016629031,-0.019886592,0.016586909398768057,0.017953034758818376,0.021727557,0.023093682,0.019840295931089713,-0.122217884,-0.091304072,-0.005891067,0.025022744,-0.04859757
1858,0.1497612043028198,0.1510430274587975,0.154584628,0.1558664510311587,0.15281382766698925,0.015249972164951942,0.016531722,0.02007312,0.021354869796937237,0.018302421,0.12698296699426237,0.1282647179747869,0.1318061189745663,0.1330878699550908,0.1300354184746766,-0.008570365,-0.007288701,-0.00374754,-0.002465876,-0.005518121,0.029843976221570756,0.031124271643705015,0.034661651,0.035941946,0.032892961,-0.128811424,-0.098732696,-0.015626977,0.014451751213812258,-0.057179837
1859,0.11159811253486396,0.1127991247529394,0.11611744939995106,0.1173184616180265,0.11445828707644523,0.023432444826084975,0.024633406996031226,0.027951593,0.029152555532959923,0.0262925,0.10791341415665556,0.10911436118971096,0.11243250573448904,0.11363345276754444,0.110773433,0.016729279483513437,0.017930212402916368,0.021248318,0.022449251,0.019589265177614834,0.06235969,0.063559908,0.066876037,0.068076255,0.065217972,-0.092381284,-0.063069595,0.017916842020895274,0.047228531,-0.022576377
1860,0.10747851084170179,0.10862018224554504,0.11177455178574291,0.11291622318958616,0.11019736701564398,0.03846354,0.039605197322771346,0.042759528722854157,0.043901186,0.041182363,0.11238297873597958,0.11352459565677009,0.1166788146636577,0.11782043158444822,0.1151017051602139,0.011768685,0.012910356593408778,0.016064725395551704,0.017206396532230883,0.014487540994480241,0.067543092,0.068684546,0.071838317,0.072979772,0.070261432,-0.074180825,-0.045352407,0.034298779222524445,0.063127197,-0.005526814
1861,0.10479470249038059,0.10590161646427987,0.10895995331247832,0.1100668672863776,0.1074307848883791,0.048085393,0.049192322,0.052250702,0.053357631929998206,0.050721512,0.11173501339953873,0.11284187606162277,0.11590007113846923,0.11700693380055327,0.114370974,0.000463869,0.001570818,0.004629254,0.005736203,0.003100036,0.067380548,0.068487587,0.071546269,0.072653308,0.070016928,-0.065099566,-0.036387316,0.042942905376662566,0.071655155,0.003277795
1862,0.094708902,0.095782575,0.098749072,0.099822746,0.097265824,0.031225848,0.03229956,0.035266161,0.036339872,0.03378286,0.11186646101094766,0.11294008075361717,0.11590642764014092,0.11698004738281043,0.11442325419687904,-0.022389356,-0.02131564,-0.018349027,-0.017275311,-0.019832334,0.058940029,0.060013815426032124,0.062980623,0.06405441,0.061497219278976445,-0.086747586,-0.058139234,0.020903924421872944,0.049512276279244816,-0.018617655
1863,0.084771698,0.085828173,0.088747151,0.089803626,0.087287662,0.025648447,0.026704978,0.029624112320220775,0.030680644136623414,0.028164545334220747,0.10620012003107604,0.10725653395661539,0.1101753422034335,0.11123175612897285,0.10871593808002444,-0.018946898,-0.017890385,-0.014971304,-0.013914791,-0.016430845,0.061299762858652684,0.062356394653420466,0.065275805,0.066332437,0.0638161,-0.077512158,-0.048737801,0.030764019049001945,0.059538376,-0.008986891
1864,0.085014825,0.086049491,0.088908212,0.089942878,0.087478852,0.038871152181513935,0.039905890968725544,0.042764812,0.043799551,0.041335352,0.10181256790417592,0.102847166,0.10570569865626567,0.10674029681513275,0.10427643235965434,-0.026762153,-0.025727449,-0.022868625,-0.021833921,-0.024298037,0.080932618,0.081967549,0.084827002,0.085861933,0.083397276,-0.077595394,-0.048770547,0.030870772517289424,0.059695619,-0.008949887
1865,0.086087208,0.087106277,0.089921902,0.090940971,0.088514089,0.04114299,0.042162150847332214,0.04497803,0.045997191,0.043570091,0.097351088,0.098370083,0.10118550621700706,0.10220450148659666,0.099777795,-0.023521373,-0.022502266,-0.019686534,-0.018667427,-0.0210944,0.096047037,0.09706647,0.0998831,0.10090253196665344,0.098474785,-0.061357924,-0.032400754,0.047606169,0.07656334,0.007602708
1866,0.088070759,0.089069896,0.091830451,0.092829588,0.090450173,0.045787690224642574,0.046786930748112354,0.049547772317737326,0.050547012841207106,0.048167352,0.093716027,0.094715087,0.097475429,0.098474488,0.096095258,-0.023014578,-0.022015405,-0.019254749,-0.018255576,-0.020635077,0.098440919,0.09944047,0.10220216897988621,0.10320171977900827,0.10082131955857676,-0.0484833,-0.019548602,0.060396233398307686,0.089330932,0.020423815868866768
1867,0.090433122,0.091421809,0.094153491,0.095142178,0.09278765,0.050028138,0.051016945,0.053748959,0.054737766061236925,0.052382952,0.091383181,0.092371786,0.095103245,0.096091851,0.093737516,-0.025043092,-0.024054371,-0.021322596,-0.020333876,-0.022688484,0.10393601235927008,0.10492514099422579,0.10765804402302592,0.10864717265798163,0.10629159250862585,-0.04103584,-0.011959632,0.068376187,0.097452395,0.028208278
1868,0.078823483,0.079794703,0.082478124,0.083449343,0.081136413,0.056388247,0.057359599,0.060043385,0.061014736040533535,0.058701492,0.084762183,0.085733326,0.088416535,0.089387678,0.08707493,-0.025468241,-0.024496969,-0.021813402,-0.02084213,-0.023155186,0.10576353793322824,0.10673521313668743,0.10941989338215308,0.11039156858561228,0.10807755325942026,-0.033754578,-0.004767819,0.075320858,0.10430761781282172,0.03527652
1869,0.072007701,0.072957084,0.075580171,0.076529554,0.074268627,0.04801692,0.048966436,0.051589891,0.052539407,0.050278164,0.079002144,0.079951458,0.082574356,0.08352367,0.081262907,-0.020722515,-0.019773048,-0.017149727,-0.01620026,-0.018461388,0.11804302272463474,0.11899285940131676,0.12161720110867691,0.12256703778535893,0.12030503025499684,-0.022294097,0.006419894,0.085754925,0.11446891547092264,0.046087409
1870,0.061772661,0.062692013,0.06523213,0.066151482,0.063962072,0.04846254,0.049382023,0.051922498266378625,0.052841981,0.050652260399317584,0.070210273,0.071129564,0.07366951,0.074588801,0.072399537,-0.015793593,-0.014874119,-0.012333668,-0.011414194,-0.013603893,0.13552062395200437,0.13644041907900828,0.138981758,0.13990155291531892,0.13771108843366164,-0.013105001,0.015106972562762166,0.093054961,0.1212669347399924,0.054080966926733254
1871,0.060580205553492306,0.061481374,0.063971249,0.064872418,0.062726312,0.052275865939463984,0.053177162693486935,0.055667392,0.056568688,0.054422277,0.063400081,0.064301193,0.066790911,0.067692023,0.065546052,-0.015979651,-0.015078345,-0.012588092,-0.011686787,-0.013833219,0.15838536317869512,0.15928694965805335,0.16177797896716584,0.16267956544652407,0.1605324643126096,-0.012842795,0.015113369517962383,0.092354574,0.12031073891705546,0.053733972
1872,0.059178961170175626,0.060066788,0.062519799,0.063407625,0.061293293,0.050483905454143496,0.051371857996002745,0.053825218,0.05471317,0.052598538,0.055283015,0.056170786,0.058623645,0.059511416,0.057397216,-0.011750613,-0.010862635,-0.008409206,-0.007521228,-0.00963592,0.17534357703658543,0.1762317754590299,0.17868581437079456,0.17957401279323904,0.17745879491491223,-0.009491302,0.018236218,0.094845692,0.12257321245158437,0.056540955222089906
1873,0.068394356,0.069274897,0.071707781,0.072588322,0.070491339,0.058464513,0.059345183944003566,0.061778425,0.062659096,0.060561805,0.060681017882700417,0.061561504,0.063994236,0.064874723,0.06277787,-0.010309295,-0.009428588,-0.006995246,-0.006114539,-0.008211917,0.16873430472486461,0.16961515015771056,0.17204887320053786,0.1729297186333838,0.1708320116791242,-0.014171617,0.013419214,0.089651022,0.11724185197721226,0.051535118
1874,0.071931168,0.072806408,0.075224643,0.076099883,0.074015525,0.057276831,0.058152205,0.060570809,0.061446183,0.059361507013534265,0.065176371,0.066051553,0.068469631,0.069344813,0.067260592,-0.012135647,-0.01126023,-0.008841505,-0.007966088,-0.010050867,0.13353630258006888,0.1344118011397768,0.13683075109327092,0.13770624965297884,0.13562127611652386,-0.022874803,0.004648983,0.080695551,0.10821933709581799,0.042672267
1875,0.070979895,0.071857666,0.074282892,0.075160663,0.073070279,0.07308626,0.073964171,0.076389786,0.077267697,0.075176979,0.066004461,0.066882167,0.069307214,0.070184919,0.06809469,-0.01506607,-0.014188119,-0.011762394,-0.010884443,-0.012975257,0.11191598023174265,0.1127939836034102,0.11521985420199599,0.11609785757366353,0.11400691890270309,-0.031447303,-0.003829644,0.072476292,0.10009395145402777,0.034323324
1876,0.055195193,0.056063110307150055,0.058461114472947884,0.059329032054449726,0.057262112,0.098077508,0.098945567,0.10134396260389167,0.10221202170680499,0.10014476501339686,0.065044872,0.065912719,0.068310529,0.069178377,0.067111624,-0.021999235,-0.021131141,-0.018732648,-0.017864554,-0.019931894,0.1093074760754007,0.11017555295620696,0.11257399725661799,0.11344207413742424,0.11137477510641247,-0.050513585,-0.022997026,0.053029575219738945,0.080546134,0.015016274826621157
1877,0.050981351,0.051839055192317574,0.05420884,0.055066544,0.053023948,0.103699298,0.10455713587606397,0.10692729109433685,0.10778512921405081,0.10574221348520041,0.072173524,0.073031152,0.075400726,0.076258354,0.074215939,0.005884909,0.006742783,0.009113038,0.009970912,0.00792791,0.10676560300282745,0.10762342101884315,0.10999352069177348,0.11085133870778918,0.10880847085530831,-0.014194296,0.013158781,0.088733691,0.11608676814518049,0.050946236
1878,0.045695334543040644,0.046541816,0.048880595116941095,0.049727077,0.047711206,0.093295908,0.094142518,0.096481651,0.097328261,0.095312085,0.064727933,0.065574333,0.067912886,0.068759286,0.06674361,0.039556866,0.040403505101323844,0.042742718,0.043589357,0.041573112,0.11206191727507075,0.11290849584906937,0.11524754161848705,0.11609412019248566,0.11407801873377821,0.035198971,0.062330873249266006,0.13729469086240442,0.16442659338702015,0.099812782
1879,0.042942656,0.043788949,0.046127206,0.046973499,0.044958078,0.090330171,0.091176599,0.093515229,0.094361657,0.092345914,0.051858532,0.052704740292199403,0.055042764,0.055888972125103464,0.053873751951243776,0.03530143,0.036147871,0.038486538072561416,0.039332979423988945,0.037317205,0.098740153,0.099586541,0.10192505868263879,0.10277144630543944,0.10075579959135439,0.029419514824724047,0.056597621,0.1316890966407982,0.1588672028466931,0.094143359
1880,0.05428692,0.055129657,0.057458088,0.058300825,0.056293872242292764,0.08728031,0.088123189,0.090452012,0.091294891,0.0892876,0.054814661,0.05565732,0.057985536851674624,0.058828195914657044,0.056821429,0.031663428,0.032506318,0.034835173,0.035678063,0.033670745212987185,0.084510037,0.085352883,0.087681615,0.08852446,0.086517249,0.024839827639254963,0.05196631,0.1269151506082835,0.15404163259228199,0.08944073
1881,0.064567453,0.065404382,0.067716764,0.068553692,0.066560573,0.07648732,0.077324401,0.079637203,0.080474283,0.078480802,0.058795484,0.059632345,0.061944545,0.062781406,0.060788445,0.038122296,0.038959395,0.041272251666498505,0.042109351,0.040115824,0.083748065,0.084585127,0.08689788,0.087734942,0.085741504,0.035170141616504225,0.062224683223405464,0.13697475726581843,0.16402929887271966,0.09959972
1882,0.061657055,0.062494247949416604,0.064807362,0.065644555,0.063650805,0.071544836,0.072382196,0.074695773,0.075533133,0.073538985,0.051393601,0.052230734,0.054543683,0.055380816,0.053387209,0.035529779710316234,0.036367154,0.03868077,0.039518144,0.037523962,0.07957033,0.08040767,0.082721191,0.083558531,0.08156443,0.031998535554976115,0.05907522,0.1338864717256456,0.16096315573247466,0.096480846
1883,0.059153899,0.059980222,0.062263305,0.063089629,0.061121764,0.069990435,0.070816931,0.073100489,0.073926985,0.07195871,0.051100853,0.051927122101801615,0.054210053,0.055036322,0.053068588,0.023143170945729707,0.023969662,0.026253207273157386,0.027079698,0.025111435,0.019503431176588037,0.020329519314088884,0.022611951237706762,0.023438039,0.021470735275897823,-0.034444979,-0.007606058,0.06654827,0.093387191,0.029471105871607506
1884,0.046479070860016236,0.047298138,0.04956117,0.050380236563512426,0.048429654,0.077686905,0.078506147,0.080769664,0.081588906,0.079637906,0.048568747,0.049387767,0.05165067,0.052469690198790886,0.050519219,-0.00217865,-0.001359449,0.000903954,0.001723155,-0.000227748,-0.176957357,-0.176139473,-0.17387971,-0.173061827,-0.175009592,-0.216593425,-0.189953802,-0.116350123,-0.0897105,-0.153151962
1885,0.022809290757891176,0.023627147567765405,0.025886836827396564,0.026704693637270793,0.024756992197580985,0.096056825,0.096874859,0.099135035,0.099953069,0.098004947,0.033861264,0.034679072,0.036938626,0.037756434,0.035808849,0.007243573,0.008061525,0.010321478294940789,0.011139430640810133,0.009191502,-0.206581797,-0.205765052,-0.203508435,-0.20269169,-0.204636744,-0.253552312,-0.226949513,-0.153447578,-0.126844779,-0.190198546
1886,0.006523106,0.007338315,0.009590685,0.010405894,0.0084645,0.092371657,0.093187031,0.095439862,0.096255236,0.094313446,0.030239428,0.03105458,0.033306797498141805,0.034121949909092564,0.032180689,0.013824264098559524,0.014639519,0.016892019,0.017707274407541718,0.015765769,-0.177920946,-0.177106581,-0.174856539,-0.174042174,-0.17598156,-0.23824712,-0.211757468,-0.138568151,-0.112078499,-0.17516281
1887,0.00103233,0.001847358,0.004099233,0.004914261,0.002973296,0.083806932,0.084622125,0.086874456,0.08768965,0.085748291,0.030515750674737774,0.031330713121690223,0.033582405430536255,0.034397367877488705,0.032456559,-0.005762967,-0.004947936,-0.002696055,-0.001881024,-0.003821995,-0.177600067,-0.176785734,-0.174535778,-0.173721445,-0.175660756,-0.240760484,-0.214212844,-0.14086331,-0.114315671,-0.177538077
1888,0.005122108,0.005937025,0.008188593,0.009003511,0.007062809,0.07095552,0.07177061,0.074022653,0.074837743,0.072896632,0.026432484,0.027247329326996805,0.029498697721919598,0.030313542933754434,0.028373014,-0.012065879,-0.011250984,-0.008999477,-0.008184581,-0.01012523,-0.170540989,-0.169726547,-0.167476291,-0.166661848,-0.168601419,-0.205024253,-0.178445078,-0.105008414,-0.078429239,-0.141726746
1889,0.011246862423945458,0.012063920509831405,0.014321402943096473,0.015138461,0.013192661726463939,0.067834941,0.068652185,0.070910183,0.071727428,0.069781184,0.020019961167577094,0.020836944414384106,0.023094220071868676,0.023911203,0.021965582,-0.008500032,-0.007683011,-0.005425632,-0.004608612,-0.006554322,-0.166510134,-0.165693462,-0.163437046,-0.162620374,-0.164565254,-0.165725778,-0.139031849,-0.065278125,-0.038584196,-0.102154987
1890,0.021722164494349272,0.022544462556993494,0.024816422731305465,0.025638720793949688,0.023680443,0.073421264,0.074243768,0.076516296,0.0773388,0.075380032,0.021270255,0.022092482,0.024364245014282915,0.025186471801873722,0.023228363391410767,-0.033018717,-0.032196468,-0.029924642,-0.029102393,-0.031060555,-0.166832136,-0.166010245,-0.163739411,-0.16291752,-0.164874828,-0.185674519,-0.158816144,-0.084608065,-0.057749689,-0.121712104
1891,0.043807125,0.044634032,0.046918726,0.047745633,0.045776378797143025,0.074872105,0.075699235,0.077984548,0.078811679,0.076841892,0.030386026449775727,0.031212872,0.033497397,0.034324243,0.032355134563658794,-0.037692664,-0.036865793,-0.034581197,-0.033754326,-0.035723495,-0.158393346,-0.157566767,-0.15528298,-0.154456401,-0.156424873,-0.172184832,-0.145127208,-0.070368618,-0.043310994,-0.107747913
1892,0.050337242020816575,0.051172631,0.053480759,0.054316148,0.052326695,0.056006766,0.0568424,0.059151208496814434,0.059986843,0.057996804,0.03886755,0.039702891249305594,0.042010888,0.042846229,0.04085689,-0.050725233,-0.049889858,-0.047581767,-0.046746392,-0.048735812,-0.134858418,-0.134023227,-0.131715646,-0.130880456,-0.132869437,-0.165767577,-0.138470548,-0.063050498,-0.03575347,-0.100760523
1893,0.044526122,0.045359316342967304,0.047661383518914135,0.048494578,0.04651035,0.050391669791338245,0.051225129673241554,0.053527929283916365,0.054361389165819674,0.052376529,0.041036193,0.041869351,0.044171318920405156,0.045004478,0.043020335,-0.059923781,-0.059090566,-0.056788444,-0.05595523,-0.057939505,-0.099460171,-0.098626973,-0.096324899,-0.095491702,-0.097475936,-0.143495244,-0.116167832,-0.040663834,-0.013336422,-0.078415833
1894,0.042725686875087376,0.043562259969178285,0.045873661,0.046710234,0.044717961,0.050020103,0.050856961,0.053169149,0.054006007,0.052013055056875146,0.047230237,0.048066783,0.050378110394262876,0.051214657,0.049222446738838244,-0.067520664,-0.066684037,-0.064372485,-0.063535858,-0.065528261,-0.070978173,-0.07014142,-0.067829521,-0.066992768,-0.06898547,-0.118070369,-0.090602509,-0.014710462,0.012757398237965845,-0.052656485
1895,0.031934076,0.032765539,0.035062823,0.035894287,0.033914181,0.046544623,0.047376377,0.049674463,0.050506217,0.048525419988266094,0.042162189,0.042993624,0.045290828,0.046122263,0.044142225778614375,-0.073263741,-0.072432207,-0.070134727,-0.069303192,-0.071283467,-0.03956706,-0.038735304,-0.036437214,-0.035605459,-0.037586259,-0.093711555,-0.066328099,0.009330746,0.036714202510438554,-0.028498676
1896,0.025796585400939875,0.026636603022041072,0.028957521272616304,0.029797539,0.027797062,0.057276127,0.058116445,0.060438191,0.061278509,0.059277317917292294,0.035221026797046306,0.036061004390717244,0.038381812,0.03922179,0.037221408,-0.066339374,-0.065499291,-0.063178194,-0.062338111,-0.064338742,-0.031554516,-0.030714295,-0.028392814,-0.027552593,-0.029553554,-0.074003594,-0.04647388,0.029589067277186132,0.057118781,-0.008442406
1897,0.024212019,0.025049922,0.027364998944221952,0.028202902248153805,0.026207461,0.06191265,0.062750854,0.06506676,0.065904964,0.063908807,0.029989671,0.030827525,0.033142464,0.033980317,0.031984994,-0.058022906,-0.057184953,-0.054869741,-0.054031789,-0.056027347,-0.022819452,-0.021981402,-0.01966592,-0.01882787,-0.020823661,-0.054205094,-0.026689871,0.049333036981579426,0.07684826,0.011321582854407097
1898,0.022664573584506797,0.023495466377767116,0.025791173276616064,0.026622066069876382,0.02464332,0.069701958,0.070533148,0.072829676,0.073660866,0.071681412,0.026674791738514614,0.02750563,0.029801186,0.030632023785756246,0.028653408,-0.070494391,-0.069663462,-0.067367656,-0.066536727,-0.068515559,-0.007703238,-0.006872201,-0.004576094,-0.003745056,-0.005724147,-0.065742555,-0.038368556,0.03726416,0.06463816,-0.000552198
1899,0.012455359755335849,0.013280167148309374,0.01555906,0.016383867844751876,0.014419613800043862,0.071993318,0.072818423,0.075098141,0.075923247,0.073958282,0.021981693,0.022806443921240316,0.025085180177256916,0.025909931,0.023945812049248616,-0.068255359,-0.067430506,-0.065151488,-0.064326635,-0.066290997,0.004279936,0.005104943,0.007384388,0.008209395,0.006244665,-0.048380392,-0.021122408,0.054189764,0.081447747,0.016533677651807466
1900,0.016462848890682835,0.017294976834193676,0.019594096,0.020426224,0.018444536606693873,0.072025044,0.072857481,0.075157454,0.075989891,0.074007467,0.018997822440496748,0.019829888944343566,0.022128838735341105,0.022960905239187923,0.020979363839842335,-0.051890934,-0.051058716,-0.048759348,-0.04792713,-0.049909032,0.013381388598247668,0.014213770874391685,0.016513593,0.017345975401269698,0.015363681999758683,-0.015561632,0.011828557852652466,0.087506008,0.1148961977860381,0.049667283
1901,0.026254482695549086,0.027085535875926325,0.029381685914813715,0.030212739095190955,0.028233611,0.082209064,0.083040434,0.085337461,0.086168832,0.084188948,0.023376112811320127,0.024207102865204888,0.026503078,0.027334068543382273,0.025355091,-0.044649061,-0.043817874,-0.041521354,-0.040690166,-0.042669614,0.014118382,0.014949726125109919,0.017246679677327847,0.018078023675911936,0.016098202901218883,0.000700963,0.028086783111632485,0.10375216079859229,0.13113798128182452,0.065919472
1902,0.026348448074600128,0.027175748,0.029461527,0.030288826729020002,0.028318637401810065,0.09749597,0.098323594,0.10061026945288631,0.10143789334398434,0.099466932,0.029332933047214738,0.030160171674026515,0.032445782330626116,0.033273021,0.031302977002326315,-0.053457523,-0.052630049,-0.050343791,-0.049516317,-0.05148692,-0.013599015,-0.012771556,-0.010485337,-0.009657878,-0.011628446,-0.033388164,-0.006061685,0.069439735,0.096766214,0.031689025020739336
1903,0.009876462,0.010700999,0.012979143348388789,0.01380368,0.011840070937580549,0.1178243622899231,0.1186492253959841,0.12092827263143135,0.12175313573749236,0.11978874901370773,0.024223074,0.025047554965965446,0.027325547116959115,0.028150028352797563,0.026186551,-0.070025577,-0.069200836,-0.066922124,-0.066097382,-0.06806148,-0.111601,-0.110776764,-0.108499449,-0.107675212,-0.109638106,-0.137061353,-0.109847969,-0.034659024,-0.00744564,-0.072253496
1904,0.009771806,0.010598679089866891,0.012883280468713565,0.013710153804311176,0.011740979779290228,0.1375805318964467,0.13840773163735776,0.14069323485466612,0.14152043459557717,0.13955048324601194,0.023509998709585034,0.024336825452962785,0.026621298,0.027448125,0.025479061776707113,-0.074014035,-0.073186917,-0.070901637,-0.070074518,-0.072044277,-0.133115797,-0.132289171,-0.130005254,-0.129178628,-0.131147213,-0.176557382,-0.149320132,-0.074065243,-0.046827992,-0.111692687
1905,0.009766448,0.010582495251014734,0.012837184828754289,0.013653232087165179,0.011709840039884511,0.14819394493707705,0.1490103094023425,0.15126587540339642,0.15208223986866187,0.15013809240286946,0.024972917795707872,0.025788922713672946,0.028043495,0.028859500225053125,0.026916209,-0.062522553,-0.061706241,-0.059450819,-0.058634507,-0.06057853,-0.110449966,-0.10963398,-0.107379461,-0.106563475,-0.10850672,-0.157047587,-0.130035368,-0.055402227,-0.028390008,-0.092718797
1906,-0.002857718,-0.002035664,0.000235621,0.001057675,-0.000900021,0.15055644202533358,0.15137882210927955,0.15365100890352323,0.1544733889874692,0.1525149155064014,0.026275931762256732,0.027097951,0.02936914,0.030191158681077468,0.028233545,-0.048529177,-0.04770682,-0.045434694,-0.044612336,-0.046570757,-0.083730999,-0.082908848,-0.080637292,-0.07981514,-0.08177307,-0.121045602,-0.09392375,-0.018987701,0.008134151,-0.056455726
1907,-0.012851148,-0.012038448,-0.009793007,-0.008980307,-0.010915728,0.14845212818596565,0.14926515488156156,0.15151149882541404,0.15232452552100995,0.1503883268534878,0.018731712,0.019544378,0.021789726418830924,0.022602392696057905,0.020667052353985582,-0.060926671,-0.060113654,-0.057867335,-0.057054317,-0.058990494,-0.084158121,-0.083345254,-0.081099353,-0.080286486,-0.082222303,-0.127136721,-0.100241952,-0.025933319,0.000961451,-0.063087635
1908,-0.031938232,-0.031124858,-0.028877554,-0.02806418,-0.030001206,0.14040820656947517,0.14122191440088727,0.14347014028231797,0.14428384811373007,0.14234602734160262,0.006942522,0.007755863,0.010003075791246374,0.010816416992952327,0.008879469,-0.069918503,-0.069104787,-0.06685654,-0.066042825,-0.067980664,-0.0774638,-0.076650227,-0.074402373,-0.0735888,-0.0755263,-0.135049159,-0.108180196,-0.033942867,-0.007073905,-0.071061532
1909,-0.049887458,-0.049079165,-0.046845899,-0.046037605,-0.047962532,0.13890139868942697,0.1397100263897073,0.1419442161737834,0.14275284387406373,0.14082712128174535,-0.005598005,-0.004789749,-0.002556586,-0.00174833,-0.003673168,-0.080774501,-0.079965862,-0.077731641,-0.076923002,-0.078848752,-0.042440059,-0.04163152,-0.039397573,-0.038589034,-0.040514547,-0.140815129,-0.114112856,-0.040336078,-0.013633805,-0.077224467
1910,-0.058676546,-0.057870602,-0.055643828,-0.054837884,-0.056757215,0.1486155358193173,0.14942181967353463,0.15164953355167654,0.15245581740589387,0.15053567661260558,-0.01887824,-0.01807234,-0.015845686,-0.015039785,-0.016959013,-0.091134496,-0.090328204,-0.088100467,-0.087294175,-0.089214336,-0.036888309,-0.036082102,-0.0338546,-0.033048393,-0.034968351,-0.146048418,-0.119394627,-0.045751801,-0.01909801,-0.082573214
1911,-0.051661895,-0.050855739,-0.048628378,-0.047822221,-0.049742058,0.16811303276591616,0.16891953143777982,0.17114783884409235,0.171954338,0.17003368514093609,-0.022020401,-0.021214296,-0.018987074,-0.018180968,-0.020100685,-0.101708384,-0.100901879,-0.098673555,-0.097867051,-0.099787717,-0.05070109,-0.04989466,-0.047666545,-0.046860116,-0.048780603,-0.151831617,-0.125191461,-0.05158631,-0.024946154,-0.088388886
1912,-0.064644198,-0.063845852,-0.061640071,-0.060841725,-0.062742961,0.18513339164172748,0.18593207423771219,0.18813878629566716,0.18893746889165186,0.18703543026668967,-0.02993548,-0.029137186,-0.026931547,-0.026133253,-0.028034366,-0.105633665,-0.104834974,-0.102628239,-0.101829548,-0.103731607,-0.079615105,-0.078816608,-0.076610408,-0.075811911,-0.077713508,-0.167645936,-0.141212862,-0.068179866,-0.041746792,-0.104696364
1913,-0.06476948,-0.063972983,-0.061772309,-0.060975812,-0.062872646,0.19829231371153355,0.19908914864930694,0.20129075573862565,0.20208759067639903,0.2001899521939663,-0.032112482,-0.031316037,-0.029115509,-0.028319064,-0.030215773,-0.103798071,-0.103001224,-0.100799586,-0.100002739,-0.101900405,-0.097515377,-0.096718831,-0.094518021,-0.093721475,-0.095618426,-0.183057494,-0.156653048,-0.083699149,-0.057294703,-0.120176099
1914,-0.056894991,-0.056094612,-0.053883213,-0.053082834,-0.054988913,0.2187663028809652,0.21956702082707125,0.22177935643526325,0.2225800743813693,0.22067318863116725,-0.021576558,-0.02077623,-0.018564974,-0.017764647,-0.019670602,-0.07328637,-0.072485629,-0.07027323,-0.069472489,-0.071379429,-0.079423627,-0.078623155,-0.076411501,-0.07561103,-0.077517328,-0.139248164,-0.112787216,-0.039677205,-0.013216257,-0.076232211
1915,-0.049746755,-0.048942338,-0.046719782,-0.045915365,-0.04783106,0.22120784104868108,0.2220126026310254,0.22423611056342452,0.22504087214576884,0.22312435659722496,-0.008106762,-0.007302389,-0.005079954,-0.00427558,-0.006191171,-0.041059635,-0.04025483,-0.038031203,-0.037226399,-0.039143017,-0.053705706,-0.052901114,-0.050678075,-0.049873483,-0.051789594,-0.083827342,-0.057240242,0.016218318418054878,0.042805418398756956,-0.020510962
1916,-0.037323837,-0.036515733,-0.03428299,-0.033474886,-0.035399361,0.23468581414562095,0.2354942806271083,0.23772802497330758,0.23853649145479494,0.23661115280020795,0.00046968,0.001277751,0.003510403,0.004318474,0.002394077,-0.038178468,-0.037369945,-0.035136043,-0.03432752,-0.036252994,-0.035854169,-0.035045817,-0.03281239,-0.032004038,-0.033929104,-0.072186983,-0.045444524,0.028443284282673176,0.055185743,-0.00850062
1917,-0.020768149,-0.019952841,-0.017700195,-0.016884887,-0.018826518,0.231121818,0.23193751528134499,0.23419123822765187,0.23500693562999686,0.23306437675449843,0.004216261,0.00503155,0.007284142,0.008099431,0.006157846,-0.044982743,-0.044166965,-0.04191302,-0.041097242,-0.043039993,-0.03044997,-0.029634347,-0.027380832,-0.02656521,-0.02850759,-0.07936623,-0.05237594,0.022196610992637034,0.049186901,-0.015089665
1918,-0.012706438,-0.011884075,-0.009611938,-0.008789576,-0.010748007,0.22471413430679377,0.22553691807917176,0.2278102202404284,0.2286330040128064,0.22667356915980008,0.003629104,0.004451458,0.006723574,0.007545928,0.005587516,-0.03866411,-0.037841226,-0.035567646,-0.034744762,-0.036704436,-0.007282261,-0.006459537,-0.004186402,-0.003363678,-0.005322969,-0.069675016,-0.042430679,0.032843786,0.060088122,-0.004793447
1919,-0.006598929,-0.005774525,-0.003496745,-0.002672341,-0.004635635,0.22915850083722944,0.22998334248285346,0.23226233042436206,0.23308717206998608,0.23112283645360776,0.007409518,0.00823391,0.010511656244204914,0.011336048,0.009372783,-0.022902499,-0.022077541,-0.01979823,-0.018973272,-0.020937885,0.00535519,0.00617995,0.008458713,0.009283474,0.007319332,-0.049797154,-0.022448296,0.053114954,0.080463812,0.015333329012833019
1920,-0.018374442,-0.017552911,-0.015283069,-0.014461537,-0.01641799,0.2249551369574192,0.2257771180041459,0.22804820228265044,0.22887018332937714,0.22691266014339817,-0.000893279,-7.18E-05,0.002198018,0.003019529,0.001063125,-0.01002377,-0.009201674,-0.006930274,-0.006108178,-0.008065974,0.005032537,0.005854347,0.00812496,0.00894677,0.006989654,-0.041555704,-0.014251326,0.061189029,0.088493406,0.023468851086931863
1921,-0.025656851,-0.024856776,-0.022646219,-0.021846145,-0.023751498,0.2153407733021595,0.21614126997599215,0.21835299422218668,0.21915349089601932,0.2172471320990894,-0.005341268,-0.00454123,-0.002330773,-0.001530735,-0.003436002,0.007730946,0.008531548,0.010743564750157475,0.011544167204590394,0.009637556,-0.002638534,-0.001838253,0.000372873,0.001173153,-0.00073269,-0.022760964,0.004114831,0.078371039,0.10524683373381549,0.041242935101024614
1922,-0.023001853,-0.022217421,-0.020050082,-0.01926565,-0.021133752,0.22404123279108035,0.2248260667405475,0.22699451581968333,0.22777934976915049,0.22591029128011542,-0.004039445,-0.003255062,-0.00108786,-0.000303477,-0.002171461,0.012466242,0.013251163453901427,0.015419853103480818,0.016204774123366406,0.014335508278691123,-0.001436759,-0.000652139,0.001515719,0.002300339,0.00043179,-0.01744751,0.009048422,0.082255092,0.10875102403440451,0.045651757
1923,-0.019584458,-0.018809961,-0.016670072,-0.015895575,-0.017740017,0.23935396068276305,0.24012885365561942,0.24226983641324296,0.24304472938609933,0.2411993450344312,0.000700562,0.001475006,0.003614748,0.004389192,0.002544877,0.015905132,0.016680104,0.018821306744200683,0.019596279,0.017750706,-0.004889707,-0.004115015,-0.001974586,-0.001199894,-0.003044801,-0.009963978,0.016273912723875128,0.08876763,0.11500552043332846,0.052520771
1924,-0.019206174,-0.018426997,-0.016274178,-0.015495002,-0.017350588,0.2486689761708476,0.2494485523724279,0.25160247460974006,0.25238205081132037,0.250525513,-0.006090221,-0.005311099,-0.003158434,-0.002379313,-0.004234767,0.019983984,0.020763645,0.022917799785830084,0.023697460232426693,0.021840722,-0.002553326,-0.001773958,0.000379388,0.001158755,-0.000697285,-0.005173262,0.021089638733656102,0.093652457,0.11991535767083406,0.057371048
1925,-0.012153808,-0.011371166,-0.009208775,-0.008426133,-0.01028997,0.25194298546580285,0.25272602834468216,0.25488952880346005,0.25567257168233937,0.2538077785740711,-0.009871015,-0.009088423,-0.00692617,-0.006143578,-0.008007296,0.029280025038133317,0.030063168,0.032226946,0.03301009,0.031145057,0.025748133748663804,0.026530976029334852,0.028693922,0.029476764527828436,0.027612449,0.006102905,0.032402064,0.10506506370586521,0.13136422343825416,0.068733564
1926,-0.016715893,-0.015937971,-0.013788621,-0.013010699,-0.014863296,0.24341635452356059,0.2441946715434824,0.24634511473755083,0.24712343175747264,0.24526989314051661,-0.014167618,-0.013389733,-0.011240483,-0.010462598,-0.012315108,0.054232779,0.055011207,0.057161957,0.057940384496021125,0.056086582,0.04728108,0.048059205,0.050209116561006795,0.050987241,0.049134161,0.042326277749282326,0.068495405,0.14079913138454003,0.1669682583817007,0.10464726806549152
1927,-0.025941892,-0.025166741,-0.023025046,-0.022249896,-0.024095894,0.23981672703382628,0.24059227286221585,0.24273505942045404,0.2435106052488436,0.24166366614133494,-0.016035448,-0.015260321,-0.013118689,-0.012343562,-0.014189505,0.065492367,0.066268027,0.068411129,0.06918679,0.067339578,0.076606903,0.077382266,0.079524548,0.080299911,0.078453407,0.057257703288087214,0.08332094,0.15533209770359235,0.1813953343000776,0.1193265187940824
1928,-0.036098848,-0.035323323,-0.033180594,-0.032405069,-0.034251959,0.24068159935245603,0.24145752377523877,0.24360135636698033,0.24437728078976306,0.24252944007110955,-0.015852347,-0.015076844,-0.012934176,-0.012158673,-0.01400551,0.076517613,0.077293648,0.079437786,0.080213821,0.078365717,0.081634445,0.082410147,0.084553364,0.085329066,0.083481756,0.066947895,0.093026507,0.16508014645359026,0.1911587585527741,0.12905332674876036
1929,-0.047484989,-0.046714094,-0.044584155,-0.04381326,-0.045649125,0.2572410339227531,0.2580123287739866,0.2601433701375413,0.2609146649887748,0.25907784945576395,-0.017325521,-0.01655465,-0.014424781,-0.013653911,-0.015489716,0.068269966,0.069041364,0.071172691,0.071944089,0.070107027,0.067480451,0.068251463,0.070381724,0.071152736,0.069316593,0.040606246663969614,0.066610459,0.13845853566260757,0.1644627478209486,0.10253449724245911
1930,-0.055005942,-0.054236303,-0.052109837,-0.051340197,-0.05317307,0.264831712,0.265601744,0.2677292947446972,0.2684993263233082,0.2666655192360281,-0.028282193,-0.027512586,-0.025386206,-0.024616599,-0.026449396,0.083720148,0.084490288,0.086618138,0.087388278,0.085554213,0.068007068,0.06877681,0.070903561,0.071673303,0.069840186,0.056026924,0.082040728,0.1539153059105729,0.17992910967114994,0.11797801697997556
1931,-0.049593154,-0.048823122,-0.04669557,-0.045925538,-0.047759346,0.2529070218905076,0.2536774310097485,0.25580602514907014,0.256576434,0.2547417280794093,-0.038462564,-0.037692576,-0.035565146,-0.034795157,-0.036628861,0.10400118164784544,0.10477169596953217,0.10690058077688036,0.1076710950985671,0.10583613837320627,0.074554029,0.075324149,0.077451945,0.078222065,0.076388047,0.083108159,0.1091293255688015,0.18102424682433593,0.2070454135368891,0.14507678619656872
1932,-0.052804545,-0.05203527,-0.049909809,-0.049140534,-0.050972539,0.26023763877162764,0.26100728387490335,0.2631337670839571,0.2639034121872328,0.2620705254794302,-0.039753763,-0.038984541,-0.036859224,-0.036090001,-0.037921882,0.11591295833176218,0.11668269393857145,0.11880942720353005,0.11957916281033931,0.11774606057105075,0.081183357,0.081952676,0.08407826,0.084847579,0.083015468,0.09540615,0.12139383650685431,0.1931962546638033,0.21918394142380748,0.1572950455853288
1933,-0.045744943,-0.044977629,-0.042857586,-0.042090271,-0.043917607,0.27498639596950625,0.2757540754357706,0.27787512770782996,0.2786428071740943,0.27681460157180027,-0.041129089,-0.040361833,-0.03824195,-0.037474694,-0.039301891,0.10797683756891274,0.10874459074688048,0.1108658466798147,0.11163359985778243,0.10980521871334759,0.095964994,0.096732331,0.098852438,0.099619775,0.097792385,0.079216327,0.10514400211832253,0.17678061045830873,0.2027082851227533,0.14096230628831563
1934,-0.030727297,-0.029957634,-0.0278311,-0.027061437,-0.028894367,0.28689718196596914,0.28766721588334576,0.2897947733625301,0.29056480727990674,0.28873099462293794,-0.034486753,-0.033717144,-0.031590761,-0.030821153,-0.032653953,0.11599687050528473,0.11676697603525099,0.11889473137557616,0.11966483690554242,0.11783085370541357,0.11799107671623688,0.11876077706887145,0.12088741292842542,0.12165711328105999,0.11982409499864843,0.09220036,0.11812136335908008,0.18973953900973584,0.21566054226991582,0.15393045118440796
1935,-0.021515591,-0.020756737,-0.018660068,-0.017901213,-0.019708402,0.3064785533306349,0.30723777741201275,0.309335468,0.31009469204468587,0.3082866226876604,-0.02102205,-0.020263237,-0.018166683,-0.017407871,-0.01921496,0.12119490523065224,0.12195420669667101,0.12405211105709668,0.12481141252311545,0.12300315887688384,0.12343356866955446,0.124192476,0.1262892923355139,0.12704819991785143,0.12524088429370295,0.099691556,0.12537712469543294,0.19634480803995302,0.2220303764676146,0.16086096636769298
1936,-0.018154771,-0.017395501,-0.015297683,-0.014538413,-0.016346592,0.31858755713875553,0.3193472096751293,0.3214460840219999,0.3222057365583737,0.3203966468485646,-0.010182862,-0.009423613,-0.007325855,-0.006566607,-0.008374734,0.1334899397126037,0.13424969669108577,0.13634885960505017,0.13710861658353224,0.13529927814806797,0.13005523226803462,0.1308145988014644,0.13291268293920666,0.13367204947263644,0.13186364087033553,0.11595329367571594,0.14160443307059722,0.21247699106470463,0.23812813045958592,0.17704071206765093
1937,-0.024676583,-0.023920122,-0.021830067,-0.021073607,-0.022875095,0.30287135609648885,0.30362821238657034,0.30571936087267204,0.30647621716275353,0.3046737866296212,-0.008364103,-0.007607654,-0.005517629,-0.004761179,-0.006562641,0.15966040278493665,0.1604173762705159,0.16250884856071934,0.16326582204629858,0.16146311241561762,0.13701422557477372,0.13777081182053053,0.13986121419048914,0.14061780043624594,0.13881601300550983,0.1535314100569849,0.17914285648845407,0.24990574520808195,0.27551719163955113,0.214524301
1938,-0.029458992,-0.028697285,-0.026592733,-0.025831026,-0.027645009,0.29076003910586223,0.2915221580355478,0.2936278468790192,0.2943899658087048,0.2925750024572835,-0.008853929,-0.008092235,-0.005987718,-0.005226024,-0.007039977,0.18312102099110916,0.18388325014245765,0.18598924352181712,0.1867514726731656,0.18493624683213739,0.1248185060970286,0.1255803316595916,0.12768520994717392,0.1284470355097369,0.12663277080338275,0.18429775965256567,0.20999625068031946,0.2809996383929274,0.3066981294206812,0.24549794453662344
1939,-0.046587726,-0.04582313,-0.043710598,-0.042946002,-0.044766864,0.28913536131898354,0.2899003928357047,0.2920141289819753,0.29277916049869646,0.290957261,-0.013852179,-0.013087597,-0.010975103,-0.010210521,-0.01203135,0.19892917600105875,0.19969430014970158,0.20180829223255614,0.20257341638119897,0.20075129619112886,0.12528989445644356,0.1260546139645271,0.12816748804999634,0.12893220755807988,0.12711105100726172,0.20486803451979085,0.2306540857069308,0.30189939688267486,0.3276854480698148,0.26627674129480283
1940,-0.064657475,-0.063891879,-0.061776585,-0.06101099,-0.062834232,0.2888269952017595,0.289593048,0.29170960476977825,0.2924756572713818,0.29065132623657064,-0.023184902,-0.022419327,-0.020304091,-0.019538517,-0.021361709,0.22097990654594923,0.22174602862298798,0.22386277792224973,0.22462889999928848,0.22280440327261886,0.12115399640151736,0.1219197192123147,0.12403536536271531,0.12480108817351265,0.12297754228751501,0.23795751181569358,0.2638553085081412,0.3354093658056172,0.3613071624980648,0.2996323371568792
1941,-0.07930438,-0.078513433,-0.076328096,-0.07553715,-0.077420765,0.30612216499679334,0.3069136382132456,0.30910043118842623,0.30989190440487846,0.3080070347008359,-0.030734995,-0.029944081,-0.027758834,-0.026967921,-0.028851458,0.23032489915772203,0.23111642051196668,0.23330334648892403,0.23409486784316869,0.23220988350044536,0.1181757703960784,0.11896686582207394,0.12115261498473728,0.12194371041073282,0.12005974040340561,0.25516490780512413,0.28194290417911816,0.35592890034740776,0.3827068967214018,0.31893590226326296
1942,-0.087782307,-0.086978874,-0.08475904,-0.083955607,-0.085868957,0.3274086703661965,0.3282126684175637,0.33043406675949427,0.3312380648108615,0.329323368,-0.032920024,-0.032116636,-0.029896923,-0.029093535,-0.03100678,0.23644914275769224,0.23725316885901293,0.23947464470148816,0.24027867080280885,0.23836390678025055,0.11929399855068823,0.12009756751768919,0.12231778032531793,0.12312134929231888,0.12120767392150356,0.2647689443495551,0.29209406745405886,0.3675917419278676,0.39491686503237133,0.3298429046909632
1943,-0.090450425,-0.089636089,-0.087386129,-0.086571793,-0.088511109,0.33621668,0.3370316091780978,0.33928320916186294,0.34009813819335477,0.3381574091699804,-0.036451594,-0.035637316,-0.033387513,-0.032573234,-0.034512414,0.24254369210655113,0.24335863111787148,0.2456102586753559,0.24642519768667626,0.2444844448966137,0.1251405839179256,0.12595503649259854,0.1282053200547466,0.12901977262941955,0.12708017827367257,0.2744716781735974,0.3022685894987376,0.3790697864989738,0.406866698,0.3406691879988557
1944,-0.086717033,-0.085901446,-0.083648029,-0.082832442,-0.084774738,0.3405926379001585,0.3414088220281428,0.3436638897683224,0.34448007389630675,0.3425363558982326,-0.034026637,-0.033211111,-0.030957864,-0.030142339,-0.032084488,0.2576188864025539,0.25843507507823915,0.2606901553832017,0.26150634405888695,0.25956261523072044,0.12448026198808293,0.12529596622954386,0.1275497080720811,0.12836541231354204,0.12642283715081248,0.3012683826188436,0.32923656567680837,0.4065109761914414,0.43447915924940617,0.3678737709341249
1945,-0.087190765,-0.086378287,-0.08413346,-0.083320982,-0.085255874,0.34751426820150755,0.34832732955874235,0.35057376927056794,0.35138683062780274,0.34945054941465514,-0.030279825,-0.029467405,-0.027222738,-0.026410318,-0.028345071,0.269274541,0.2700876256363358,0.2723341285379206,0.2731472127655934,0.2712108770871282,0.1225705390243661,0.1233831408263768,0.12562831081481818,0.12644091261682888,0.12450572582059749,0.3185072392866459,0.34650597764914437,0.423864811,0.45186354899806247,0.3851853941423542
1946,-0.096815124,-0.096001411,-0.093753171,-0.092939458,-0.094877291,0.3548375915646602,0.35565186947133043,0.35790167043649035,0.35871594834316056,0.3567767699539104,-0.029510106,-0.028696446,-0.026448351,-0.025634691,-0.027572398,0.2681991468279534,0.26901346723178676,0.27126338561396324,0.2720777060177966,0.270138426,0.11737927528724867,0.11819312508828261,0.12044174322318213,0.12125559302421607,0.11931743415573237,0.3097875824145149,0.3376371791288193,0.4145839426960265,0.4424335394103309,0.3761105609124229
1947,-0.110372689,-0.109568949,-0.107348262,-0.106544522,-0.108458605,0.3738642785191928,0.3746685547483821,0.3768907216790467,0.377694998,0.3757796382137144,-0.035855342,-0.03505164,-0.03283106,-0.032027358,-0.03394135,0.27074122108132315,0.2715455684081576,0.2737679317771722,0.2745722791040066,0.2726567500926649,0.10990115156977254,0.11070504622222188,0.1129261588792474,0.11373005353169674,0.11181560255073464,0.30577577648028864,0.3332374882608633,0.4091125490456875,0.43657426082626216,0.3711750186532754
1948,-0.120287217,-0.119489676,-0.11728612,-0.116488579,-0.118387898,0.38540972684592134,0.3862077792619516,0.38841275017063026,0.3892108025866605,0.38731026471629093,-0.042493059,-0.041695545,-0.039492062,-0.038694549,-0.040593804,0.26894856706729797,0.26974671936869754,0.2719519662545622,0.27275011855596176,0.27084934281162987,0.10147544856044988,0.10227316379871354,0.10447720310537534,0.105274918,0.10337518345204444,0.2947075479777368,0.32188451583385813,0.3969728462520834,0.42414981410820474,0.35942868104297077
1949,-0.123952896,-0.123170069,-0.121007167,-0.120224341,-0.122088618,0.39414664329746074,0.39492993981758673,0.3970941410717046,0.3978774375918306,0.39601204044464566,-0.040818956,-0.040036155,-0.037873322,-0.037090521,-0.038954738,0.2630972874823101,0.26388069533805947,0.26604520420602285,0.2668286120617722,0.26496294977204116,0.090112469,0.090895453,0.093058792,0.093841776,0.091977122,0.2758500727636033,0.30249476242499895,0.3761124401503366,0.4027571298117323,0.3393036012876678
1950,-0.121751939,-0.120977383,-0.118837334,-0.118062779,-0.119907359,0.4077321124827904,0.4085071184048843,0.410648413,0.4114234191565629,0.40957776581967664,-0.02915176,-0.028377235,-0.026237271,-0.025462746,-0.027307253,0.24747728457560925,0.2482523943748447,0.2503939762107166,0.251169086,0.24932318529278064,0.09062965,0.091404347,0.093544786,0.094319483,0.092474567,0.24424732045645214,0.27055340928694704,0.34323555324709787,0.36954164207759277,0.30689448126702246
1951,-0.120103512,-0.119338992,-0.11722667,-0.11646215,-0.118282831,0.4117280593965802,0.4124930045190922,0.41460650196347615,0.41537144708598817,0.4135497532412842,-0.024184065,-0.023419592,-0.021307397,-0.020542923,-0.022363494,0.24988736104268128,0.25065239372844417,0.25276613310478524,0.25353116579054813,0.2517092634166147,0.10617716539303501,0.10694180186590074,0.10905444652985352,0.10981908300271925,0.10799812419787713,0.24498989766300383,0.27089686689583914,0.34247626737175096,0.3683832366045863,0.30668656713379505
1952,-0.122664813,-0.121902195,-0.119795127,-0.11903251,-0.120848661,0.3993695656050136,0.4001326079396108,0.4022408480953459,0.4030038904299431,0.40118672801747834,-0.027409026,-0.026646464,-0.024539549,-0.023776987,-0.025593006,0.2592975729373279,0.26006069046354696,0.2621691383690177,0.2629322558952367,0.2611149144162823,0.092803429,0.093566134,0.095673445,0.096436151,0.09461979,0.25568831238609846,0.28147889770178836,0.35273673640239167,0.37852732171808157,0.317107817
1953,-0.129272048,-0.128507632,-0.126395599,-0.125631184,-0.127451616,0.3959025007043806,0.3966673535803693,0.3987805961533013,0.399545449,0.3977239748668353,-0.032751271,-0.031986918,-0.029875055,-0.029110701,-0.030930986,0.2723072335684833,0.2730721411678587,0.2751855349380321,0.2759504425374075,0.2741288380529454,0.059367961,0.060132447,0.062244676794364295,0.063009163,0.061188562,0.2737828033927485,0.2995575233581462,0.3707715270484755,0.3965462470138732,0.33516452520331086
1954,-0.129696368,-0.128938249,-0.12684361,-0.12608549,-0.127890929,0.4007789601861873,0.4015375201932443,0.4036333759470949,0.4043919359541519,0.4025854480701696,-0.038121132,-0.037363076,-0.035268611,-0.034510554,-0.036315843,0.2626547674963149,0.263413364,0.2655093223308995,0.26626791929675164,0.26446134339653327,0.050686312,0.051444497,0.053539315,0.0542975,0.052491906,0.25681216975925736,0.2824133749599582,0.3531479677736229,0.37874917297432376,0.31778067136679056
1955,-0.129903317,-0.129155658,-0.127089922,-0.126342263,-0.12812279,0.4046561695731157,0.40540426829687704,0.4074712201530133,0.40821931887677465,0.40643774422494516,-0.044761849,-0.044014243,-0.041948651,-0.041201045,-0.042981447,0.24815696230950834,0.24890509907936575,0.25097215605467227,0.2517202928245297,0.249938628,0.039907956,0.040655699,0.042721669,0.043469412,0.041688684087034744,0.2331848663879441,0.258549141,0.3286291074765586,0.35399338173073147,0.2935891240593378
1956,-0.132059852,-0.131316017,-0.129260846,-0.128517012,-0.130288432,0.4133497451746848,0.41409402593200184,0.41615042897620924,0.41689470973352627,0.41512222745410554,-0.038340742,-0.037596937,-0.035541847,-0.034798041,-0.036569392,0.23099398825536355,0.23173833594421467,0.23379492391597978,0.2345392716048309,0.23276662993009722,0.033253219,0.033997183534324904,0.036052712,0.036796675581967975,0.035024948,0.20362397732344562,0.22882927299588118,0.29846999155438425,0.3236752872268198,0.2636496322751327
1957,-0.123665433,-0.122924591,-0.120877688,-0.120136846,-0.121901139,0.42862615851925057,0.42936744854557674,0.43141558837953653,0.4321568784058627,0.43039151846255663,-0.016657531,-0.015916695,-0.013869811,-0.013128975,-0.014893253,0.24889927741355677,0.2496406773436206,0.25168912083501027,0.2524305207650741,0.25066489908931544,0.057352410402870646,0.058093432736484374,0.060140833,0.060881855,0.059117132843994114,0.22599567318297886,0.251024397,0.32017725946479914,0.34520598363815225,0.28560082841056555
1958,-0.111436602,-0.110696255,-0.108650721,-0.107910375,-0.109673488,0.4370781576375862,0.43781895455799713,0.43986573196991685,0.4406065288903278,0.438842343,0.002115015,0.002855364,0.004900904,0.005641253,0.003878134,0.2660537683034363,0.2667946952360012,0.268841832,0.2695827587964459,0.2678182635499411,0.093320181,0.094060728,0.096106815,0.096847362,0.095083772,0.24699099817740944,0.27192691929320745,0.3408233721256124,0.36575929324141043,0.30637514570940994
1959,-0.113638561,-0.112904311,-0.110875622,-0.110141372,-0.111889966,0.4302656130483342,0.43100031377599635,0.43303024777327437,0.4337649485009365,0.43201528077463536,0.006342639,0.007076888,0.009105574,0.009839822,0.008091231,0.2742061854450526,0.27494101054406883,0.27697128817197836,0.2777061132709946,0.2759561493580236,0.11238353281942182,0.11311797239670796,0.11514718485136655,0.11588162442865269,0.11413257862403725,0.2560225937954783,0.28079117131744624,0.34922526384787034,0.37399384136983826,0.3150082175826583
1960,-0.128332351,-0.127601542,-0.125582359,-0.12485155,-0.12659195,0.4421015985442409,0.4428328673265014,0.44485331906491865,0.44558458784717914,0.443843093,-0.002909253,-0.002178452,-0.00015929,0.000571511,-0.001168871,0.2702051605598399,0.270936538,0.27295729075916597,0.27368866841345607,0.271946914,0.12062675594012262,0.12135771396179962,0.12337730708742356,0.12410826510910056,0.12236751052461159,0.24367415390486258,0.2683299946550619,0.3364526022540417,0.36110844300424105,0.3023912984545518
1961,-0.121719785,-0.120993712,-0.118987614,-0.118261541,-0.119990663,0.4443521894450555,0.4450787203358004,0.4470860815644073,0.44781261245515225,0.4460824009501039,-0.014140726,-0.013414673,-0.011408631,-0.010682578,-0.012411652,0.2754233425475263,0.2761499566026373,0.2781575476092826,0.27888416166439356,0.27715375210595994,0.097275123,0.098001265,0.10000755083956392,0.10073369256940623,0.099004408,0.24199292066475664,0.26649908933399047,0.3342081619600208,0.3587143306292546,0.30035362564700563
1962,-0.117840423,-0.117115663,-0.115113195,-0.114388436,-0.116114429,0.45239194791935233,0.453117174,0.45512093043362256,0.45584615659851124,0.4541190522589318,-0.014267285,-0.013542555,-0.011540168,-0.010815437,-0.012541361,0.27340503048975506,0.27413031500276475,0.27613423256451597,0.27685951707752565,0.27513227378364036,0.085940263,0.08666503,0.088667519,0.089392286,0.087666274,0.22886581,0.2533176718187633,0.3208766972556987,0.345328559,0.287097185
1963,-0.120111632,-0.119387362,-0.117386248,-0.116661978,-0.118386805,0.46814520826620765,0.468869961,0.4708724082558433,0.47159716071547564,0.46987118449084164,-0.012968958,-0.012244721,-0.010243697,-0.00951946,-0.011244209,0.27104847613236416,0.27177326636268617,0.27377581825095376,0.2745006084812758,0.27277454230681997,0.021963574309779688,0.022687644814425312,0.024688208143913926,0.025412279,0.023687926,0.18674037278344713,0.21116072022118715,0.2786326739372953,0.3030530213750353,0.24489669707924122
1964,-0.135355706,-0.134633987,-0.132639922,-0.131918203,-0.133636955,0.47995754924750145,0.48067975255838746,0.48267515694345775,0.48339736025434377,0.4816774547509226,-0.01216837,-0.011446688,-0.009452723,-0.008731041,-0.010449706,0.23685122181609586,0.23757344166875782,0.23956889175798324,0.2402911116106452,0.23857116671337053,-0.051743183,-0.051021898,-0.049029031,-0.048307747,-0.050025465,0.077480632,0.10179503508567223,0.1689742708588824,0.19328867392306393,0.1353846529722773
1965,-0.131997269,-0.131278667,-0.129293213,-0.128574611,-0.13028594,0.4948992945580244,0.49561838410323844,0.4976051853406602,0.4983242748858743,0.49661178472194933,-0.005447041,-0.00472848,-0.002743141,-0.002024581,-0.003735811,0.2385238379405905,0.23924293790929596,0.24122976794632223,0.24194886791502768,0.2402363529278091,-0.095921559,-0.095203362,-0.093219029,-0.092500832,-0.094211196,0.052798179367528064,0.077057043,0.14408282509947412,0.16834168831769603,0.11056993384261204
1966,-0.138817123,-0.138096265,-0.136104577,-0.135383719,-0.137100421,0.5217276425694308,0.5224490019535324,0.524442075,0.5251634340038436,0.5234455382866372,-0.0148541,-0.014133282,-0.012141704,-0.011420885,-0.013137493,0.24694432203398264,0.24766569628189927,0.2496588100158874,0.25038018426380404,0.24866225314889334,-0.089419776,-0.088699179,-0.086708213,-0.085987616,-0.087703696,0.072494551,0.096792027,0.16392449627954875,0.18822197292536202,0.13035826173177156
1967,-0.132900458,-0.13218026,-0.130190393,-0.129470194,-0.131185326,0.5288746767435555,0.5295953789290024,0.5315866357949517,0.5323073379803986,0.5305910073619771,-0.02361844,-0.022898272,-0.020908492,-0.020188324,-0.021903382,0.2525924986951509,0.2533132316302158,0.25530457345547575,0.25602530639054066,0.25430890254284577,-0.060067719,-0.05934764,-0.057358106,-0.056638027,-0.058352873,0.10789060119765281,0.1321518283659202,0.1991841423314895,0.2234453694997569,0.16566798534870486
1968,-0.134086146,-0.133367333,-0.131381294,-0.13066248,-0.132374313,0.5480352021878048,0.5487545308440644,0.5507419927311616,0.5514613213874213,0.549748262,-0.018038037,-0.017319243,-0.015333259,-0.014614466,-0.016326251,0.24627852559268604,0.24699789446373188,0.24898546746186412,0.24970483633290996,0.247991681,-0.049564954,-0.048846246,-0.0468605,-0.046141792,-0.047853373,0.11217671727001743,0.13640462442788248,0.20334487720538164,0.22757278436324668,0.16987475081663206
1969,-0.130045994,-0.129328817,-0.1273473,-0.126630123,-0.128338058,0.5337064200008967,0.534424121,0.5364070845114952,0.5371247851766725,0.5354156025887846,-0.011909715,-0.011192553,-0.009211078,-0.008493916,-0.010201815,0.263561472,0.26427922236837276,0.26626232325793353,0.2669800735238823,0.26527077281315314,-0.056080665,-0.05536362,-0.053382467,-0.052665422,-0.054373044,0.1378979324829288,0.16207606306710431,0.22887878616023727,0.2530569167444128,0.1954774246136708
1970,-0.147835611,-0.147141383,-0.145223273,-0.144529045,-0.146182328,0.5253104673165012,0.5260052284623384,0.527924812,0.5286195729391352,0.5269650201278182,-0.014629889,-0.013935672,-0.012017594,-0.011323377,-0.012976633,0.27386117347509753,0.2745559805397306,0.2764756907415631,0.2771704978061962,0.27551583564064686,-0.036258478,-0.035564288,-0.033646282,-0.032952092,-0.034605285,0.16792536725290574,0.19176930927784497,0.2576486894470804,0.28149263147201964,0.2247089993624627
1971,-0.163523883,-0.162834044,-0.16092806,-0.160238221,-0.161881052,0.532144792,0.5328351829119242,0.5347426907505337,0.535433081,0.533788937,-0.029509113,-0.028819293,-0.02691336,-0.026223539,-0.027866326,0.2642208,0.2649112203685604,0.2668188101743567,0.2675092304639861,0.26586501527145856,-0.002973099,-0.002283215,-0.000377106,0.000312778,-0.001330161,0.1795321933508376,0.2033212263850146,0.26904889630975504,0.29283792934393205,0.23618506134738482
1972,-0.170092793,-0.169402501,-0.167495264,-0.166804971,-0.168448882,0.5468079024561803,0.5474987744465807,0.5494076122745355,0.5500984842649359,0.5484531933605581,-0.029303834,-0.028613561,-0.026706379,-0.026016106,-0.02765997,0.26603054241866175,0.26672144538349585,0.26863036879194624,0.26932127175678033,0.26767590708772104,0.024544241314515602,0.025234635714980413,0.027142154,0.027832548,0.026188394852795227,0.20959373092631495,0.23338382000605407,0.2991144077211061,0.3229044968008452,0.2662491138635801
1973,-0.174428607,-0.173738142,-0.171830428,-0.171139962,-0.172784285,0.556571305,0.5572623758430382,0.5591717642162166,0.5598628354672428,0.5582170700296274,-0.024109414,-0.023418977,-0.021511339,-0.020820901,-0.022465158,0.2816578559074969,0.2823489524574825,0.2842584107302173,0.28494950728020285,0.2833036815938499,0.032656179,0.033346741,0.035254721438946035,0.035945283,0.034300731139751406,0.2520771060741822,0.27584873648305575,0.3415283239989435,0.36529995440781704,0.3086885302409996
1974,-0.184866781,-0.184176868,-0.182270681,-0.181580768,-0.183223774,0.5722598389511973,0.5729503751589959,0.5748582852397135,0.5755488214475122,0.5739043301993547,-0.015638778,-0.014948902,-0.013042816,-0.01235294,-0.013995859,0.2684348449793106,0.26912539899387866,0.27103335827348474,0.2717239122880528,0.2700793786336817,0.013584117411937768,0.014274090854030419,0.016180446047030728,0.016870419,0.015227268450530573,0.23975920248267357,0.26350606798962417,0.32911723156837525,0.35286409707532584,0.2963116497789997
1975,-0.194150666,-0.19346281,-0.191562307,-0.190874452,-0.192512559,0.5968435967559458,0.5975320797213044,0.5994343168165415,0.6001227997819001,0.5984831982689229,-0.017867562,-0.017179754,-0.01527938,-0.014591571,-0.016229567,0.26626688983725444,0.26695538882677283,0.26885767019575724,0.26954616918527563,0.26790652951126503,-0.027006388,-0.026318586,-0.024418232,-0.02373043,-0.025368409,0.22117748668898685,0.24488747133437982,0.31039673530727896,0.33410671995267194,0.2776421033208294
1976,-0.206355852,-0.205671847,-0.203781982,-0.203097977,-0.204726915,0.6068697699184895,0.6075544070887986,0.609446018,0.6101306556536201,0.6085002127860548,-0.02996094,-0.029276986,-0.027387263,-0.026703309,-0.028332125,0.2595369532032237,0.2602216116456475,0.26211328181364024,0.26279794025606407,0.26116744672964387,-0.037520434,-0.036836446,-0.034946631,-0.034262643,-0.035891538,0.2098652121047735,0.23351759520727455,0.29886770957574527,0.32252009267824633,0.2661926523915099
1977,-0.210399802,-0.209716082,-0.207827005,-0.207143285,-0.208771544,0.6068612600632832,0.6075456305699731,0.6094365051887394,0.6101208756954293,0.6084910678793563,-0.03494583,-0.034262157,-0.032373209,-0.031689536,-0.033317683,0.29255831676255184,0.2932427268922311,0.29513371098710195,0.2958181211167812,0.2941882189396665,-0.027019657,-0.02633588,-0.024446645,-0.023762869,-0.025391263,0.2672100351963991,0.29087627428282303,0.3562646719027498,0.37993091098917375,0.3235704730927864
1978,-0.214033493,-0.213346401,-0.211448006,-0.210760914,-0.212397203,0.5947908389636041,0.5954786096860403,0.5973788788967909,0.5980666496192271,0.5964287442914156,-0.03820999,-0.037522933,-0.035624635,-0.034937578,-0.036573784,0.31295121609684884,0.31363904606615733,0.3155394789724255,0.316227309,0.3145892625192914,-0.003335503,-0.002648316,-0.000749659,-6.25E-05,-0.001698987,0.2999212544922898,0.323641769,0.389180127,0.4129006413286902,0.356410948
1979,-0.213219281,-0.212536313,-0.210649312,-0.209966343,-0.211592812,0.6062353791152759,0.6069190427060107,0.6088079641584159,0.6094916277491507,0.6078635034322133,-0.041046928,-0.040363981,-0.03847704,-0.037794093,-0.03942051,0.34827704310498575,0.34896079328666474,0.35084995398460705,0.35153370416628604,0.3499053736356359,0.001695836,0.002378937,0.004266302,0.004949403,0.00332262,0.3488640154499194,0.37248282072158645,0.43774016155924755,0.4613589668309146,0.405111491
1980,-0.225613299,-0.224929073,-0.223038597,-0.222354371,-0.223983835,0.6385664448807233,0.6392513938316142,0.641143867,0.6418288156079939,0.6401976302443586,-0.053055619,-0.05237141,-0.050480982,-0.049796773,-0.051426196,0.39454490725711366,0.3952299673952666,0.39712274742453246,0.3978078075626854,0.39617635740989954,0.010770014670697492,0.011454380284703802,0.013345241,0.014029607,0.012399810834949676,0.4048282110656487,0.42845744324051793,0.49374359298576564,0.5173728251606349,0.4611005181131418
1981,-0.244317072,-0.243633269,-0.241743964,-0.241060161,-0.242688616,0.6683227502702493,0.6690072832926717,0.6708986069326102,0.6715831399550325,0.6699529451126409,-0.059365544,-0.058681759,-0.056792502,-0.056108716,-0.05773713,0.44135058894568147,0.4420352546301842,0.44392694480751516,0.4446116104920179,0.4429810997188497,0.016954675,0.017638601771921003,0.019528251268923214,0.020212178363294697,0.018583427,0.45736844995093406,0.4809767975133923,0.5462052443286325,0.5698135918910907,0.5135910209210124
1982,-0.250536615,-0.249852017,-0.247960513,-0.247275914,-0.248906265,0.6861421762105806,0.6868275161960469,0.6887210694265491,0.6894064094120154,0.687774293,-0.055401611,-0.054717041,-0.052825614,-0.052141043,-0.053771327,0.44936824504998185,0.4500537163398235,0.45194763235639357,0.4526331036462352,0.45100067434810853,-0.020820047,-0.020135455,-0.018243969,-0.017559378,-0.019189712,0.43399047952203773,0.45762664010277376,0.5229319326174959,0.546568093,0.49027928636013485
1983,-0.248828073,-0.248144795,-0.24625694,-0.245573662,-0.247200867,0.7091639113308474,0.7098479328538474,0.711737843,0.712421865,0.7107928880527652,-0.055060734,-0.054377497,-0.052489751,-0.051806514,-0.053433624,0.48142917390600815,0.4821133211070219,0.4840035787457282,0.4846877259467419,0.48305844992637503,-0.0816224,-0.080939304,-0.07905195,-0.078368854,-0.079995627,0.4283391103902545,0.4519535562400847,0.5171988522571951,0.5408132981070253,0.4845762042486399
1984,-0.249338122,-0.248655795,-0.246770565,-0.246088237,-0.24771318,0.7294401163781004,0.7301231987628398,0.7320105143780893,0.7326935967628287,0.7310668565704646,-0.062382391,-0.061700118,-0.059815037,-0.059132764,-0.060757578,0.49163566815178683,0.4923188590641985,0.4942064745346215,0.49488966544703317,0.493262667,-0.106523177,-0.105841023,-0.103956273,-0.103274119,-0.104898648,0.41627073202965903,0.43987758594118986,0.5051019058885231,0.5287087598000539,0.4724897459148565
1985,-0.248467178,-0.247784496,-0.24589829,-0.245215609,-0.246841393,0.7540654351385001,0.7547488849855881,0.7566372158772765,0.7573206657243645,0.7556930504314323,-0.075069652,-0.074387033,-0.072500998,-0.071818379,-0.073444015,0.4988010608629452,0.4994846123939283,0.5013732242320543,0.5020567757630374,0.5004289183129913,-0.105264055,-0.104581466,-0.102695516,-0.102012928,-0.103638491,0.4225574827026435,0.44616991563373176,0.5114096500772121,0.5350220830083003,0.4787897828554719
1986,-0.255170584,-0.25448872,-0.252604771,-0.251922907,-0.253546745,0.7925212850117305,0.7932039294171886,0.7950900349218841,0.7957726793273423,0.7941469821695364,-0.088882038,-0.088200236,-0.086316459,-0.085634657,-0.087258348,0.5070318479106959,0.5077145980063165,0.5096009955266823,0.5102837456223028,0.5086577967664994,-0.113203454,-0.112521647,-0.110637856,-0.109956049,-0.111579751,0.4346322294753122,0.45822151532843236,0.5233972957850028,0.546986582,0.4908094055567176
1987,-0.26284139,-0.262162739,-0.260287669,-0.259609019,-0.261225204,0.8193430848133403,0.820022524,0.8218997744766057,0.8225792138755423,0.8209611493444413,-0.088208726,-0.087530133,-0.08565522,-0.084976627,-0.086592677,0.5323195214659222,0.5329990814607299,0.5348766649240133,0.535556225,0.5339378731923716,-0.10596394,-0.105285293,-0.10341023,-0.102731582,-0.104347761,0.47729038246325217,0.5008228392793512,0.5658416045188801,0.5893740613349792,0.5333322218991157
1988,-0.250969181,-0.250290014,-0.248413516,-0.247734348,-0.249351765,0.8238793674218527,0.8245593469488881,0.8264380895545287,0.827118069,0.8254987182517084,-0.073585841,-0.072906723,-0.071030358,-0.070351239,-0.07196854,0.5632028379247345,0.5638829616368071,0.5657621026170432,0.5664422263291158,0.5648225321269251,-0.076836814,-0.076157595,-0.074280955,-0.073601737,-0.075219275,0.5262154433710862,0.549766756,0.6148376201292081,0.6383889331330579,0.582302188
1989,-0.240973281,-0.240290245,-0.238403058,-0.237720022,-0.239346651,0.8421882397760214,0.8428721196135598,0.8447616385428205,0.8454455183803589,0.8438168790781901,-0.064951133,-0.064268133,-0.062381043,-0.061698042,-0.063324588,0.5834927673820403,0.584176819,0.5860668140750249,0.5867508660986687,0.5851218167403545,-0.060207174,-0.059524035,-0.057636562,-0.056953422,-0.058580298,0.5543847011157368,0.5780016106663766,0.6432537137407621,0.6668706232914019,0.6106276622035693
1990,-0.251396639,-0.250716819,-0.248838517,-0.248158697,-0.249777668,0.8692812949314543,0.8699619771246603,0.871842661,0.8725233433480639,0.8709023191397591,-0.072927593,-0.072247803,-0.070369585,-0.069689796,-0.071308694,0.6197926068530251,0.6204734745149949,0.6223546709842935,0.6230355386462634,0.6214140727496442,-0.07600671,-0.075326765,-0.073448116,-0.072768171,-0.074387441,0.6045962725570462,0.6281657160021155,0.6932866730767842,0.7168561165218534,0.6607261945394498
1991,-0.266395774,-0.265714412,-0.263831848,-0.263150486,-0.26477313,0.8743642758931287,0.8750465224307504,0.876931529,0.8776137751881947,0.8759890255406617,-0.086453349,-0.085772013,-0.083889522,-0.083208186,-0.084830768,0.642550271,0.6432327106457478,0.6451182492817225,0.6458006885184773,0.6441754799637351,-0.141158178,-0.140476899,-0.138594566,-0.137913288,-0.139535733,0.5879628276863968,0.6115519959119524,0.676727451,0.7003166195963786,0.6441397236413877
1992,-0.259512317,-0.258824932,-0.256925728,-0.256238343,-0.25787533,0.8921577404914842,0.8928460163841692,0.8947476813500543,0.8954359572427393,0.8937968488671117,-0.094562655,-0.093875305,-0.091976198,-0.091288848,-0.092925752,0.6384433579183906,0.6391318002406479,0.6410339250414836,0.6417223673637409,0.6400828626410657,-0.289294995,-0.288608133,-0.286710372,-0.28602351,-0.287659253,0.4697641220557216,0.49342967800862425,0.5588161881715905,0.5824817441244932,0.5261229330901074
1993,-0.256033419,-0.255353246,-0.253473967,-0.252793794,-0.254413607,0.9297220126579191,0.9304030652373854,0.9322847726226087,0.9329658252020749,0.931343919,-0.093675643,-0.092995515,-0.091116364,-0.090436236,-0.09205594,0.6602997162626707,0.6609809048098896,0.6628629878657648,0.6635441764129837,0.6619219463378272,-0.330918905,-0.330239193,-0.328361189,-0.327681476,-0.329300191,0.45562400884057297,0.4791820487582754,0.5442714985714474,0.5678295384891499,0.5117267736648614
1994,-0.261952488,-0.261274176,-0.25940004,-0.258721728,-0.260337108,0.9563680026656698,0.9570471954401683,0.9589237642957187,0.9596029570702171,0.9579854798679435,-0.093831819,-0.093153561,-0.091279575,-0.090601318,-0.092216568,0.679764341,0.6804436550263517,0.6823205575833526,0.6829998711355074,0.6813821063048522,-0.302369908,-0.30169181,-0.299818267,-0.29914017,-0.300755039,0.5002827243973798,0.5238265046915558,0.5888765560210913,0.6124203363152674,0.5563515303563236
1995,-0.242776681,-0.242095456,-0.240213275,-0.239532051,-0.241154366,0.9547207334234145,0.9554028420861869,0.9572874673659726,0.957969576,0.9563451547260797,-0.08528574,-0.084604579,-0.082722573,-0.082041412,-0.083663576,0.7011576955601981,0.7018399211318069,0.7037248694237519,0.7044070949953607,0.7027823952777794,-0.275603799,-0.274922621,-0.273040566,-0.272359387,-0.273981593,0.5726799211130356,0.596273099,0.6614596333628242,0.6850528113694736,0.6288663662412546
1996,-0.229636103,-0.228954098,-0.227069759,-0.226387753,-0.228011928,0.950590627,0.9512735281648474,0.9531603421668251,0.9538432430010175,0.9522169351658363,-0.076230352,-0.075548416,-0.073664269,-0.072982333,-0.074606342,0.704640178,0.7053231905681514,0.7072103120998463,0.7078933242393077,0.7062667513339989,-0.25062931,-0.249947248,-0.248062751,-0.247380689,-0.249004999,0.616839177,0.6404419611563412,0.705655035,0.7292578190177892,0.6730484982418261
1997,-0.22807083,-0.227388935,-0.225504901,-0.224823006,-0.226446918,0.9649355347493156,0.9656183490150738,0.9675049238335873,0.9681877380993456,0.9665616364243306,-0.075978048,-0.075296216,-0.073412356,-0.072730524,-0.074354286,0.7244032465618488,0.7250861814897007,0.7269730896904321,0.7276560246182839,0.7260296355900664,-0.214671588,-0.213989563,-0.212105168,-0.211423142,-0.213047365,0.6761345351013119,0.6997287028137293,0.7649179715546666,0.788512139,0.732323337
1998,-0.218489595,-0.217805433,-0.215915134,-0.215230972,-0.216860283,0.9792612393797526,0.9799463478980215,0.9818392615984521,0.98252437,0.9808928047482368,-0.068007964,-0.067323854,-0.065433699,-0.064749589,-0.066378777,0.7647877461054122,0.7654729976880503,0.7673663066669292,0.7680515582495673,0.7664196521774898,-0.174149491,-0.173465155,-0.171574375,-0.170890039,-0.172519765,0.7530047857989643,0.7766359985342888,0.8419276204492689,0.8655588331845934,0.8092818094917789
1999,-0.214888239,-0.214209561,-0.212334414,-0.211655736,-0.213271987,0.9953690443412029,0.996048665,0.9979264163642938,0.9986060371001599,0.9969875407206814,-0.063281539,-0.062602907,-0.060727888,-0.060049256,-0.061665398,0.7770282441210838,0.7777080347750598,0.7795862555359463,0.7802660461899222,0.778647145,-0.1365868,-0.135907936,-0.134032273,-0.133353409,-0.134970104,0.7735798892212529,0.7971200303071555,0.8621600267227905,0.8857001678086931,0.829640029
2000,-0.225161341,-0.224480507,-0.222599404,-0.22191857,-0.223539955,1.0155236057321986,1.0162053856417401,1.0180891025962069,1.0187708825057484,1.0171472441189735,-0.074536301,-0.073855511,-0.071974528,-0.071293737,-0.072915019,0.7905596400922832,0.7912416208740183,0.7931258928262537,0.7938078736079888,0.792183757,-0.103269073,-0.102588052,-0.100706431,-0.10002541,-0.101647241,0.7876008977538049,0.8111795171781182,0.8763258269326002,0.8999044463569135,0.8437526720553592
2001,-0.242645598,-0.241967051,-0.240092266,-0.239413719,-0.241029658,1.0345810153125967,1.0352604915397023,1.0371378435577299,1.0378173197848355,1.036199167548716,-0.093250925,-0.092572423,-0.09069776,-0.090019257,-0.091635091,0.8161591791848082,0.8168388728858531,0.8187168257714461,0.819396519,0.8177778493286496,-0.081294013,-0.080615297,-0.078740045,-0.07806133,-0.079677671,0.8150866177451803,0.8385809392971737,0.9034943390918784,0.9269886606438718,0.871037639
2002,-0.237536802,-0.236860678,-0.23499259,-0.234316466,-0.235926634,1.0465742519779724,1.0472512996670957,1.0491219417806406,1.049798989469764,1.0481866207238681,-0.085980325,-0.085304243,-0.083436268,-0.082760186,-0.084370255,0.8399681338474352,0.8406454113164159,0.8425166882979624,0.8431939657669432,0.8415810498071892,-0.048004463,-0.04732818,-0.045459653,-0.04478337,-0.046393917,0.8366384018695499,0.8600576559697402,0.9247636489022852,0.9481829030024755,0.8924106524360127
2003,-0.229309877,-0.228631508,-0.226757213,-0.226078844,-0.227694361,1.068682281513702,1.0693615926514894,1.0712384885378015,1.0719177996755889,1.0703000405946455,-0.066934535,-0.066256216,-0.064382061,-0.063703741,-0.065319138,0.8591861443472908,0.8598656715441848,0.861743164,0.862422692,0.8608044179664489,-0.028427586,-0.027749088,-0.025874439,-0.025195941,-0.026811764,0.8541864378103128,0.8776178679096915,0.9423575023968738,0.9657889324962525,0.9099876851532827
2004,-0.227222026,-0.226542095,-0.224663487,-0.223983556,-0.225602791,1.0835026992239705,1.0841835870525074,1.086064839240521,1.086745727069058,1.0851242131465142,-0.046496765,-0.045816895,-0.043938456,-0.043258587,-0.044877676,0.866286211,0.8669673066115138,0.8688491323262042,0.869530228,0.867908219,-0.01783787,-0.017157834,-0.015278937,-0.014598901,-0.016218386,0.8547479353192102,0.878184898,0.94293982,0.9663767827470338,0.910562359
2005,-0.231155197,-0.230476381,-0.228600852,-0.227922036,-0.229538617,1.0892119371584954,1.089891722538482,1.0917699287274445,1.0924497141074312,1.0908308256329633,-0.038866563,-0.03818782,-0.036312493,-0.03563375,-0.037250157,0.8862340075986026,0.8869139895583089,0.8887927388854564,0.8894727208451627,0.8878533642218827,-0.031753697,-0.031074805,-0.029199068,-0.028520176,-0.030136936,0.8746976040439449,0.8980995484063214,0.9627577155723657,0.9861596599347422,0.9304286319893436
2006,-0.238395947,-0.237717486,-0.235842941,-0.235164481,-0.236780214,1.0846836315609494,1.0853630755916015,1.087240338652748,1.0879197826834002,1.0863017071221748,-0.033032037,-0.032353658,-0.030479336,-0.029800957,-0.031416497,0.9011985688903223,0.9018781995045515,0.9037559780851439,0.904435609,0.9028170887948477,-0.04095851,-0.040279992,-0.03840529,-0.037726773,-0.039342641,0.8889255638604823,0.9123111309152705,0.9769240485639443,1.0003096156187326,0.9446175897396074
2007,-0.232387073,-0.23171296,-0.229850425,-0.229176312,-0.230781693,1.080669584,1.0813446885970848,1.0832099610777846,1.0838850653179293,1.0822773248374347,-0.030122017,-0.029447992,-0.027585703,-0.026911678,-0.028516847,0.914479001,0.9151542919341864,0.9170200805652939,0.9176953716174694,0.9160871862497402,-0.03452112,-0.033846968,-0.031984329,-0.031310178,-0.032915649,0.8954802032531006,0.9187962129041125,0.9832169476226227,1.0065329572736346,0.9510065802633676
2008,-0.249318026,-0.248639399,-0.246764393,-0.246085766,-0.247701896,1.0824898097223468,1.083169451319634,1.0850472602456307,1.0857269018429179,1.0841083557826323,-0.040806502,-0.040127969,-0.038253222,-0.037574689,-0.039190595,0.919612344,0.9202921895889631,0.9221705608185857,0.9228504059322518,0.9212313752037744,-0.032290626,-0.03161197,-0.029736885,-0.029058229,-0.030674428,0.8880264590367233,0.9114179734717709,0.976047323,0.9994388378099757,0.9437326484233495
2009,-0.259123175,-0.258444091,-0.256567824,-0.255888741,-0.257505958,1.0994044547516069,1.100084556655247,1.1019636373802086,1.1026437392838488,1.1010240970177279,-0.047182876,-0.046503891,-0.044627898,-0.043948914,-0.045565895,0.9424640359373484,0.9431443596072882,0.9450240530590577,0.9457043767289974,0.9440842063331729,-0.030047224,-0.029368134,-0.027491851,-0.026812762,-0.028429993,0.9052376878622113,0.9286310225597276,0.9932654017389382,1.0166587364364545,0.9609482121493329
2010,-0.252473133,-0.251792662,-0.249912562,-0.249232091,-0.250852612,1.1206698052420734,1.1213513031877937,1.123234241093087,1.1239157390388073,1.1222927721404403,-0.042617351,-0.041936978,-0.040057148,-0.039376774,-0.040997063,0.9681173491607638,0.9687990948271477,0.9706827171698365,0.9713644628362204,0.969740906,-0.016122585,-0.015442108,-0.013561992,-0.012881515,-0.01450205,0.9251220164516667,0.9485326026019152,1.0132146465091978,1.0366252326594463,0.9808736245555565
2011,-0.24772837,-0.247048341,-0.245169464,-0.244489435,-0.246108902,1.138044323937379,1.138725384928307,1.1406071155538484,1.1412881765447764,1.1396662502410777,-0.041068922,-0.040388985,-0.038510359,-0.037830422,-0.039449672,0.9799884869017887,0.9806698204559439,0.9825523041571955,0.9832336377113506,0.9816110623065697,0.003009691,0.00368972,0.005568602,0.006248632,0.004629161,0.9248271762101012,0.948230257,1.0128915644151562,1.0362946453028599,0.9805609107564806
2012,-0.265849584,-0.26517455,-0.263309473,-0.262634439,-0.264242012,1.1592207601176483,1.159896831086769,1.161764774581627,1.1624408455507478,1.160830802834198,-0.04927967,-0.04860472,-0.046739873,-0.046064923,-0.047672296,0.9997352340638486,1.0004115987239288,1.0022803536692777,1.002956718329358,1.0013459761966033,0.012939745048413442,0.013614789490191015,0.015479897,0.016154941193406103,0.014547343120909773,0.9395825871533248,0.9629187751208406,1.0273952613163715,1.0507314492838873,0.995157018
2013,-0.276502971,-0.275826923,-0.273959042,-0.273282994,-0.274892982,1.1652697065632083,1.1659468014637469,1.1678175740196366,1.1684946689201752,1.1668821877416917,-0.052002829,-0.051326865,-0.049459218,-0.048783254,-0.050393041,1.0212831655392733,1.0219605700287389,1.023832197960303,1.0245096024497684,1.0228963839945209,0.025003871813282785,0.025679932523701154,0.027547847674497916,0.028223908384916285,0.026613890099099535,0.9556748783058424,0.9790435364291739,1.0436097357155063,1.0669783938388377,1.011326636
2014,-0.286039779,-0.285360508,-0.283483725,-0.282804455,-0.284422117,1.1900336681034105,1.1907139997715603,1.192593715321891,1.193274046990041,1.1916538575467257,-0.062530883,-0.061851697,-0.059975149,-0.059295964,-0.060913423,1.047311125,1.047991779,1.0498723850896567,1.0505530390831268,1.0489320820316834,0.042572089202224106,0.043251368187327444,0.045128175,0.045807454,0.044189772,0.9797367155684356,1.0031570376863215,1.0678659814876141,1.091286304,1.0355115095869678
2015,-0.293095335,-0.292419024,-0.290550418,-0.289874107,-0.291484721,1.186856608921346,1.1875339850977866,1.1894055348022334,1.1900829109786741,1.18846976,-0.070960426,-0.070284206,-0.06841585,-0.06773963,-0.069350028,1.089735420526722,1.0904131271568644,1.0922855898849662,1.0929632965151086,1.0913493585209153,0.020182190869491023,0.020858494687786333,0.022727081530888427,0.023403385349183736,0.021792788,1.0284523113712112,1.0518264497886776,1.1164077907986893,1.1397819292161557,1.0841171202936835
2016,-0.274275281,-0.273600214,-0.271735041,-0.271059973,-0.272667627,1.2137170737572092,1.2143932154470463,1.2162613543389966,1.2169374960288337,1.2153272848930214,-0.049999204,-0.049324239,-0.047459353,-0.046784389,-0.048391796,1.1359007673704014,1.1365772161980203,1.1384462036930927,1.1391226525207117,1.1375117099455565,0.038105296,0.038780334,0.040645421,0.041320458,0.039712877305817074,1.0861427138945032,1.1094921722021809,1.174005323550773,1.1973547818584507,1.141748747876477
2017,-0.258651186,-0.257972094,-0.256095802,-0.255416709,-0.257033948,1.237743170034264,1.2384233574379664,1.240302674394286,1.2409828617979883,1.2393630159161262,-0.032267755,-0.031588775,-0.029712792,-0.029033812,-0.030650784,1.1630115976692537,1.1636920679820264,1.1655721665992473,1.166252637,1.1646321172906369,0.053941709415767036,0.054620755676239696,0.05649692,0.057175966,0.055558837699322794,1.1199001504371608,1.1433015771040687,1.2079583139088186,1.2313597405757264,1.1756299455064436
2018,-0.239709488,-0.239033779,-0.237166837,-0.236491129,-0.238100308,1.269264077811215,1.2699408942700074,1.2718108975080895,1.272487713966882,1.2708758958890485,-0.009926287,-0.009250697,-0.00738408,-0.006708489,-0.008317388,1.176121456337171,1.1767985369460803,1.178669270015007,1.1793463506239164,1.1777339034805436,0.076848903,0.077524548,0.079391312,0.080066956,0.07845793,1.132256011402319,1.1556015420315475,1.2201038414403342,1.2434493720695627,1.1878526917359409
2019,-0.250997827,-0.25032066,-0.248449687,-0.24777252,-0.249385173,1.2689469960174051,1.2696253042160492,1.2714994290417394,1.2721777372403835,1.2705623666288943,-0.022499194,-0.021822145,-0.019951499,-0.01927445,-0.020886822,1.2056806012250263,1.2063591695398372,1.2082340130507419,1.2089125813655528,1.2072965912952895,0.052696878,0.05337396,0.055244697672833354,0.055921779965444784,0.054309329,1.1667569205889663,1.1901336674245613,1.2547222153372104,1.2780989621728054,1.2224279413808858
2020,-0.245676836,-0.24499903,-0.243126292,-0.242448485,-0.244062661,1.281759828142583,1.2824387848226024,1.284314701363428,1.2849936580434473,1.2833767430930152,-0.018634631,-0.017956951,-0.01608456,-0.015406879,-0.017020755,1.2313156217486494,1.2319948034153185,1.2338713415806524,1.2345505232473215,1.2329330724979854,0.04837885,0.049056541443519563,0.050928963139313055,0.051606655,0.049992752,1.1912282270939158,1.2146208580006146,1.2792532926482068,1.3026459235549055,1.2469370753244107
2021,-0.278233537,-0.277555194,-0.275680973,-0.27500263,-0.276618084,1.256754141973488,1.2574336620080544,1.2593111350636832,1.2599906550982496,1.2583723985358688,-0.056808715,-0.05613049,-0.054256596,-0.053578372,-0.055193543,1.2421998139413404,1.2428795547579057,1.2447576378209533,1.2454373786375186,1.2438185962894295,-0.004088832,-0.003410588,-0.001536642,-0.000858399,-0.002473615,1.1957309224324604,1.2191427602543854,1.2838282624553585,1.3072401002772835,1.251485511354872
2022,-0.268719387,-0.268040814,-0.266165958,-0.265487386,-0.267103386,1.2788332942408829,1.279513060800582,1.281391214990208,1.2820709815499072,1.280452137895395,-0.043850667,-0.043172204,-0.041297651,-0.040619188,-0.042234927,1.2643988877864558,1.2650789021372475,1.2669577409587873,1.267637755309579,1.2660183215480174,0.009171699,0.009850169,0.011724741113823711,0.012403211232083322,0.010787455013883118,1.2063021884005707,1.2297236419354363,1.2944357117739287,1.3178571653087943,1.2620796768546825
2023,-0.268070598,-0.267390799,-0.265512557,-0.264832759,-0.266451678,1.2929605136094438,1.293641543238266,1.2955231872120407,1.296204216840863,1.2945823652251534,-0.040703557,-0.040023861,-0.038145903,-0.037466207,-0.039084882,1.3168682354387897,1.3175495304453761,1.3194319076420697,1.3201132026486562,1.318490719043723,0.019659652908444514,0.020339390090327925,0.022217463110848712,0.022897200292732123,0.021278426600588318,1.2713051416561143,1.2947992272157762,1.3597119749776994,1.3832060605373613,1.3272556010967378