method_name,method_class,c/r,smooth_r,avg_unc.(1se),#q<0.5,#q<0.1,q_min,q_small5,log-likeli,RMS,bias,tlog-l,100log-l,100RMS,75RMS,100bias,l15,l20,bias50,Edyrs15,Edyrs20,Mdyrs15,Mdyrs20,Fdyrs15,Fdyrs20,EdyrsA,RMSyrsA,ncEdyrs,e100log-l,e100RMS,e75RMS,e100bias,el15,el20,ebias50,eEdyrs15,eEdyrs20,eMdyrs15,eMdyrs20,eFdyrs15,eFdyrs20,eEdyrsA,eRMSyrsA,nceEdyrs
lag10y,42/1_Run_Means,c,2.9954259405966623,0.03155432784295123,159,77,1.4648640680922184e-11,7.615343374598496e-05,0.10688912630649987,0.06582411215326904,-0.04093384784200917,24.58449905049497,-127.1231423069398,0.07778769825081866,0.07315391341447804,-0.0726645480380969,0.4149937059588144,0.0750014977115471,-0.05565937042236328,5.5833333334701365,4.8333333334962845,5.5833333334701365,4.8333333334962845,5.5833333334701365,4.8333333334962845,4.070512820675049,4.2472338913443375,13.0,-86.06649677527452,0.06528116998702733,0.0683878799078478,-0.058270289388913994,0.8901549269291147,0.06003806892205234,-0.06723793506620197,3.5833333334737745,5.08333333349583,3.5833333334737745,5.08333333349583,3.5833333334737745,5.08333333349583,3.455128205285239,3.455128205285239,13.0
lag5y,42/1_Run_Means,c,6.031121017406832,0.037679001243608394,105,35,1.7454099077486806e-08,1.7101177278953112e-05,0.6861493005444532,0.0611957192942843,-0.017998401807702107,157.81433912522425,45.37577425028376,0.05507171712472944,0.04051583369986616,-0.026353060261587083,3.4302422434260915,2.599326108585252,-0.021547660827636744,3.9166666668049857,2.416666666832043,3.9166666668049857,2.416666666832043,3.9166666668049857,2.416666666832043,1.756410256573837,2.1820827306272306,16.0,57.54562069803606,0.05185512110797633,0.040490642562605206,-0.011958801612404188,16.525613235868725,2.444840736946045,-0.03312622547147543,1.9166666668086236,2.6666666668315884,1.9166666668086236,2.6666666668315884,1.9166666668086236,2.6666666668315884,1.141025641184412,1.141025641184412,16.0
raw1y,42/1_Run_Means,c,32.49711793687155,0.1048489487899762,4,0,0.1699577101001943,0.8522393195444936,0.9191729502799166,0.09417875159574347,0.000335895704186485,211.40977856438082,87.38969387379343,0.09022736747674526,0.06893742628099193,0.007092216577422758,3.099574641325008,1.7163955998514737,0.006778602600097649,-2.6666666665222842,-0.7916666664984859,-7.916666666517585,-2.7499999998299245,-7.916666666517585,-2.7499999998299245,-0.1789529912873505,1.7582896610349523,40.3,84.14902229132784,0.09389118235454165,0.07068385633102235,0.021486475226605656,4.140128414136158,1.678243679857568,-0.004799962043741035,-4.666666666518647,-0.5416666664989407,-9.916666666513947,-2.4999999998303792,-9.916666666513947,-2.4999999998303792,-0.7943376066762511,0.7943376066762511,40.3
raw1y,42/1_Run_Means,r,32.49711793687155,0.1048489487899762,4,0,0.1699577101001943,0.8522393195444936,0.9191729502799166,0.09417875159574347,0.000335895704186485,211.40977856438082,87.38969387379343,0.09022736747674526,0.06893742628099193,0.007092216577422758,3.099574641325008,1.7163955998514737,0.006778602600097649,0.0,0.0,0.0,0.0,0.0,0.0,0.0,0.0,0.0,84.14902229132784,0.09389118235454165,0.07068385633102235,0.021486475226605656,4.140128414136158,1.678243679857568,-0.004799962043741035,0.0,0.0,0.0,0.0,0.0,0.0,0.0,0.0,0.0
cent10y,42/1_Run_Means,r,2.0519884328279163,0.03163812016468123,0,0,0.6047727810785142,0.6047727810785142,2.03159842384226,0.03294396322354289,1.4107745626705224e-05,467.2676374837198,197.02855534875076,0.027438478503808688,0.01843014306899729,0.00424782399381146,13.190284624513655,10.361197552891959,0.002648544311523443,0.0,0.0,0.0,0.0,0.0,0.0,0.0,0.0,0.0,161.4088993274545,0.03888964082758791,0.028716063335269708,0.018642082642994356,7.507296116369898,10.214862812246313,-0.008930020332315242,0.0,0.0,0.0,0.0,0.0,0.0,0.0,0.0,0.0
cent20y,42/1_Run_Means,r,1.0,0.02748906836270533,0,0,1.0,1.0,2.702729669348534,0.0,0.0,621.6278239501628,237.89192661508196,0.0,0.0,0.0,13.392217022332689,15.47162121165185,0.0,0.0,0.0,0.0,0.0,0.0,0.0,0.0,0.0,0.0,194.38426800801238,0.02972016531354438,0.02279561838717878,0.014394258649182897,4.7949538289034095,15.441049087226974,-0.011578564643838685,0.0,0.0,0.0,0.0,0.0,0.0,0.0,0.0,0.0
cent21y,42/1_Run_Means,r,1.5305572580054752,0.027290729513533254,0,0,0.999921560241809,0.999921560241809,2.7033945312387844,0.0033065356978792576,5.528704720258049e-06,621.7807421849204,236.94656899926053,0.0030172102903408752,0.002481910171399518,-0.00042116543773407483,12.951470855219611,15.752917607750575,-0.00043295542399088836,0.0,0.0,0.0,0.0,0.0,0.0,0.0,0.0,0.0,194.568260611068,0.029576658336427187,0.022884534333005437,0.013973093211448823,3.413880183018486,15.684147987616017,-0.012011520067829573,0.0,0.0,0.0,0.0,0.0,0.0,0.0,0.0,0.0
cent30y,42/1_Run_Means,r,0.678029602530672,0.026957542874914996,0,0,0.989322290059742,0.989322290059742,2.3961637863658676,0.021020256398627212,0.0008183993715228503,527.1560330004909,204.45393256121105,0.016482631412872956,0.009901186709368412,-0.0037576069907536503,9.2698610303975,13.196544732161643,-0.004329448881603419,0.0,0.0,0.0,0.0,0.0,0.0,0.0,0.0,0.0,176.99684499892766,0.030483458284102347,0.02349814568609141,0.011547824314683602,8.658841890599096,12.694415934092165,-0.017431602478006163,0.0,0.0,0.0,0.0,0.0,0.0,0.0,0.0,0.0
OLS_refit,42/2_LT_Fits,c,0.8734839518836129,0.02880918769296577,133,129,2.862691361334409e-24,4.833894979970251e-24,-24.21140432858206,0.2237897785581062,-0.17703299549200754,-3389.5966060014885,-3046.6145265297037,0.27055551771949765,0.27456751633542376,-0.2645984733700337,3.897239067013357e-23,6.314786900124741e-16,-0.23248889055481473,16.833333333460132,16.16666666681931,16.833333333460132,16.16666666681931,16.833333333460132,16.16666666681931,15.179487179642715,15.290911216030878,13.0,-2619.0401883394597,0.2553185604651309,0.26820690732252345,-0.2502042147208508,4.2388803683346e-18,4.1814867245019117e-16,-0.2440674551986534,14.83333333346377,16.416666666818855,14.83333333346377,16.416666666818855,14.83333333346377,16.416666666818855,14.56410256425133,14.56410256425133,13.0
OLS_refit,42/2_LT_Fits,r,7.795439094910008e-13,0.020989365303796158,185,181,2.9078019734329533e-103,2.3191219605831877e-97,-50.564211228506785,0.19706010085713194,0.001169347921305545,-9556.635922187783,-1702.057804815492,0.12646591017817624,0.11769175980111067,-0.03504531614968658,16.22962352041105,1.2712020612967963e-09,-0.13854273955100113,0.0,0.0,0.0,0.0,0.0,0.0,0.0,0.0,0.0,-2451.6739197094257,0.14442448412963257,0.12497460341836443,-0.020651057500503684,17.764978877521898,7.621301841925518e-10,-0.1501213041948398,0.0,0.0,0.0,0.0,0.0,0.0,0.0,0.0,0.0
OLS_AR5all,42/2_LT_Fits,r,1.6049433430697076e-13,0.04020141828355901,181,164,3.975319887037956e-63,1.6873127193360506e-62,-42.15072809945603,0.44962500947732453,-0.2715150919919288,-7966.48761079719,-7802.344685349999,0.6471198328905264,0.7467500247644975,-0.5917099988517941,1.0450892457924074e-30,3.296294723452329e-58,-0.8343577412196564,0.0,0.0,0.0,0.0,0.0,0.0,0.0,0.0,0.0,-7596.591628242176,0.6434667778475798,0.7470384561010563,-0.5773157402026112,3.014283889932956e-28,1.8903595201857158e-58,-0.8459363058634951,0.0,0.0,0.0,0.0,0.0,0.0,0.0,0.0,0.0
quartic,42/2_LT_Fits,c,3.4104669262554945,0.044558890024309177,118,63,0.0005876651667251296,0.0028501785018198397,-0.13201585304823088,0.0896107146313327,0.018179754472608303,-18.482219426752323,-18.603573699773168,0.08242490708046084,0.08865068053693176,0.07672401555695642,1.096568841424933,0.8620897075210097,0.07800098758173749,-3.6666666665212233,-7.583333333158862,-3.6666666665212233,-7.583333333158862,-3.6666666665212233,-7.583333333158862,-4.903846153679681,5.103260646790679,13.0,-71.85503459774236,0.09786458677335486,0.09646476123243664,0.09111827420613931,0.1740486746799963,0.947255375657288,0.0664224229378988,-5.666666666517585,-7.333333333159317,-5.666666666517585,-7.333333333159317,-5.666666666517585,-7.333333333159317,-5.519230769066867,5.519230769066867,13.0
quartic,42/2_LT_Fits,r,0.053265217564900366,0.016199968217849837,209,142,5.001248758240535e-12,5.001248758240535e-12,-3.3882714339450737,0.061751600635497346,0.0008651048636790009,-779.3024298073669,141.95518658065782,0.02314137366511519,0.02475339738684035,-0.00824696667355922,0.07281077148406646,9.994330546780672,0.001496521111376259,0.0,0.0,0.0,0.0,0.0,0.0,0.0,0.0,0.0,136.76526427998238,0.025841554557019863,0.014962547838910616,0.006147291975623677,35.40666765890153,8.07982564707128,-0.010082043532462425,0.0,0.0,0.0,0.0,0.0,0.0,0.0,0.0,0.0
Bayes_seq_CP,42/2_LT_Fits,c,3.539580762210813,0.03007121393034826,129,94,3.006015751963991e-46,7.256742812384851e-41,-11.394417895423942,0.14546988959983212,-0.06947650731035934,-2176.333818025973,25.392955625174615,0.04655115180744749,0.05340214586755471,0.022288413959233953,10.023256243372057,7.572961029561737,0.060311121029573866,1.1666666668077141,-1.916666666497349,1.1666666668077141,-1.916666666497349,1.1666666668077141,-1.916666666497349,-1.371794871631944,2.9636328479578142,13.0,84.36047689976812,0.04268214866266624,0.044493034017529,0.03668267260841685,12.446520517203991,8.330815117725649,0.04873255638573518,-0.8333333331886479,-1.6666666664978038,-0.8333333331886479,-1.6666666664978038,-0.8333333331886479,-1.6666666664978038,-1.9871794870194104,1.9871794870194104,13.0
Bayes_seq_CP,42/2_LT_Fits,r,0.6301905330567626,0.01762448,187,124,1.9512638320726232e-47,4.380235976618591e-44,-17.887552876618567,0.12332660084178382,-0.0818425766784976,-4114.1371616222705,214.56901380595605,0.019460009288947228,0.019958265505883373,-0.0019651815463840117,6.018556373711455,11.28858482587501,0.005391121029573892,0.0,0.0,0.0,0.0,0.0,0.0,0.0,0.0,0.0,77.84537641888647,0.026530002177754836,0.018655553551809374,0.012429077102798886,14.097045589652412,12.344610566692348,-0.006187443614264793,0.0,0.0,0.0,0.0,0.0,0.0,0.0,0.0,0.0
OLS_AR5split,42/2_LT_Fits,r,0.8521489943838881,0.04321991822518303,176,107,1.2364341820711772e-33,3.7334970255190306e-33,-21.752898315930242,0.33680439810824364,-0.2057456877646421,-4111.297781710816,-4216.49053323232,0.48522975361898396,0.5579464071317637,-0.44887600665754457,2.0796408089397874e-18,7.173517414067948e-33,-0.615573749025407,0.0,0.0,0.0,0.0,0.0,0.0,0.0,0.0,0.0,-4059.276691567018,0.48096456449943814,0.5578236035510071,-0.43448174800836176,3.856730623065982e-16,4.747756848963559e-33,-0.6271523136692456,0.0,0.0,0.0,0.0,0.0,0.0,0.0,0.0,0.0
butterworth,42/2_LT_Fits,c,16.225386038288146,0.12861303502268745,0,0,0.9951809850621552,0.9951809850621552,0.9889388169629149,0.0638521551588117,-0.026555243336662808,139.440373191771,88.06196437970992,0.05007047542698926,0.041503327168235515,-0.018470570596331656,2.7547666116070895,3.247541647398624,-0.012762918285518015,2.41666666680635,2.000000000165528,2.41666666680635,2.000000000165528,2.41666666680635,2.000000000165528,0.9551282052920425,1.4720508690170095,18.0,88.0687016052578,0.04886419548065241,0.04215482713098631,-0.00407631194714876,2.9992113417742496,3.206284609827555,-0.0243414829293567,0.4166666668099879,2.2500000001650733,0.4166666668099879,2.2500000001650733,0.4166666668099879,2.2500000001650733,0.3397435899028621,0.3397435899028621,18.0
butterworth,42/2_LT_Fits,r,0.11504778082451284,0.02369263907025084,15,0,0.10051183068005447,0.14489654653798237,2.5387857548536275,0.016355074952242036,4.700855756709631e-06,583.9207236163343,252.4008578209588,0.012097717331360634,0.007138792397411556,0.0012711243802484163,22.652474481194062,19.21500761606762,0.004616321439668258,0.0,0.0,0.0,0.0,0.0,0.0,0.0,0.0,0.0,135.37895833420657,0.027469019207301663,0.021897929511377336,0.015665383029431313,0.9038646801278111,18.818368572878146,-0.006962243204170426,0.0,0.0,0.0,0.0,0.0,0.0,0.0,0.0,0.0
TheilSen_h7075,42/2_LT_Fits,c,2.9757388418477095,0.028695146278732805,119,64,6.48332562026486e-22,8.872079341738385e-16,-1.4836670203743316,0.07581527678427097,-0.02256728231820087,-229.9683881580214,-322.32309509134035,0.08597069551243258,0.07619906902108187,-0.023645862145678858,1.445963978588815,9.531181307805662,0.04164625968065226,2.0000000001402896,1.3333333334994677,2.0000000001402896,1.3333333334994677,2.0000000001402896,1.3333333334994677,1.5961538463154563,3.1780329077456986,13.0,-189.11601284449094,0.06822843811205975,0.0688534963897948,-0.009251603496495958,14.692442203601576,8.75369926888758,0.03006769503681358,1.439275365555659e-10,1.583333333499013,1.439275365555659e-10,1.583333333499013,1.439275365555659e-10,1.583333333499013,0.9807692309270106,0.9807692309270106,13.0
TheilSen_h7075,42/2_LT_Fits,r,0.22752018331866553,0.0191022384606779,134,84,4.903560848541404e-11,4.036040605471232e-10,-1.905341597676025,0.05628219476704761,0.01468698285752869,-295.3279476397839,-127.74944268555033,0.04855387533666116,0.04739848148681914,0.001956862546086015,3.0439693370818692,0.05668267173064379,-0.0023217391967762847,0.0,0.0,0.0,0.0,0.0,0.0,0.0,0.0,0.0,-386.8954228355587,0.060755192237026225,0.04546060020204948,0.016351121195268915,26.35135910792379,0.03946588301588233,-0.01390030384061497,0.0,0.0,0.0,0.0,0.0,0.0,0.0,0.0,0.0
hinge75meet,42/2_LT_Fits,c,2.9523161312565205,0.05890309733480676,36,15,0.00038626501164568605,0.0019647897020216762,1.0804601840762948,0.057973098411967794,0.014247000191057636,167.4713285318257,71.67407228013549,0.05989334107000041,0.06934636864474272,0.020788999090540012,5.676032478982563,9.000370771527301,0.06960054441775804,1.9166666668068046,-0.9999999998317435,1.9166666668068046,-0.9999999998317435,1.9166666668068046,-0.9999999998317435,-0.730769230606746,2.8316359922736583,13.0,93.04575661046394,0.053994810672264304,0.060557108053211545,0.03518325773972291,7.295616653857277,9.104717636230315,0.058021979773919354,-0.08333333318955738,-0.7499999998321982,-0.08333333318955738,-0.7499999998321982,-0.08333333318955738,-0.7499999998321982,-1.3461538459943871,1.3461538459943871,13.0
hinge75meet,42/2_LT_Fits,r,0.03180480423566282,0.020371152263459265,115,83,0.0,0.0,-343.54841388786775,0.055884594247880864,-0.02664962733352684,-53250.004152619505,-201.66615593256782,0.06681409097043399,0.07515721324547393,-0.04148983702402437,0.00016938010945240366,0.1082149739418737,-0.018323870451764333,0.0,0.0,0.0,0.0,0.0,0.0,0.0,0.0,0.0,14.893088068010218,0.057233705607984714,0.0670632024380378,-0.027095578374841476,0.5247400790373881,0.08909632414927803,-0.02990243509560302,0.0,0.0,0.0,0.0,0.0,0.0,0.0,0.0,0.0
OLS_hinge75,42/2_LT_Fits,c,3.325655860327748,0.03140845851335738,80,34,1.3022679873965187e-10,3.439051507396457e-07,0.1695753865517314,0.061651992857891705,-0.006504299043449246,26.284184915518367,-41.24415041103313,0.05747043199653164,0.06217426103927365,0.006209235507600905,3.821446721313467,15.42612115612027,0.05946145703528895,2.583333333472865,-0.7499999998317435,2.583333333472865,-0.7499999998317435,2.583333333472865,-0.7499999998317435,-0.14102564086341282,2.788100477611823,13.0,36.61938964855568,0.04428651776463899,0.05122220904027517,0.020603494156783805,11.812018214037714,15.749181398604415,0.04788289239145026,0.583333333476503,-0.4999999998321982,0.583333333476503,-0.4999999998321982,0.583333333476503,-0.4999999998321982,-0.756410256251124,0.756410256251124,13.0
OLS_hinge75,42/2_LT_Fits,r,0.24837660250897767,0.016701467037147266,111,85,3.35577698843529e-16,2.2667974297045627e-15,-4.46757233395707,0.05174769797744437,-0.007844498393821776,-692.4737117633458,-685.4140601295062,0.0562838261715256,0.06466981147204955,-0.029326185645277687,1.0332417128118167e-06,4.788235856461613e-09,-0.02968728160822288,0.0,0.0,0.0,0.0,0.0,0.0,0.0,0.0,0.0,-639.0046354533777,0.058476593430270625,0.060510351932943254,-0.014931926996094786,1.1161395059934762,1.9920707522485974e-09,-0.04126584625206157,0.0,0.0,0.0,0.0,0.0,0.0,0.0,0.0,0.0
etrend30y_3CS,42/3_ST_Fits,c,3.38529578808643,0.03420508778218358,87,31,0.0024695808071835542,0.005753249261273921,1.110699492867361,0.06344433298519028,-0.02013229052867526,234.3575929950132,107.85780911238305,0.07158245407183157,0.024608251743384192,-0.025008628099978964,8.897117126883158,14.097405472900613,0.019415560896678584,0.9166666668077141,-0.08333333316568314,0.9166666668077141,-0.08333333316568314,0.9166666668077141,-0.08333333316568314,0.166666666830469,1.8225205613514417,13.0,148.65445767344372,0.05372402570914398,0.026990826140783037,-0.010614369450796073,8.589162931845374,14.072541535853846,0.0078369962528399,-1.0833333331886479,0.1666666668338621,-1.0833333331886479,0.1666666668338621,-1.0833333331886479,0.1666666668338621,-0.4487179485584315,0.4487179485584315,13.0
opt_clim_norm,42/3_ST_Fits,c,18.39006661940771,0.044148238773691915,100,60,2.8090908215216366e-45,8.776949714504163e-11,-0.7500022108536614,0.0719008564996514,-0.007776235953669629,-172.50050849634212,40.81972428438247,0.07333595839750459,0.06188955746199059,-0.025308873323019072,3.2964070228207523,1.270621415121594,-0.024968757629394534,0.45833333347491134,3.5833333334976487,3.0833333334724102,3.5833333334976487,-2.1666666665225875,3.5833333334976487,1.477564102728208,2.3304857727278585,28.2,30.167865320857427,0.07111813527652795,0.06576664161629342,-0.010914614673836176,0.6058181716156126,1.2253771001007843,-0.03654732227323322,-1.5416666665214507,3.833333333497194,-4.16666666651895,3.833333333497194,-4.16666666651895,3.833333333497194,0.8621794873392375,0.8621794873392375,28.2
opt_clim_norm,42/3_ST_Fits,r,6.831201943167234,0.02622216870855545,139,90,1.1975965401817146e-14,8.765415905190281e-07,-0.43064400633016375,0.05754825861075992,0.001303922127986303,-99.04812145593766,-73.46474493389509,0.06111354624174318,0.03966154719208123,0.004439816135592243,2.4852249181037265,6.151807490238766,0.006699002583821639,0.0,0.0,0.0,0.0,0.0,0.0,0.0,0.0,0.0,-89.3415150871883,0.06532142790249063,0.04388561662213836,0.01883407478477514,2.5910035339682005,6.2851337201631,-0.004879562060017046,0.0,0.0,0.0,0.0,0.0,0.0,0.0,0.0,0.0
lowess1dg20wnc,42/3_ST_Fits,c,3.4627528044496807,0.1135508394196851,6,5,6.930801303365839e-07,0.056362471071161845,1.0448394077101306,0.045266876428772945,-0.001811418515991327,240.31306377333004,77.80590349029073,0.024423709310236286,0.023027387277921807,0.008830544574336095,2.9703647030604965,2.0024208328795656,0.020256324572325658,0.5000000001416538,0.7500000001668923,0.5000000001416538,0.7500000001668923,0.5000000001416538,0.7500000001668923,-0.44871794855355174,1.382893040772363,13.0,75.71711855250456,0.033946664885234464,0.027414016077867347,0.023224803223518994,2.8597024719449955,2.0020496580117695,0.008677759928486972,-1.4999999998547082,1.0000000001664375,-1.4999999998547082,1.0000000001664375,-1.4999999998547082,1.0000000001664375,-1.0641025639424873,1.0641025639424873,13.0
lowess1dg20wnc,42/3_ST_Fits,r,0.06173347699184947,0.18580798687180902,0,0,0.9992096213878799,0.9992096213878799,0.8238945279320301,0.02731418536848219,0.004041310635756428,189.4957414243669,93.60264410262349,0.017313716976124882,0.016978399529250787,-0.009876635289596111,2.6395796783062084,3.463355559832663,-0.015578243899037225,0.0,0.0,0.0,0.0,0.0,0.0,0.0,0.0,0.0,91.96881999942383,0.03230235476718486,0.026146707819557875,0.004517623359586786,2.674282014889148,3.4523913409541285,-0.02715680854287591,0.0,0.0,0.0,0.0,0.0,0.0,0.0,0.0,0.0
etrend30y,42/3_ST_Fits,c,3.296233693187404,0.03420508778218358,44,16,0.009588748768789868,0.01711469903389644,1.511260600462774,0.04626888476454993,-0.00584938831967945,318.8759866976453,190.39579317632072,0.02704268897446143,0.024608251743384192,0.008551431701741401,8.897117126883158,14.097405472900613,0.019415560896678584,0.9166666668077141,-0.08333333316568314,0.9166666668077141,-0.08333333316568314,0.9166666668077141,-0.08333333316568314,-0.5384615382970949,1.470507790588676,13.0,177.9858064175565,0.036179019237133424,0.026990826140783037,0.022945690350924298,8.589162931845374,14.072541535853846,0.0078369962528399,-1.0833333331886479,0.1666666668338621,-1.0833333331886479,0.1666666668338621,-1.0833333331886479,0.1666666668338621,-1.1538461536859954,1.1538461536859954,13.0
lowess1dt30wnc,42/3_ST_Fits,c,4.813508694064721,0.15475936156350048,6,5,2.2125769100612325e-06,0.0493782780191501,0.8308242463057747,0.05277304211715547,0.0005577685168595865,191.08957665032818,47.36910567515794,0.03688760259534274,0.024951524073112227,0.011200041619888102,2.1013163861964705,1.401424455067404,0.011809273711968082,-1.0833333331904669,1.7500000001659828,-1.0833333331904669,1.7500000001659828,-1.0833333331904669,1.7500000001659828,-0.13141025624592936,1.5735612747521686,14.0,44.807726321016304,0.050729589270126434,0.03412349433216641,0.025594300269071,2.0148017313393822,1.4006518416905205,0.00023070906812939774,-3.083333333186829,2.000000000165528,-3.083333333186829,2.000000000165528,-3.083333333186829,2.000000000165528,-0.7467948716350747,0.7467948716350747,14.0
lowess1dt30wnc,42/3_ST_Fits,r,0.09206150275113895,0.21620693973530716,0,0,0.9999919734680816,0.9999919734680816,0.6646196218469665,0.018087749994880952,0.0007165358750091362,152.8625130248023,71.11636319849876,0.012923725326236197,0.009415958409141877,-0.004948641675052851,2.0784851171775625,2.4178844041921255,-0.006981963571686156,0.0,0.0,0.0,0.0,0.0,0.0,0.0,0.0,0.0,70.24181148539162,0.029172532560196664,0.02260907105433768,0.009445616974130046,2.0770877100098493,2.415772277984817,-0.01856052821552484,0.0,0.0,0.0,0.0,0.0,0.0,0.0,0.0,0.0
etrend15y,42/3_ST_Fits,c,6.010599019113159,0.04380183905401632,74,17,2.385007837159769e-09,0.04711858043224712,1.1672564047169842,0.061617040291253276,-0.0004101283430702217,263.7999474660384,150.05607133042628,0.05009169727961862,0.03143704867874788,0.01213432054841109,6.061312084565445,7.634901653464978,0.01009866714477573,-1.249999999856982,1.7500000001659828,-1.249999999856982,1.7500000001659828,-1.249999999856982,1.7500000001659828,-0.695512820347823,2.0518453753225043,14.0,130.56536976178927,0.06287016523171733,0.03986315347190281,0.026528579197593986,4.873975165790545,7.408225472239433,-0.0014798974990629544,-3.249999999853344,2.000000000165528,-3.249999999853344,2.000000000165528,-3.249999999853344,2.000000000165528,-1.3108974357371432,1.3108974357371432,14.0
etrend15y,42/3_ST_Fits,r,0.9845651620416794,0.0371971393055497,0,0,0.9988212070252543,0.9988212070252543,2.2649212263608383,0.021009698692134524,0.0007361380516640524,500.54759102574525,201.25403888247988,0.016534310873816394,0.010308841507894934,-0.0037501168158004367,9.48103158248545,11.399437174255231,-0.0044073849955920535,0.0,0.0,0.0,0.0,0.0,0.0,0.0,0.0,0.0,177.91311074663798,0.030681919253911956,0.023578095534030563,0.011555314489636816,8.74880262406982,10.980072490909688,-0.017509538591994795,0.0,0.0,0.0,0.0,0.0,0.0,0.0,0.0,0.0
lowess1dt20wARMA,42/3_ST_Fits,c,6.958227412621613,0.14865967982220346,0,0,0.9983793354508496,0.9983793354508496,0.9526369335695792,0.06725855111849843,-0.0007194227543174045,204.81694071745954,50.345599459985344,0.05840408747430785,0.03666075059348606,0.011299499742975542,2.308467174862295,1.5076632322242476,0.008379831055944763,-1.9166666665230423,1.833333333499013,-1.9166666665230423,1.833333333499013,-1.9166666665230423,1.833333333499013,-0.5576923075276017,2.1711615111536244,18.0,46.83807237302892,0.06775480189711401,0.04339221457069122,0.02569375839215844,2.247737398659184,1.506207664361524,-0.0031987335878939207,-3.9166666665194043,2.083333333498558,-3.9166666665194043,2.083333333498558,-3.9166666665194043,2.083333333498558,-1.173076922916887,1.173076922916887,18.0
lowess1dt20wARMA,42/3_ST_Fits,r,0.18004523381200063,0.18807249587446478,0,0,0.9999260880789753,0.9999260880789753,0.7885521324308858,0.007184121756362761,4.5469258499920235e-05,181.36699045910373,77.58285773925508,0.006836961641126113,0.005045107782033182,-0.0005053978919071728,2.2873178871564144,2.493053148105471,-0.0009646717803990845,0.0,0.0,0.0,0.0,0.0,0.0,0.0,0.0,0.0,76.4392471245483,0.028885649647666215,0.022375253427100526,0.013888860757275726,2.2529770618885787,2.4916634346255173,-0.01254323642423777,0.0,0.0,0.0,0.0,0.0,0.0,0.0,0.0,0.0
lowess1dt20wAR,42/3_ST_Fits,c,6.92705837040088,0.12464530651724781,5,0,0.1716537565296106,0.3461566877480838,0.9756040551478986,0.06671272997911681,0.0006301510265335488,224.38893268401668,58.975467278472735,0.05840408747430785,0.03666075059348606,0.011299499742975542,2.610211251828851,1.7015395713737775,0.008379831055944763,-1.9166666665230423,1.833333333499013,-1.9166666665230423,1.833333333499013,-1.9166666665230423,1.833333333499013,-0.5576923075276017,2.1711615111536244,18.0,54.6981152920729,0.06775480189711401,0.04339221457069122,0.02569375839215844,2.5388071560480188,1.699433649453794,-0.0031987335878939207,-3.9166666665194043,2.083333333498558,-3.9166666665194043,2.083333333498558,-3.9166666665194043,2.083333333498558,-1.173076922916887,1.173076922916887,18.0
lowess1dt20wAR,42/3_ST_Fits,r,0.18004523381200063,0.16642696922390338,0,0,0.9999164760553698,0.9999164760553698,0.9106016719008813,0.007184121756362761,4.5469258499920235e-05,209.4383845372027,88.44509673859046,0.006836961641126113,0.005045107782033182,-0.0005053978919071728,2.584077423546224,2.816296788075836,-0.0009646717803990845,0.0,0.0,0.0,0.0,0.0,0.0,0.0,0.0,0.0,86.98469885677578,0.028885649647666215,0.022375253427100526,0.013888860757275726,2.53028159382931,2.8142921700531356,-0.01254323642423777,0.0,0.0,0.0,0.0,0.0,0.0,0.0,0.0,0.0
lowess1dt20wnc,42/3_ST_Fits,c,6.92705837040088,0.20242385689622702,3,0,0.31472786576168915,0.7182908867823223,0.7019327579485221,0.06671272997911681,0.0006301510265335488,161.44453432816007,20.983283991467395,0.05840408747430785,0.03666075059348606,0.011299499742975542,1.5679257827309847,1.0526552579595898,0.008379831055944763,-1.9166666665230423,1.833333333499013,-1.9166666665230423,1.833333333499013,-1.9166666665230423,1.833333333499013,-0.5576923075276017,2.1711615111536244,18.0,19.444115583973897,0.06775480189711401,0.04339221457069122,0.02569375839215844,1.5245812869278375,1.0521656601610745,-0.0031987335878939207,-3.9166666665194043,2.083333333498558,-3.9166666665194043,2.083333333498558,-3.9166666665194043,2.083333333498558,-1.173076922916887,1.173076922916887,18.0
lowess1dt20wnc,42/3_ST_Fits,r,0.18004523381200063,0.26835670236695847,0,0,0.9999481991776389,0.9999481991776389,0.43346918778440374,0.007184121756362761,4.5469258499920235e-05,99.69791319041286,45.98078794945144,0.006836961641126113,0.005045107782033182,-0.0005053978919071728,1.6038529224436908,1.74835063914682,-0.0009646717803990845,0.0,0.0,0.0,0.0,0.0,0.0,0.0,0.0,0.0,45.419064569170445,0.028885649647666215,0.022375253427100526,0.013888860757275726,1.5970178971022728,1.7478718677456782,-0.01254323642423777,0.0,0.0,0.0,0.0,0.0,0.0,0.0,0.0,0.0
lowess1dt10wnc,42/3_ST_Fits,c,12.696138809420834,0.29218446886906024,0,0,0.9967718603163387,0.9967718603163387,0.42068309490445777,0.08489855145087563,0.0003972510569587123,96.75711182802529,-11.658622609115207,0.07944833883661565,0.052654646265454096,0.00832702075402113,1.0627026612038684,0.7278999449652306,0.006669283217067501,0.9166666668079415,0.08333333350060457,2.833333333472865,1.6666666668324979,-0.999999999856982,-1.4999999998312887,-0.371794871630023,1.6949522848050396,25.2,-12.083405250300473,0.08332973426737249,0.05623645214919337,0.022721279403204026,1.0301152360293224,0.7277851789508528,-0.004909281426771184,-1.0833333331884205,0.3333333335001498,-2.999999999853344,1.9166666668320431,-2.999999999853344,-1.2499999998317435,-0.9871794870190983,0.9871794870190983,25.2
lowess1dt10wnc,42/3_ST_Fits,r,0.759149171453808,0.38371804112862057,0,0,0.9999401303730595,0.9999401303730595,0.053429257371818355,0.02994028477194208,8.248999915093067e-06,12.288729195518222,8.236683371581993,0.02479873270449763,0.016203243687518607,0.003988718565407853,1.076971181700823,1.1186695151841546,0.0027477195379086773,0.0,0.0,0.0,0.0,0.0,0.0,0.0,0.0,0.0,7.991835129393512,0.03719718182524149,0.026965255772496054,0.01838297721459075,1.0778509000212162,1.1184991806175777,-0.008830845105930008,0.0,0.0,0.0,0.0,0.0,0.0,0.0,0.0,0.0
lowess2dt20wnc,42/3_ST_Fits,c,12.753823981744008,0.2677788538971343,3,0,0.49726966059631245,0.9999069506602662,0.44093291723543004,0.09009079353533651,0.0003113747661236206,101.41457096414891,-4.456883579891588,0.08722012490953597,0.056107605198155344,0.008600440545659302,1.181976563115461,0.7995671461277808,0.005403418289270096,0.6666666668079415,1.6666666668324979,3.2500000001389253,1.6666666668324979,-1.9166666665230423,1.6666666668324979,-0.5673076921422284,2.3027187521203096,24.2,-4.909245996055432,0.09036758298425125,0.059315475703797166,0.022994699194842202,1.1524786106101603,0.7993018304087791,-0.006175146354568589,-1.3333333331884205,1.9166666668320431,-3.9166666665194043,1.9166666668320431,-3.9166666665194043,1.9166666668320431,-1.1826923075312687,1.1826923075312687,24.2
lowess2dt20wnc,42/3_ST_Fits,r,0.4729793899504294,0.3540501953024681,0,0,0.9997766749231116,0.9997766749231116,0.14017866834096487,0.024141906404659172,-2.9708827581881436e-05,32.24109371842192,19.91603805912975,0.01798865619084767,0.011819710842580475,0.0046778460515015125,1.1993742350430938,1.3075209899079554,0.004395488227573852,0.0,0.0,0.0,0.0,0.0,0.0,0.0,0.0,0.0,19.565789254182334,0.03509701653152589,0.025426716819402725,0.01907210470068441,1.200331555457297,1.3073618487098397,-0.007183076416264833,0.0,0.0,0.0,0.0,0.0,0.0,0.0,0.0,0.0
offset11y,42/3_ST_Fits,c,2.8602099609019724,0.030804567204316523,186,117,2.1214608138975332e-14,1.142448093128106e-09,-1.500234289300826,0.08380951059466478,0.06440777292364673,-345.05388653919,105.74047290987231,0.03875855085833092,0.04129053362522082,0.027787776709333543,11.212753403798938,9.639730132215124,0.04685991807417433,-0.4999999998574367,-1.833333333164319,-0.4999999998574367,-1.833333333164319,-0.4999999998574367,-1.833333333164319,-1.4519230767590705,2.164847609041051,14.0,78.94207759877459,0.04990844138074899,0.0420586408478297,0.04218203535851644,0.47715524899577855,10.398302092204297,0.035281353430335644,-2.4999999998537987,-1.5833333331647736,-2.4999999998537987,-1.5833333331647736,-2.4999999998537987,-1.5833333331647736,-2.0673076921468168,2.0673076921468168,14.0
GAM_AR1,42/4_GAM_AR1,c,8.07435133252266,0.05014206424951861,88,71,9.339305402445825e-34,2.106493366812998e-28,-5.050586738904764,0.133905468803295,-0.07393842711466879,-1065.6738019089053,163.71932482371818,0.029401357579148697,0.02250072073789614,0.008858907637444837,6.63658792268336,6.888335930891045,0.009310437839800628,0.9166666668077141,1.0833333334999224,0.9166666668077141,1.0833333334999224,0.9166666668077141,1.0833333334999224,-0.06623931607493477,1.080480574359467,16.0,150.06053924358724,0.04348569426171181,0.030560202541019144,0.02325316628662773,6.605959429723753,6.801695524267187,-0.0022681268040380563,-1.0833333331886479,1.3333333334994677,-1.0833333331886479,1.3333333334994677,-1.0833333331886479,1.3333333334994677,-0.6816239314639403,0.6816239314639403,16.0
GAM_AR1,42/4_GAM_AR1,r,0.08543065539147596,0.028967676315424438,140,117,4.1815038347374315e-15,2.0567991596262847e-14,-6.014077133035526,0.11633391895403433,-0.08063273112118069,-1383.237740598171,221.74755343658757,0.01610490352680464,0.011226328070118443,0.0013117087576728994,14.041825301742136,14.861132701674567,0.0028995137216043577,0.0,0.0,0.0,0.0,0.0,0.0,0.0,0.0,0.0,182.79362954962505,0.03069053751199424,0.019944085539363148,0.015705967406855797,7.54862528057819,14.831754317117797,-0.008679050922234328,0.0,0.0,0.0,0.0,0.0,0.0,0.0,0.0,0.0
GAM_AR0,42/4_GAM_AR1,c,7.177774054605904,0.04725903503834248,108,76,1.9155500389441733e-08,9.825431206686646e-07,-0.770494651533525,0.12850866173483197,-0.0729641113059728,-162.5743714735738,179.5192526936121,0.029031295197122532,0.022807950055856514,0.002833450012555627,8.974397134747043,8.580928625459377,-0.005090428852388873,0.2500000001416538,1.7500000001659828,0.2500000001416538,1.7500000001659828,0.2500000001416538,1.7500000001659828,-0.012820512655217988,1.526475746675528,13.0,149.25340094421497,0.046144465386589235,0.03640281693591097,0.017227708661738523,7.540995851952361,8.40380677440563,-0.01666899349622756,-1.7499999998547082,2.000000000165528,-1.7499999998547082,2.000000000165528,-1.7499999998547082,2.000000000165528,-0.6282051280446083,0.6282051280446083,13.0
GAM_AR0,42/4_GAM_AR1,r,0.10257990390088244,0.019688416694617412,163,129,1.0549631436250353e-36,2.166748778828096e-33,-16.162477767333183,0.11695958972942078,-0.07983648770161161,-3717.3698864866324,235.5415563758416,0.017042659600504335,0.013152001765424932,0.003340356999451688,17.85804698229391,22.09186696777558,0.005752942765572916,0.0,0.0,0.0,0.0,0.0,0.0,0.0,0.0,0.0,146.11628324789567,0.03176723349696459,0.017638051129133164,0.017734615648634586,7.147297018259799,22.30144322365119,-0.005825621878265769,0.0,0.0,0.0,0.0,0.0,0.0,0.0,0.0,0.0
cubic_spline,42/4_GAM_AR1,c,9.366471875555296,0.07533309935299919,8,2,0.015775138060274623,0.21421471024244895,1.1426523788224452,0.07737942971931365,-0.0006841770968604727,239.95699955271348,134.79289598216076,0.04588422328745032,0.03216878762342115,0.012729142713712905,4.81945695183978,5.717204841332792,0.02587191935714636,1.5000000001407443,1.1666666668329526,1.5000000001407443,1.1666666668329526,1.5000000001407443,1.1666666668329526,-0.46153846137410537,2.154737872446708,15.0,129.76464560493855,0.05225058912748081,0.03265936707332119,0.027123401362895802,5.135515902982825,5.694341684872199,0.014293354713307676,-0.4999999998556177,1.4166666668324979,-0.4999999998556177,1.4166666668324979,-0.4999999998556177,1.4166666668324979,-1.0769230767630757,1.0769230767630757,15.0
cubic_spline,42/4_GAM_AR1,r,0.05095976228368709,0.026183989668624244,132,50,0.00504902665703876,0.00504902665703876,1.1652065103921057,0.04163525311149074,-0.001642052412581473,267.9974973901843,170.3037542194959,0.030867801127170337,0.019870033205116263,-0.005754716189564466,15.70003081512353,11.965067868534716,0.006203308842459854,0.0,0.0,0.0,0.0,0.0,0.0,0.0,0.0,0.0,189.18477682350039,0.02855781054758851,0.03100234666206727,0.008639542459618432,4.462717997686112,12.640252343627365,-0.005375255801378831,0.0,0.0,0.0,0.0,0.0,0.0,0.0,0.0,0.0
Kalman_RW,42/5_Kalman,c,6.523957651121018,0.05393872156985289,7,3,0.04857608817223438,0.49894476208946775,1.4728259696040458,0.05536440290916845,-0.023217312963992084,338.7499730089305,134.90881425848937,0.05314238971503189,0.044232703898564686,-0.036198505908915796,3.8230413775517706,3.277720162988643,-0.025453980865850823,3.6666666668054404,2.250000000165528,3.6666666668054404,2.250000000165528,3.6666666668054404,2.250000000165528,2.0608974360605035,2.4938224960197064,14.0,147.94613626323303,0.04474972005602886,0.04093900348365163,-0.021804247259732904,5.842837772987876,3.1492605122102737,-0.037032545509689506,1.6666666668090784,2.5000000001650733,1.6666666668090784,2.5000000001650733,1.6666666668090784,2.5000000001650733,1.4455128206711834,1.4455128206711834,14.0
Kalman_RW,42/5_Kalman,r,1.5837983228765316,0.026486254022479762,8,1,0.06799066306021381,0.10102353881008086,2.1402195341311008,0.028354434852080317,0.0019996154041167966,492.2504928501532,199.02457495745327,0.02582938447725225,0.017698000011729137,0.008053527815092741,13.41490638206337,13.664621828235106,0.00859473046734054,0.0,0.0,0.0,0.0,0.0,0.0,0.0,0.0,0.0,148.30595173236037,0.038458783872386264,0.027453116641194833,0.022447786464275636,8.99295309681426,13.292849168577607,-0.002983834176498146,0.0,0.0,0.0,0.0,0.0,0.0,0.0,0.0,0.0
Kalman_RW_ocn,42/5_Kalman,c,7.897367322469303,0.05108920598434169,128,13,0.011118494097487882,0.03521271935717255,0.8468053567095977,0.07849216441770603,0.03932854150822309,194.76523204320748,107.55540006813726,0.06592843356222167,0.07033115279762496,0.040574217601721536,7.967838285349265,6.4509956478681625,0.08058179681038997,-1.249999999856982,-2.9999999998299245,-1.249999999856982,-2.9999999998299245,-1.249999999856982,-2.9999999998299245,-2.330128204964659,3.598302810869521,14.0,107.32734333866347,0.06602579475748188,0.06772028317659792,0.05496847625090443,6.96723574159485,6.5847854219608655,0.06900323216655128,-3.249999999853344,-2.7499999998303792,-3.249999999853344,-2.7499999998303792,-3.249999999853344,-2.7499999998303792,-2.9455128203518806,2.9455128203518806,14.0
Kalman_RW_ocn,42/5_Kalman,r,1.7696800555706065,0.024018860629210634,198,159,5.413179853604088e-07,8.151965347342873e-07,-3.1867052833750558,0.0840860238198153,0.06725129885358017,-732.9422151762628,-489.1738715296558,0.09899116906987193,0.10944334030734935,0.09201236974650479,1.3584535936538744,0.01653103816706577,0.11989056278213912,0.0,0.0,0.0,0.0,0.0,0.0,0.0,0.0,0.0,-634.4946191890074,0.10829568698583393,0.1116271014200417,0.10640662839568768,0.012740548287064288,0.0211350021873849,0.10831199813830046,0.0,0.0,0.0,0.0,0.0,0.0,0.0,0.0,0.0
Kal_flexLin_ocn,42/5_Kalman,c,5.552495488767813,0.047851499671358246,125,36,1.2223802602767067e-06,0.001961953143734536,0.5977157908925321,0.08256757293884039,0.042946093708880445,137.4746319052824,150.7494947261713,0.04447529721657187,0.04603450650747288,0.03302054722801219,8.407804218029908,7.630459260865263,0.04918379996715551,-1.4999999998565272,-2.8333333331634094,-1.4999999998565272,-2.8333333331634094,-1.4999999998565272,-2.8333333331634094,-2.1730769229123745,2.826632347251556,13.0,128.7458119914828,0.05452039172219497,0.04892208751884513,0.047414805877195085,5.6109091688210295,7.779784023639384,0.037605235323316825,-3.4999999998528892,-2.583333333163864,-3.4999999998528892,-2.583333333163864,-3.4999999998528892,-2.583333333163864,-2.788461538300121,2.788461538300121,13.0
Kal_flexLin_ocn,42/5_Kalman,r,0.27565507660464694,0.012612788625212213,198,131,2.07241239575598e-14,1.907639115313963e-12,-2.1119317338659176,0.047764925226118776,0.03677226862456591,-485.74429878916106,121.31889150682646,0.029227724059322887,0.032066641344073075,0.024804691111286744,23.80436774767485,5.134751550599999,0.03507491162900543,0.0,0.0,0.0,0.0,0.0,0.0,0.0,0.0,0.0,-67.3144664317694,0.04221024201016963,0.037868489941927215,0.039198949760469635,0.0969970579635233,6.2285992153501315,0.023496346985166748,0.0,0.0,0.0,0.0,0.0,0.0,0.0,0.0,0.0
Kal_flexLin,42/5_Kalman,c,4.94383506815149,0.051937104875293474,11,0,0.2297597340340594,0.28532161177113197,1.5492232747813661,0.05195980818395109,0.0034293070235306687,356.3213531997142,168.73805022977564,0.031030042632729567,0.0248859825430649,0.009970688462535293,8.101796933947073,7.66840549996302,0.015201301488149521,1.4210854715202004e-10,1.3333333334994677,1.4210854715202004e-10,1.3333333334994677,1.4210854715202004e-10,1.3333333334994677,-0.2660256408612965,1.4380456971974027,14.0,153.14267362554898,0.04249540571395902,0.03136869300460941,0.02436494711171819,7.3458429863562955,7.577670009827809,0.0036227368443108366,-1.9999999998542535,1.583333333499013,-1.9999999998542535,1.583333333499013,-1.9999999998542535,1.583333333499013,-0.881410256250372,0.881410256250372,14.0
Kal_flexLin,42/5_Kalman,r,0.28719025474466414,0.014388637413469931,0,0,0.9975632652267931,0.9975632652267931,2.901670473266717,0.012522294684098939,-0.0002994997652313125,667.384208851345,260.96192837007777,0.011632566458842078,0.008186703749776564,0.0017724589124305879,20.441723606686256,22.52208892562367,0.0032717928446049814,0.0,0.0,0.0,0.0,0.0,0.0,0.0,0.0,0.0,150.37037015256226,0.02859279159515948,0.022249251174142018,0.016166717561613485,3.349508161301916,21.62595548265819,-0.008306771799233703,0.0,0.0,0.0,0.0,0.0,0.0,0.0,0.0,0.0
removeMEI_volc_cons,42/6_Remove_IV,c,38.17785762477595,0.055847051221670746,83,46,1.1761522084758008e-15,0.000823391217586018,-0.7810375334285287,0.13473061337799472,0.0017716454738967548,-92.94346647799492,-16.020958810412665,0.11527168109625123,0.10793545542400579,-0.03181127643160239,0.4948167109682198,0.002613864989398993,-0.0530992458153466,0.22916666680850994,8.250000000159957,-6.916666666518495,13.833333333488099,-6.916666666518495,2.416666666832043,2.2350885227510484,4.862093898821814,44.4,-29.931589776628954,0.11973634946367402,0.10769909261880949,-0.017417017782419494,5.48892039058179,0.0023267545265170486,-0.06467781045918528,-1.770833333187852,8.500000000159503,-8.916666666514857,14.083333333487644,-8.916666666514857,2.6666666668315884,1.6197039073622177,1.6197039073622177,44.4
removeMEI_cons,42/6_Remove_IV,c,49.98611590361106,0.05350416713171702,66,40,7.947877911968549e-54,1.7054646314227166e-10,-2.3920150721557847,0.09933717505738375,0.0013347318208005569,-263.1216579371363,-174.67228199813596,0.09551297134454158,0.07507020845373467,0.007495523399124897,0.0028748408515080147,0.23828851411368973,-0.017771927364288804,0.18333333347513872,1.6388888890548212,-7.333333333184555,5.91666666682886,-7.333333333184555,-2.6666666664968943,-0.47104700838070773,2.683115087081298,52.5,-210.22268110032462,0.1057392966430035,0.08091077440831294,0.021889782048307792,3.2043907479141165,0.20927669125882636,-0.029350492008127487,-1.8166666665212232,1.8888888890543665,-9.333333333180917,6.166666666828405,-9.333333333180917,-2.416666666497349,-1.0864316237699054,1.0864316237699054,52.5
removeGreensfx,42/6_Remove_IV,c,19.716731306029736,0.06000000000000001,9,1,0.007134841017579142,0.25563747791319974,1.2634991867881629,0.06740182176116492,-0.02496747867401808,138.9849105466979,122.23611842307264,0.06124895986974249,0.048412595240608314,-0.025304722975702416,5.90736971543841,1.1630067292554649,-0.019701143304507063,2.75000000013938,2.166666666832043,3.4166666668054404,2.166666666832043,2.0833333334733197,2.166666666832043,2.1132478634116034,2.2584257139357415,25.2,127.19043619359576,0.057884681429020465,0.04759565742921369,-0.01091046432651952,6.641503342107358,1.1053579221047831,-0.031279707948345746,0.750000000143018,2.4166666668315884,1.4166666668090784,2.4166666668315884,0.0833333334769577,2.4166666668315884,1.497863248022178,1.497863248022178,25.2
OLS_refit_CO2forc,43/0_Linear,c,2.2922521852600797,0.021891047078808422,214,181,0.0,2.6467749673944905e-59,-18.149852305959314,0.12687059413284346,-0.0659667000514981,-4065.5669165348863,-1898.5904434035092,0.1686015279285613,0.1689049122925744,-0.16643579560056376,1.1135931551332485e-12,1.1948005621662543e-06,-0.1549762155423744,9.250000000133468,9.750000000158707,9.250000000133468,9.750000000158707,9.250000000133468,9.750000000158707,11.820512820630798,13.199002811421819,11.0,-1629.389102916219,0.15424356718546278,0.16380117491786816,-0.1520415369513809,4.813330488874935e-08,8.167611293693609e-07,-0.16655478018621309,7.250000000137106,10.000000000158252,7.250000000137106,10.000000000158252,7.250000000137106,10.000000000158252,11.038461538581014,11.038461538581014,11.0
OLS_refit_CO2forc,43/0_Linear,r,2.0439323805530902,0.01347339096250692,194,170,6.509458615606202e-241,3.0768132003386774e-215,-49.18410930339824,0.11242190660850562,0.014850107736947466,-11312.345139781595,-1767.081603646266,0.08469339748760936,0.0679216396638722,0.012050226188958875,9.354635134965013,22.695193056972187,-0.05419687918782893,0.0,0.0,0.0,0.0,0.0,0.0,0.0,0.0,0.0,-3201.009733232693,0.10600499572056234,0.07825250520655941,0.026444484838141772,0.0026520043964420458,21.994229735435027,-0.06577544383166761,0.0,0.0,0.0,0.0,0.0,0.0,0.0,0.0,0.0
cons_hArrh_CO2forc,43/0_Linear,c,1.8280834060101998,0.2050066267760517,139,68,0.0,2.6467749673944905e-59,-10.58423971504804,0.1669182475873076,0.10301210594833643,-2370.869696170761,-5.171821689931286,0.12143612112709312,0.09631123722362447,0.011271306475545114,1.1000508102664481,0.8387778992498418,-0.09300941802442252,-2.5833333331891026,3.0000000001646185,-2.5833333331891026,3.0000000001646185,-2.5833333331891026,3.0000000001646185,1.8205128206398933,11.51490115969005,11.0,-8.028004785527052,0.14351241787677846,0.10778974718987382,0.025665565124728007,1.0606258800617416,0.8385598336931711,-0.10458798266826119,-4.583333333185465,3.250000000164164,-4.583333333185465,3.250000000164164,-4.583333333185465,3.250000000164164,1.0384615385901095,1.0384615385901095,11.0
FaIR_anthro,43/1_ERF_FaIR,c,2.4805694983961915,0.09733360362650366,138,0,0.11890606420927467,0.11890606420927467,-0.6812774706771845,0.17854102096318653,-0.16254436455089788,-109.00439530834952,52.73142074417497,0.1251778626882709,0.13169431540569415,-0.11578985359589238,2.90340153078366,1.0589986609567368,-0.14517575793316115,5.083333333470591,11.916666666823403,5.083333333470591,11.916666666823403,5.083333333470591,11.916666666823403,8.326923077064189,10.440587917856218,12.0,63.43821319622987,0.11966293505376606,0.13403997433795267,-0.10139559494670947,2.896445537430082,1.0515236724995822,-0.15675432257699984,3.083333333474229,12.166666666822948,3.083333333474229,12.166666666822948,3.083333333474229,12.166666666822948,7.673076923211545,7.673076923211545,12.0
FaIR_anthro,43/1_ERF_FaIR,r,0.6381737341390971,0.07285596499705707,230,113,7.040411201541374e-14,4.663439172907995e-10,-47.1957985753967,0.17695052780700118,-0.16893804080623515,-10855.033672341242,35.09330543778245,0.14323407755934628,0.1222888564262112,-0.13906766896114672,1.2175653140950198,1.8067180822036524,-0.11518838293180027,0.0,0.0,0.0,0.0,0.0,0.0,0.0,0.0,0.0,52.96104683511283,0.1265116145589128,0.1184980709050501,-0.12467341031196383,2.127570186706261,1.7745570036778584,-0.12676694757563894,0.0,0.0,0.0,0.0,0.0,0.0,0.0,0.0,0.0
FaIR_nonat,43/1_ERF_FaIR,c,3.416342292543545,0.11489043258839686,141,0,0.19024970273483946,0.19024970273483946,0.16949457009796537,0.1683452524268704,-0.15645098165341342,27.119131215674457,50.65484217618938,0.13559295506234348,0.14533827531135332,-0.12705288432595543,2.4861819826073077,1.2002314050925607,-0.1561579079922411,6.583333333469227,11.333333333490373,6.583333333469227,11.333333333490373,6.583333333469227,11.333333333490373,8.810897436037994,10.66992763665549,13.0,57.41001707177634,0.12941190093071997,0.14646887605783754,-0.11265862567677255,2.724014446910197,1.184253588959943,-0.16773647263607977,4.583333333472865,11.583333333489918,4.583333333472865,11.583333333489918,4.583333333472865,11.583333333489918,8.15705128218542,8.15705128218542,13.0
FaIR_nonat,43/1_ERF_FaIR,r,2.4647731754012017,0.11897324204086769,229,0,0.35492908167907733,0.35492908167907733,0.02199063458319595,0.17970628873027972,-0.1726356017231478,5.057845954135068,43.64068556747578,0.14978617669395483,0.13143953774126807,-0.14638809513793377,1.6537127363629494,1.6670926536316348,-0.12734414931284402,0.0,0.0,0.0,0.0,0.0,0.0,0.0,0.0,0.0,55.146235233037785,0.13392040503043207,0.1283273736474077,-0.13199383648875088,2.263301577072668,1.6474064399696478,-0.13892271395668268,0.0,0.0,0.0,0.0,0.0,0.0,0.0,0.0,0.0
FaIR_all_unB,43/1_ERF_FaIR,c,5.179266063653748,0.09298930013901552,54,4,0.03425587988609233,0.10781018520360819,-0.6523783743208909,0.14259070373615737,-0.07446339808834126,-104.38053989134254,109.23468363757716,0.04510582322214022,0.035802443883000655,0.013185411495043075,3.5618915061292133,2.9824854991282863,-0.013056013414793372,-4.416666666520769,1.5000000001659828,-4.416666666520769,1.5000000001659828,-4.416666666520769,1.5000000001659828,-0.679487179321768,2.5772260314061812,13.0,99.13205193263883,0.06496502067712098,0.05091985497879544,0.027579670144225975,3.0465938264000196,2.9555643107947813,-0.024634578058632055,-6.416666666517131,1.750000000165528,-6.416666666517131,1.750000000165528,-6.416666666517131,1.750000000165528,-1.2948717947107036,1.2948717947107036,13.0
FaIR_all_unB,43/1_ERF_FaIR,r,3.20402978899275,0.11850558073718175,229,0,0.20034843205574912,0.20034843205574912,-0.25437873088698915,0.21318212146781296,-0.20210274416159257,-58.50710810400751,-26.662491478023924,0.2283735487020934,0.20986743171505348,-0.22540594944125997,0.3560015548634772,0.9345677681059634,-0.20390586576865508,0.0,0.0,0.0,0.0,0.0,0.0,0.0,0.0,0.0,-8.5204188838981,0.2125521118893108,0.20600528442531463,-0.2110116907920771,1.1078919064125874,0.9201464236128339,-0.21548443041249374,0.0,0.0,0.0,0.0,0.0,0.0,0.0,0.0,0.0
FaIR_anthro_unB,43/1_ERF_FaIR,c,2.9372543097326576,0.09731104555449382,70,0,0.10951985668874034,0.10951985668874034,-0.3736890425903695,0.15784608910201006,-0.10094887697136361,-59.79024681445912,96.78852132024224,0.05862440621006522,0.055719331924416665,-0.006660775953451429,3.249635989137991,2.262965364418201,-0.0543643849717141,-4.2499999998542535,5.33333333349583,-4.2499999998542535,5.33333333349583,-4.2499999998542535,5.33333333349583,0.5160256411911107,3.8946633716045147,14.0,87.14503034633545,0.07795344848132654,0.07094836608359567,0.007733482695731469,3.0547230641145005,2.2362636528332303,-0.06594294961555278,-6.2499999998506155,5.583333333495375,-6.2499999998506155,5.583333333495375,-6.2499999998506155,5.583333333495375,-0.09935897419810456,0.09935897419810456,14.0
FaIR_anthro_unB,43/1_ERF_FaIR,r,0.6140692914390038,0.07293508971427154,230,110,1.4114241895755466e-13,2.0222846529815663e-09,-46.143178194296574,0.17696860985773014,-0.16895789550841495,-10612.930984688212,35.14318968466346,0.14322565338823287,0.1222747870775435,-0.13904717959300897,1.2543833171208019,1.8131951851646804,-0.11510051032456706,0.0,0.0,0.0,0.0,0.0,0.0,0.0,0.0,0.0,52.87258412027648,0.126487867403198,0.11846383781633363,-0.12465292094382606,2.1212086176716514,1.782190970398784,-0.12667907496840572,0.0,0.0,0.0,0.0,0.0,0.0,0.0,0.0,0.0
FaIR_comb_unB,43/1_ERF_FaIR,c,4.2655261607576875,0.09170518814797708,65,0,0.2579092651617377,0.2579092651617377,0.22944559404521706,0.13403498752176093,-0.07894692577454028,36.71129504723473,108.96541829909586,0.04839697499184873,0.04221476100011157,0.0032085548728472495,3.544726671112255,2.7200339038089294,-0.029935907309087694,-4.2499999998542535,4.250000000163709,-4.2499999998542535,4.250000000163709,-4.2499999998542535,4.250000000163709,-0.07051282034766561,3.098369436086801,13.0,98.37471881512619,0.06793586092634742,0.05681618871934728,0.017602813522030147,3.0385254707391316,2.6993896161741433,-0.04151447195292638,-6.2499999998506155,4.500000000163254,-6.2499999998506155,4.500000000163254,-6.2499999998506155,4.500000000163254,-0.685897435736741,0.685897435736741,13.0
FaIR_comb_unB,43/1_ERF_FaIR,r,2.7110822656738383,0.11840546753695086,230,0,0.29176036441215475,0.29176036441215475,-0.041812468569266785,0.188369087399805,-0.18244451258839806,-9.61686777093136,23.953117876105786,0.1757873699916897,0.15747942596022751,-0.17268087867338217,1.116143498992504,1.386924745050159,-0.15280122928249606,0.0,0.0,0.0,0.0,0.0,0.0,0.0,0.0,0.0,37.22894266121856,0.15992683060108187,0.15402570573625166,-0.1582866200241993,1.89394163902781,1.3670718334735166,-0.16437979392633476,0.0,0.0,0.0,0.0,0.0,0.0,0.0,0.0,0.0
FaIR_nonat_unB,43/1_ERF_FaIR,c,3.8896341845035147,0.0920330342641588,69,0,0.23554725100503934,0.23554725100503934,0.2798386004852173,0.13398386808348764,-0.08115764159146639,44.77417607763477,107.89020926381022,0.05140526070566751,0.047146763341919445,-0.0017953864608100311,3.563002456385022,2.571736816871491,-0.038403465974363324,-4.166666666520769,4.916666666829769,-4.166666666520769,4.916666666829769,-4.166666666520769,4.916666666829769,0.15384615401115717,3.332371656172225,13.0,97.44287102381213,0.07041822774111021,0.061126337256438866,0.012598872188372865,3.166193298419933,2.5456503530084156,-0.049982030618202014,-6.166666666517131,5.166666666829315,-6.166666666517131,5.166666666829315,-6.166666666517131,5.166666666829315,-0.4615384613779182,0.4615384613779182,13.0
FaIR_nonat_unB,43/1_ERF_FaIR,r,2.504962736149581,0.11898052176672261,229,0,0.3540674459999038,0.3540674459999038,0.022037066460972577,0.179522821676705,-0.17249306372139422,5.068525286023693,43.61873219223398,0.14973131442853188,0.13139735918579123,-0.14634310939351372,1.6703013914013198,1.6723275172901981,-0.1273254424998703,0.0,0.0,0.0,0.0,0.0,0.0,0.0,0.0,0.0,55.271631385968476,0.13386987673461476,0.12828862285875056,-0.13194885074433083,2.313160422057157,1.653617417780652,-0.13890400714370899,0.0,0.0,0.0,0.0,0.0,0.0,0.0,0.0,0.0
FaIR_all,43/1_ERF_FaIR,c,4.520637448166685,0.005604994122397663,160,160,1.9401446176624182e-106,9.748213055679792e-77,-14975.725775312141,0.20033747490136236,-0.1813391061516656,-2396116.1240499425,-1257107.3604267184,0.20129762914989316,0.21287343483014345,-0.1959635296932634,0.0,0.0,-0.22731036410307298,11.666666666798164,17.000000000151886,11.666666666798164,17.000000000151886,11.666666666798164,17.000000000151886,13.557692307808757,15.025921335098312,11.0,-1073867.744299174,0.1921506036469971,0.21227380033803062,-0.18156927104408052,0.0,0.0,-0.23888892874691164,9.666666666801802,17.25000000015143,9.666666666801802,17.25000000015143,9.666666666801802,17.25000000015143,12.775641025758974,12.775641025758974,11.0
FaIR_all,43/1_ERF_FaIR,r,3.21600028117561,0.1185834568918391,229,0,0.20427683268429322,0.20427683268429322,-0.2583312374377188,0.21310749782953414,-0.20200984964982224,-59.41618461067532,-26.79404876962292,0.2283568502188828,0.20985252742391733,-0.2253865803202152,0.3555812063767193,0.930960057860912,-0.20385109448073546,0.0,0.0,0.0,0.0,0.0,0.0,0.0,0.0,0.0,-8.631285741775542,0.2125320998826781,0.2059865420176641,-0.2109923216710323,1.1282136654098764,0.9163151925117508,-0.21542965912457418,0.0,0.0,0.0,0.0,0.0,0.0,0.0,0.0,0.0
EBMKF_ta4,43/2_Kalman,c,4.193019070467852,0.07874474679519007,0,0,0.9959473672481512,0.9959473672481512,1.5024348386728068,0.04825043149652492,-0.01927617829645531,345.56001289474557,149.5299838678901,0.03077327045724829,0.022617791744195835,0.004877186839448475,5.4109295856102575,5.5980922488091025,0.00837590879034319,1.5000000001407443,1.4166666668329526,1.5000000001407443,1.4166666668329526,1.5000000001407443,1.4166666668329526,0.07371794888180935,1.415582164071489,14.0,142.50718956381868,0.040517302926794715,0.02695239689712111,0.019271445488631373,5.911759433358839,5.5493374677710845,-0.003202655853495495,-0.4999999998556177,1.6666666668324979,-0.4999999998556177,1.6666666668324979,-0.4999999998556177,1.6666666668324979,-0.5416666665071611,0.5416666665071611,14.0
EBMKF_ta4,43/2_Kalman,r,2.107714356089951,0.10236433936919784,4,2,0.08065922153199806,0.7278927249651814,1.8375843315057285,0.03658336626486045,-0.007914019519582089,422.64439624631757,181.94576913532688,0.026588497562893058,0.024244914515431076,0.009952377350119142,7.213586132093529,9.11816785558251,0.020308989706026737,0.0,0.0,0.0,0.0,0.0,0.0,0.0,0.0,0.0,168.6291966894264,0.03479534758103893,0.024904332983899626,0.024346635999302042,9.298564808497659,9.025067802544402,0.008730425062188052,0.0,0.0,0.0,0.0,0.0,0.0,0.0,0.0,0.0
EBMKF_ta2,43/2_Kalman,c,1.9014676505965984,0.03711078391653748,130,105,8.723379670216634e-10,1.6116143543641132e-09,-1.968722348491909,0.09562526552230502,0.06129646346441158,-452.80614015313904,-676.174807598697,0.1434272467307894,0.16153573410916916,0.13095059361314734,0.2937937167370045,5.2436682145774095e-05,0.18634426695586237,-4.999999999853344,-8.916666666490983,-4.999999999853344,-8.916666666490983,-4.999999999853344,-8.916666666490983,-7.019230769066011,8.002703869832187,13.0,-761.8557804546566,0.14980077834512165,0.16137084426608425,0.14534485226233027,0.008974805389158394,6.742536056221714e-05,0.1747657023120237,-6.999999999849706,-8.666666666491437,-6.999999999849706,-8.666666666491437,-6.999999999849706,-8.666666666491437,-7.634615384451973,7.634615384451973,13.0
EBMKF_ta2,43/2_Kalman,r,0.7143461300204661,0.030788744486420643,179,122,9.225206509778027e-36,7.934980976079985e-35,-13.979325789642086,0.12568576472813572,0.07837751068612707,-3215.24493161768,-3380.6455195859685,0.19564478902206708,0.22033529195616083,0.18221364733302045,4.744628999348223e-07,5.593408948525679e-23,0.2503121163631662,0.0,0.0,0.0,0.0,0.0,0.0,0.0,0.0,0.0,-3642.3547719710896,0.20242558676047262,0.2205904289436375,0.19660790598220335,3.6090268413253062e-12,1.2174773073007623e-22,0.23873355171932756,0.0,0.0,0.0,0.0,0.0,0.0,0.0,0.0,0.0
EBMKF_ta,43/2_Kalman,c,0.4727229224069453,0.0369504187163654,184,134,0.00011535097829298683,0.00011535097829298683,-0.8608634582405407,0.08280401980276433,0.05861836377065613,-197.99859539532434,-215.47934832687878,0.09971553762723974,0.10816185751968692,0.09134902853953318,1.4595756993618354,0.022224178529704024,0.12247217000646496,-4.416666666520769,-5.999999999827196,-4.416666666520769,-5.999999999827196,-4.416666666520769,-5.999999999827196,-5.416666666501722,6.067506633715604,13.0,-299.2984066062958,0.10847076768970786,0.1092340345560146,0.10574328718871608,0.06549512109763954,0.026616279322865855,0.1108936053626263,-6.416666666517131,-5.749999999827651,-6.416666666517131,-5.749999999827651,-6.416666666517131,-5.749999999827651,-6.032051281888453,6.032051281888453,13.0
EBMKF_ta,43/2_Kalman,r,1.886819686045024,0.030826461902516623,162,120,2.5856409465293076e-15,3.9698773359642883e-14,-4.022137952157296,0.08068992815684607,0.05061336417014045,-925.0917289961781,-1067.431274689411,0.11819076144272103,0.13275406136327064,0.10656571740140454,0.15470493846188238,3.1348306427688286e-07,0.15408596027990606,0.0,0.0,0.0,0.0,0.0,0.0,0.0,0.0,0.0,-1215.2400983510554,0.12451806631903321,0.1324643592494109,0.12095997605058743,0.0003931348989670502,4.894789297261808e-07,0.1425073956360674,0.0,0.0,0.0,0.0,0.0,0.0,0.0,0.0,0.0
GWI_anthro_AR6,43/3_Human_Induced,c,2.2349088692710715,0.07007562903996095,69,0,0.3911564461655287,0.3911564461655287,1.0840930469413594,0.1169654166103627,0.06850492817429708,151.77302657179033,140.32605772681313,0.04617261969127482,0.0525099835043494,0.03272610574548907,7.283561818582814,5.845594055853496,0.06303650381441557,-0.8333333331904669,-2.9999999998299245,-0.8333333331904669,-2.9999999998299245,-0.8333333331904669,-2.9999999998299245,-2.1282051280410577,2.8832332869898134,13.0,145.0955648260868,0.0490290838871677,0.05180069869931967,0.04712036439467197,5.344101323972903,5.991982352705757,0.05145793917057688,-2.833333333186829,-2.7499999998303792,-2.833333333186829,-2.7499999998303792,-2.833333333186829,-2.7499999998303792,-2.743589743428629,2.743589743428629,13.0
GWI_tot_AR6,43/3_Human_Induced,c,1.6090788467653068,0.04550854252059603,83,35,6.825551617287757e-07,0.0008481189923780094,0.12744261455162342,0.08088534621223933,0.05954675952355973,17.84196603722728,141.3293446496172,0.0453318292423741,0.0519118877026542,0.03555072053339209,7.689201257447495,6.277504588633114,0.06185122565649424,-0.999999999856982,-2.9999999998299245,-0.999999999856982,-2.9999999998299245,-0.999999999856982,-2.9999999998299245,-2.288461538297165,2.8862886883148997,13.0,147.03563816590227,0.050937279313968666,0.05200773909526234,0.04994497918257499,6.369688802992272,6.400928131761769,0.05027266101265555,-2.999999999853344,-2.7499999998303792,-2.999999999853344,-2.7499999998303792,-2.999999999853344,-2.7499999998303792,-2.903846153684841,2.903846153684841,13.0
GWI_anthro_SR15,43/3_Human_Induced,c,2.5820357073522637,0.07565304942562336,0,0,0.6991827538483841,0.6991827538483841,1.1780553907703202,0.1022292713847499,0.053703158335156084,164.92775470784483,139.24654693893612,0.047785665947212015,0.05187936576068652,0.03540827596240056,6.782653806210951,5.026569522718201,0.055857485156015366,-1.6666666665230423,-3.749999999829015,-1.6666666665230423,-3.749999999829015,-1.6666666665230423,-3.749999999829015,-2.5705128203478407,2.9952776220673085,13.0,133.9067590736621,0.05498890444089842,0.055378926344205895,0.049802534611583446,4.110501419178582,5.190191145372449,0.04427892051217668,-3.6666666665194043,-3.4999999998294697,-3.6666666665194043,-3.4999999998294697,-3.6666666665194043,-3.4999999998294697,-3.1858974357355168,3.1858974357355168,13.0
GWI_tot_SR15,43/3_Human_Induced,c,2.1194350315440658,0.05306424524621056,60,5,0.03842993000938415,0.09103224637887185,1.1346506695179213,0.06671410185764515,0.04819098458418958,158.85109373250899,137.53296356206,0.047782329742566916,0.05217018290699788,0.038298314374847896,6.387640651013225,5.133000360168534,0.055265794105364564,-1.8333333331895574,-3.666666666495985,-1.8333333331895574,-3.666666666495985,-1.8333333331895574,-3.666666666495985,-2.717948717783586,3.0543509667502766,13.0,129.67138782656178,0.057062087259473745,0.05636229987277723,0.0526925730240308,4.412383408033889,5.348262978431599,0.043687229461525874,-3.8333333331859194,-3.4166666664964396,-3.8333333331859194,-3.4166666664964396,-3.8333333331859194,-3.4166666664964396,-3.3333333331712973,3.3333333331712973,13.0
GWI_anthro,43/3_Human_Induced,c,2.6836724318562624,0.07624366493643357,0,0,0.7217375978889313,0.7217375978889313,1.1770613310987383,0.10467827905286038,0.05476996133061782,164.78858635382338,141.4850951095665,0.04725013621839169,0.05004920298340864,0.03536668170833018,6.933538921664782,5.385244345509517,0.053456627541123604,-1.416666666523497,-3.5833333331625,-1.416666666523497,-3.5833333331625,-1.416666666523497,-3.5833333331625,-2.5769230767579687,2.9149262204854085,13.0,134.09892482775928,0.05529303089129425,0.05403593568012449,0.049760940357513085,4.142828177277629,5.528787715554785,0.04187806289728492,-3.416666666519859,-3.3333333331629547,-3.416666666519859,-3.3333333331629547,-3.416666666519859,-3.3333333331629547,-3.192307692145715,3.192307692145715,13.0
GWI_tot,43/3_Human_Induced,c,2.7197682916896015,0.05480267440650478,33,2,0.04512147460083969,0.14151063498317207,1.1083874782803584,0.07082892984961676,0.04946587723925263,155.17424695925018,139.6019786461894,0.047663146821561427,0.05058190000396468,0.03827751774161569,6.5133649202009325,5.59739509764252,0.053098363766361435,-1.5833333331900121,-3.5833333331625,-1.5833333331900121,-3.5833333331625,-1.5833333331900121,-3.5833333331625,-2.7564102562450197,3.01934645088643,13.0,129.64312203165542,0.05778488013518439,0.055294752950475964,0.052671776390798584,4.517114205755094,5.775459712570899,0.04151979912252275,-3.583333333186374,-3.3333333331629547,-3.583333333186374,-3.3333333331629547,-3.583333333186374,-3.3333333331629547,-3.371794871632836,3.371794871632836,13.0
GWI_anthro_CGWL,43/3_Human_Induced,c,2.933999874735273,0.08014508693072245,0,0,0.6801885349475079,0.6801885349475079,1.1738046511768054,0.10531941838467831,0.05397290315174111,164.33265116475278,143.67414875072672,0.04549447337716117,0.04855007946348184,0.03565291189217424,6.461122600134294,5.604260526398865,0.049999028562938724,-1.5833333331900121,-3.416666666495985,-1.5833333331900121,-3.416666666495985,-1.5833333331900121,-3.416666666495985,-2.519230769065521,2.7996680204532156,13.0,133.22900772604862,0.0557719265728631,0.053986953137025714,0.05004717054135714,3.668324523806002,5.741149754501461,0.03842046391910004,-3.583333333186374,-3.1666666664964396,-3.583333333186374,-3.1666666664964396,-3.583333333186374,-3.1666666664964396,-3.134615384453407,3.134615384453407,13.0
GWI_tot_CGWL,43/3_Human_Induced,c,2.6999948424998252,0.05935247769229079,20,4,0.09072151310572281,0.1567110635420592,1.090034501378934,0.07540656562098025,0.05047832681284089,152.60483019305076,142.7737024251831,0.04571950423047781,0.04892012120207077,0.03868333409621285,6.23321730377544,5.849878339114108,0.04933868425939908,-1.7499999998565272,-3.3333333331629547,-1.7499999998565272,-3.3333333331629547,-1.7499999998565272,-3.3333333331629547,-2.7243589741936094,2.925809844626349,13.0,128.55483751203258,0.05822737124669321,0.05506336505168307,0.05307759274539575,3.708706408169477,5.975666577175957,0.037760119615560396,-3.7499999998528892,-3.0833333331634094,-3.7499999998528892,-3.0833333331634094,-3.7499999998528892,-3.0833333331634094,-3.3397435895814604,3.3397435895814604,13.0
CGWL10y_pUKCP,44/44_EarthModel_CGWL,c,1.5208032725430438,0.1372373436132203,10,0,0.229,0.24426666666666666,0.7651283076133135,0.09763514188922548,-0.003673458570943945,175.21438244344878,43.12148889358757,0.13440449041757924,0.15847149647533723,0.08013110638409401,2.007891984691002,1.3692904315945773,0.18443793071922338,0.2500000001416538,-4.24999999982856,0.2500000001416538,-4.24999999982856,0.2500000001416538,-4.24999999982856,-2.852564102402469,5.7027977088581565,13.0,44.353141527188896,0.12937999535150443,0.15161842567065054,0.09473521796886532,2.0028398750733927,1.3729322188779136,0.17266691056355796,-1.7499999998547082,-3.999999999829015,-1.7499999998547082,-3.999999999829015,-1.7499999998547082,-3.999999999829015,-3.467948717788921,3.467948717788921,13.0
CGWL10y_sUKCP,44/44_EarthModel_CGWL,c,3.6024900908512434,0.05493332940915769,4,1,0.058830737284833456,0.5054927610331349,1.2900390313553272,0.05683220407812769,0.005377913973711035,283.808586898172,129.51792576598802,0.0563456850230058,0.0620884818806496,0.04674925550208398,5.411660369631457,4.145506880932493,0.07180493777915209,-1.249999999856982,-3.4999999998294697,-1.249999999856982,-3.4999999998294697,-1.249999999856982,-3.4999999998294697,-2.4166666665024215,3.140325667543201,14.0,113.27573940828916,0.06640715905487131,0.06264651103519843,0.061353367086855286,4.334934785521089,4.211138744817171,0.060033917623486664,-3.249999999853344,-3.2499999998299245,-3.249999999853344,-3.2499999998299245,-3.249999999853344,-3.2499999998299245,-3.0320512818897125,3.0320512818897125,14.0
CGWL10y_sfUKCP,44/44_EarthModel_CGWL,c,6.4976089371666275,0.052944584876637564,1,0,0.4047138041372218,0.698989937169936,1.420878822411437,0.05274417630803803,0.004395144596014066,312.59334093051615,134.36821428532454,0.05249398124684239,0.056743042242892186,0.04242069846594425,7.933942426266947,6.024024318573313,0.06305316944689078,-1.416666666523497,-3.0833333331629547,-1.416666666523497,-3.0833333331629547,-1.416666666523497,-3.0833333331629547,-2.3814102562458768,3.0843943079582323,18.0,117.41508454975616,0.06308757897195763,0.05854640598742684,0.05702481005071554,3.7643420963859113,6.064357283979888,0.051282149291225355,-3.416666666519859,-2.8333333331634094,-3.416666666519859,-2.8333333331634094,-3.416666666519859,-2.8333333331634094,-2.9967948716333432,2.9967948716333432,18.0
